Tumor_Type,Binary_Label,Detailed_Label,Intensity_Mean,Intensity_Std,Contrast,Homogeneity,Energy,Correlation,Dissimilarity
Glioma,0,0,26.9248046875,36.324706962332854,340.6789522173236,0.5695103401153913,0.3222464014295656,0.8716259832376195,6.946624190124133
Glioma,0,0,30.797119140625,40.38851966831075,487.71471853887874,0.5264334352266734,0.27120074555711887,0.8512816633721833,8.023196038580469
Glioma,0,0,46.2003173828125,46.8761774320545,369.7492235453794,0.36942297307489347,0.1362391247723249,0.9160153652453552,9.478070120203975
Glioma,0,0,46.66387939453125,43.416156503048185,483.73878827061117,0.3513654487112505,0.1153743364928045,0.8717036486394802,10.610636678305813
Glioma,0,0,45.1458740234375,40.83525022819101,484.9708561878624,0.3577602399742803,0.11972921715455084,0.8545190524640024,10.30188259985998
Glioma,0,0,37.608642578125,38.354593814979886,230.17802027794318,0.4077202710934352,0.15923358487073824,0.9219135064029782,7.379817361197927
Glioma,0,0,49.1500244140625,47.10448204792523,380.21744642322756,0.37613144144259303,0.13494751607595604,0.9143899171916069,9.410866224077232
Glioma,0,0,49.7103271484375,46.169862485649176,511.28281332351094,0.34665845017203956,0.104635335643365,0.8801090672784665,10.772397302608404
Glioma,0,0,51.1529541015625,46.1601010111039,540.3522569741166,0.34351124187699117,0.10385043317864281,0.8731353564842013,10.924518845132708
Glioma,0,0,42.19342041015625,36.533368511738225,414.54819710424795,0.369053577464737,0.11516452202916418,0.8444824591986523,9.274992104672444
Glioma,0,0,52.94610595703125,44.51742892122535,238.22066534369517,0.3059516569847711,0.0915433115207273,0.9397106129018635,8.567862889632599
Glioma,0,0,53.6866455078125,40.79849315032635,246.1953613008967,0.3206774786692105,0.0966015184334143,0.9255992901507861,8.340729794741303
Glioma,0,0,34.47576904296875,42.9049386836371,418.41500872852123,0.501813167564165,0.27712076331899016,0.8868474482704523,8.588379723635684
Glioma,0,0,57.6669921875,40.25344747386475,325.8102590346104,0.2703534239855727,0.054882605863488636,0.8984967442306416,9.929867203485152
Glioma,0,0,68.98577880859375,42.161224229372586,399.22854892588447,0.26130968252420245,0.05567129706112556,0.885861854848341,10.814183690868292
Glioma,0,0,59.6171875,36.196000492598024,465.69935134796344,0.26060472019760084,0.047846341833632816,0.8193456206812597,11.222466495715175
Glioma,0,0,59.920654296875,36.33447428603045,583.9422741306964,0.22488419868886644,0.04234631614204263,0.7752185279034765,12.7372280955511
Glioma,0,0,51.39080810546875,31.62736282214016,299.9718163420897,0.3053360629076004,0.06551287757772041,0.8475921107258033,8.779382488452878
Glioma,0,0,60.81396484375,40.57665765905337,411.5577526311689,0.26718173045673205,0.04878284878382157,0.8735478961969916,10.339557483803333
Glioma,0,0,38.06988525390625,40.49777628608382,352.19964306339597,0.42653787370843294,0.180018780997807,0.8929305981115743,8.708165174143803
Glioma,0,0,35.05029296875,40.14042775486899,291.6844417712722,0.45732784240916385,0.2102613031380947,0.9098502028131784,7.928137133619018
Glioma,0,0,36.86688232421875,42.3608869484965,480.4518116146387,0.4717891519135393,0.22838479113210786,0.8667255598171071,9.404870497242323
Glioma,0,0,35.96221923828125,41.952788649219436,466.4910047750533,0.4761710434925663,0.22693796455072365,0.8681024362876328,9.356154989655042
Glioma,0,0,34.21746826171875,42.52822488824321,434.5917730195481,0.5144797630313963,0.28524501479811504,0.8803772152331779,8.496039257704679
Glioma,0,0,46.12542724609375,49.987519955552095,363.7351516969302,0.4173748595008529,0.1571712945518929,0.9274395409297972,9.14217088590563
Glioma,0,0,43.137939453125,45.3508567834007,424.4840796518199,0.40042511592844915,0.13934004604808048,0.8970749258322004,9.68931507785015
Glioma,0,0,37.02838134765625,37.91175780094744,366.0701595583308,0.41868528126231586,0.15495910252646805,0.872952162243744,8.646734797376665
Glioma,0,0,43.04949951171875,42.4384656611126,517.1494399161332,0.39376719369629753,0.14239399699972766,0.8566839026480935,10.32215458181029
Glioma,0,0,43.193603515625,41.57690649171635,560.6323301827016,0.37799985093515476,0.13458792096535657,0.8380334211012178,10.742397598077662
Glioma,0,0,39.37847900390625,38.7371324809003,568.1301767682344,0.3801180602174016,0.1425790240229747,0.8110118083367356,10.81062062124236
Glioma,0,0,52.839599609375,50.08777602240828,424.7296764320701,0.32613494815410204,0.09729585755019271,0.9153641941675337,10.361439289286048
Glioma,0,0,45.36053466796875,43.08086744996523,376.70359290723485,0.3348079694196049,0.08144412500874929,0.8985764884486998,9.556183495180477
Glioma,0,0,42.12567138671875,46.15117466556137,495.05111353199806,0.4094086711051119,0.16629060895953754,0.8841599360855782,10.091389635905802
Glioma,0,0,40.421142578125,42.29324429447719,422.86115810909206,0.3777908183680356,0.16918708620677414,0.8820429133302694,9.446227365112021
Glioma,0,0,33.4248046875,41.277758592903766,394.4892538769979,0.5382449062239616,0.28585572520269853,0.8847239795071651,7.687288327702497
Glioma,0,0,39.46331787109375,40.241502671171695,395.8306481144696,0.37900784203018434,0.164513960414757,0.8779659464709859,9.142595683629823
Glioma,0,0,33.70343017578125,34.35917246347064,320.60808195838445,0.39667897745816644,0.17115260421829975,0.8644540483115811,8.112112692976101
Glioma,0,0,44.063720703125,44.61345036358282,530.7806547020085,0.3607079615801609,0.16712041650976683,0.8668635562027063,10.70519401195179
Glioma,0,0,46.15911865234375,46.65126303623054,602.3519678016843,0.36649024212795006,0.16929796369504022,0.8618184569132854,11.348829287503692
Glioma,0,0,47.17694091796875,47.84876334177645,576.028255830043,0.3683613784560752,0.16543008870676543,0.8743880732949235,10.885471724070088
Glioma,0,0,41.89361572265625,43.73083813921465,440.0752878889208,0.39386560084252215,0.16698608172770626,0.8851751718226706,9.354186243529774
Glioma,0,0,42.0889892578125,45.82801329527259,414.0803756530068,0.4023986895968985,0.17575131269352556,0.901708606245087,9.009628667696134
Glioma,0,0,41.7364501953125,45.34290601058587,449.04207325999994,0.4408528849424887,0.1850064483411925,0.8911226303379949,9.387477403862414
Glioma,0,0,42.802490234375,45.29337881740741,485.6383375345604,0.44064177951201194,0.1847163849324036,0.88194140569107,9.520362681351592
Glioma,0,0,37.73541259765625,42.98234445007031,377.0688762042177,0.44089482864613416,0.1788438513413732,0.8983193198924542,8.515062034031509
Glioma,0,0,29.11224365234375,40.33897854354678,449.5301412634648,0.5781696617534136,0.3126996008917813,0.8626975885211343,7.299933107679504
Glioma,0,0,39.9462890625,43.81342412651493,389.7962202448425,0.4280055006345767,0.17398237241268855,0.8987868282402365,8.765293081368501
Glioma,0,0,33.50665283203125,40.779392075465196,344.15521186125034,0.4740961741845772,0.18949936878950863,0.8969912634684668,7.552074897119384
Glioma,0,0,43.0155029296875,39.30747873699318,395.21181894321643,0.30499453685029765,0.07457348177535743,0.8720041401779234,9.689803571014359
Glioma,0,0,38.63421630859375,33.96162749681628,475.88362600948295,0.3452151273915938,0.10091023352920721,0.7934882819899371,9.844792619273463
Glioma,0,0,41.8729248046875,36.23164391578236,524.5382888305352,0.33228044984975535,0.08938068332737804,0.7999454909847288,10.448512408744412
Glioma,0,0,38.9027099609375,34.50283485125968,427.07445875833344,0.3629684706944194,0.11569295940943601,0.8204783370503724,9.298535440821569
Glioma,0,0,46.70648193359375,41.86239423107539,244.4041260113989,0.35053358048128774,0.10118819659426986,0.9302131111609191,7.473299501287022
Glioma,0,0,47.83447265625,40.51784326885389,350.0495688569841,0.31303687460435514,0.07457374485429473,0.8931829830586344,8.801583860980923
Glioma,0,0,47.158447265625,38.332684412504996,410.4301951260533,0.3179803872864399,0.07048506534675861,0.8599001011810868,9.057089762617668
Glioma,0,0,33.3291015625,27.70066776985593,295.4969771306935,0.35529677905196466,0.08452115233691429,0.807010240588198,7.52346547271262
Glioma,0,0,28.44805908203125,39.749295055566435,515.7030942421882,0.5795471643630512,0.3001265571252747,0.8377911097341956,7.5034298662355425
Glioma,0,0,44.036865234375,35.18637054605795,567.7999170022291,0.27538541046589615,0.05391597358790483,0.7698914719979284,10.485272911952874
Glioma,0,0,44.27471923828125,34.972785604715554,594.272533654492,0.27819967628318665,0.05472313326582371,0.7561645210019711,10.671642257347782
Glioma,0,0,43.4677734375,34.34638100595872,609.0716297604924,0.2825502157799641,0.059478072929671034,0.7408138807084788,10.583367401110484
Glioma,0,0,39.68206787109375,32.533920560432044,498.66386003088365,0.31740953786861337,0.0671966187534624,0.763769866064783,9.182331708413994
Glioma,0,0,43.84173583984375,37.11482247930675,536.8089971141374,0.3204987372702288,0.0670709125540285,0.8047638870503206,9.679422667439823
Glioma,0,0,38.77777099609375,47.48745970887318,272.42779201578793,0.47751047224148513,0.20396807435092745,0.9398872004702934,7.735010137990173
Glioma,0,0,44.05615234375,50.92972425543461,395.0132809836724,0.4146901126580929,0.17288659671173165,0.9241824867877351,9.56543640821819
Glioma,0,0,45.9227294921875,50.44086895280388,429.3399419573079,0.3889336301679543,0.14955590592401624,0.9159279285918537,9.940562830346005
Glioma,0,0,54.5693359375,47.96927628119725,592.7504178954541,0.32134578711106365,0.10119717537004165,0.8710375915198961,12.264725877109598
Glioma,0,0,43.11334228515625,35.30575029119268,401.8846027536196,0.3331315196442895,0.09813603980900844,0.8382242959807854,9.89687078592987
Glioma,0,0,31.3466796875,40.99294079509559,427.6998590950873,0.4943709102118771,0.27495200336324305,0.8733955284422312,8.229133083267056
Glioma,0,0,48.71533203125,40.31175985617913,564.3382025631942,0.2949092754267073,0.0850285543995729,0.8258114391297142,11.980605949494455
Glioma,0,0,37.89471435546875,32.150372418859114,357.8265601023702,0.3358640100682608,0.09726651584588016,0.8265046293454382,9.44337390627972
Glioma,0,0,39.63531494140625,45.260302645151356,333.8185854575389,0.4539377724896104,0.20022704622312482,0.9187847489174309,8.29791883021385
Glioma,0,0,46.40362548828125,39.41684425937157,496.3217485537102,0.3203623493737465,0.09671668894195505,0.8399087397932623,11.080571704113305
Glioma,0,0,40.6114501953125,37.80177444406003,439.05074940233413,0.3104629675331977,0.09319005685969758,0.8464125136628717,10.655487228944397
Glioma,0,0,48.664306640625,43.99711300240729,595.8480386649128,0.28333937504107953,0.07341083472633597,0.8460065455839564,12.507727007643124
Glioma,0,0,36.1676025390625,33.9564394553176,442.30534952090494,0.2793332491639572,0.06914623389886915,0.8082685744821992,10.935647867390676
Glioma,0,0,41.93035888671875,37.80468147755311,483.0003801140998,0.29319997790157853,0.0786481498826042,0.8309071422220622,11.294230428305823
Glioma,0,0,42.55609130859375,38.941953412753165,523.0341269511324,0.2827153192668297,0.06803151250623335,0.8275159184442761,11.52277632680401
Glioma,0,0,48.569580078125,44.855847316660295,597.2080173184581,0.26177098906677415,0.050801265278172664,0.851533388243629,11.980678363701927
Glioma,0,0,29.38134765625,39.00622770213764,442.4363229664533,0.5067579954594347,0.27472027870100774,0.8553792056442115,8.080763395902677
Glioma,0,0,34.8101806640625,33.202970277089165,351.657782928884,0.31980445293762416,0.07859480198474177,0.8405529961990408,9.240609524188603
Glioma,0,0,43.548095703125,42.327567033128254,581.0729501694252,0.27365705322936557,0.05674079786998515,0.8379561812964186,11.687958219667971
Glioma,0,0,45.51531982421875,44.010731276035656,543.5938371877512,0.28911015605866697,0.06330504413414628,0.8597830547776348,11.176219368065086
Glioma,0,0,42.60150146484375,42.638941087484916,472.3788379530549,0.2984224767233308,0.06353397326990386,0.8702794337178967,10.376261315023825
Glioma,0,0,46.46636962890625,45.69202287007085,497.92010569575365,0.29526244568550625,0.06276863678552319,0.8808781893729715,10.654928985640645
Glioma,0,0,44.326171875,44.63042611436896,453.30330339573266,0.29503343387734726,0.062107162507271454,0.8864016728550461,10.16167040927946
Glioma,0,0,41.0960693359375,38.35381577816205,488.910599817352,0.2858532017470644,0.06833347245629286,0.833777526874458,11.076367320704643
Glioma,0,0,41.96343994140625,39.69377495648038,477.4012885370091,0.29357716877226914,0.06650911627971665,0.8485468047147448,10.663954726348134
Glioma,0,0,44.050537109375,42.94893872498061,487.32377251870156,0.314174319436421,0.07731623561316568,0.8680438830513157,10.515613980447872
Glioma,0,0,48.49810791015625,47.939475964960195,533.33667350937,0.3082608109150685,0.07142895602690942,0.8841273140574979,11.035563125815425
Glioma,0,0,28.7486572265625,38.607181502008025,465.6560482574709,0.5012294518534431,0.27506263753559645,0.8446492763808182,8.495276607741658
Glioma,0,0,49.75933837890625,50.20786994628159,417.70854686247293,0.38113209402488724,0.1420661407260666,0.9173376886108907,9.85208829011551
Glioma,0,0,50.0660400390625,49.11129797621473,491.1177807395468,0.37134541076905997,0.12386035300597709,0.8983481425573769,10.51002864115261
Glioma,0,0,46.4708251953125,43.968923556013074,443.663313654806,0.40098278585925695,0.14796251520968615,0.885351298317964,9.597852422268321
Glioma,0,0,43.10784912109375,44.73355801638587,426.2370869000162,0.4098403905486387,0.1550015583674636,0.893667020793615,9.40750029547033
Glioma,0,0,39.63531494140625,45.260302645151356,333.8185854575389,0.4539377724896104,0.20022704622312482,0.9187847489174309,8.29791883021385
Glioma,0,0,32.62091064453125,42.923293054828946,271.65239739468234,0.5151035461697125,0.2594259461421907,0.9266911972872315,7.128083900700073
Glioma,0,0,45.1849365234375,43.4193628124249,382.52972130949155,0.3495582897338209,0.10234398973376221,0.8986450622014837,9.468024646987775
Glioma,0,0,44.19580078125,41.084464456425,381.0354867155489,0.34760859494040525,0.09616205160973876,0.8871560486855726,9.432071477425074
Glioma,0,0,47.7921142578125,41.9839911631439,457.4624356749281,0.32298202098607093,0.08870598365118887,0.870054013474782,10.592374614437887
Glioma,0,0,47.1846923828125,41.73688095075108,528.2577859804843,0.30840791911698556,0.07734684539194679,0.8481741540047598,11.319944495359037
Glioma,0,0,30.83746337890625,41.34576815405837,530.7833994184398,0.5084528762514732,0.2797834616744455,0.8455998658179236,9.13909364537595
Glioma,0,0,46.47772216796875,41.019920808215396,549.3611268668564,0.29730940518136806,0.07463026713192905,0.8365852015651365,11.60530200357413
Glioma,0,0,44.16802978515625,39.14232345210976,561.7686821389942,0.2785081249110328,0.06712689700241423,0.8164470012857339,11.668615634107532
Glioma,0,0,40.314453125,36.12641914510491,473.3432106474076,0.31892314322384463,0.07895723606008376,0.8185274346177233,10.045965584119552
Glioma,0,0,39.5821533203125,35.89799069841548,456.8302103596869,0.33749125125005097,0.08082794267773884,0.8226536208399066,9.632935168214917
Glioma,0,0,37.26177978515625,39.40974891727921,321.085588264968,0.4254102449960247,0.16587514396178216,0.8969017272562119,8.24388136276355
Glioma,0,0,35.04150390625,40.767449905061554,322.4946673839188,0.45281088713919077,0.19152999930665981,0.903344714289074,8.044071795176
Glioma,0,0,28.97314453125,37.127885337090106,196.10433446259967,0.5102042146375372,0.23812485859190233,0.9292403408810057,6.232213593334076
Glioma,0,0,39.93450927734375,37.557901854695835,371.6278912402015,0.33263849392297246,0.09153867057006301,0.8683075755504516,9.615420738654969
Glioma,0,0,33.52239990234375,44.18356994106025,292.1610613065466,0.4504926178692428,0.1615772068767587,0.9256367903414968,7.59459087668285
Glioma,0,0,29.9666748046875,37.8253576122402,300.957310250604,0.4479050866195697,0.1592243950407391,0.8954251079712374,7.631849076199213
Glioma,0,0,52.839599609375,50.08777602240828,424.7296764320701,0.32613494815410204,0.09729585755019271,0.9153641941675337,10.361439289286048
Glioma,0,0,25.78692626953125,35.11339502568664,345.73418318715954,0.5317605793073066,0.27927963752368035,0.8605924384673229,7.4134972332452715
Glioma,0,0,38.58001708984375,45.99339120749124,420.84957304687777,0.40085840359055896,0.12676809696669467,0.9010041493088243,9.212750155970484
Glioma,0,0,38.3990478515625,43.98215263115228,433.38524927448145,0.3715903625305973,0.10876932092357451,0.888450938044604,9.55544445854664
Glioma,0,0,43.3746337890625,46.839597632345544,460.47875260602564,0.37352361206407025,0.11235279030277975,0.895374356355562,9.884518229975516
Glioma,0,0,36.63153076171875,37.77549402300596,368.6783881615106,0.3707153466145322,0.10586534914907267,0.871119615557994,8.857779223371887
Glioma,0,0,51.55291748046875,49.33738561843479,357.3408810411934,0.30676246544903113,0.09204816696618531,0.9266334740760985,10.373271746544937
Glioma,0,0,56.3275146484375,49.32036296404416,390.440558592106,0.2899408902293988,0.07582027711304398,0.9196053747182223,10.537550520414804
Glioma,0,0,45.07672119140625,49.229183270097224,437.94691554234583,0.44214811984007335,0.17955822748926958,0.9099431606247356,9.211621196681216
Glioma,0,0,42.09356689453125,44.89130315818593,467.2806410183878,0.43158449389230746,0.16395783873471861,0.8844347304923488,9.544293397181889
Glioma,0,0,41.2855224609375,43.30505770487713,503.4263430051037,0.4324286723369814,0.17335533313856466,0.8661461652146928,9.93695180749853
Glioma,0,0,37.1497802734375,37.93987813605974,435.0773960142195,0.43091383962994284,0.1864582656000218,0.849228288639692,9.488503094194629
Glioma,0,0,30.77093505859375,42.32907907118152,419.8131514857409,0.5367377965965454,0.28452627442342815,0.8835332977882646,8.036955222349063
Glioma,0,0,38.63751220703125,38.920441833840414,510.07895957985625,0.40899258178798154,0.18719574657111185,0.8319547530062726,10.389628396445403
Glioma,0,0,39.952880859375,40.555420902170546,632.6324561204697,0.3764235473204121,0.14996272903885885,0.8081546159410183,11.82485873175021
Glioma,0,0,33.12750244140625,32.4662259224408,313.00760203867054,0.41921828740507217,0.18057583584529785,0.8517289938633861,8.150847997009102
Glioma,0,0,32.36993408203125,31.638065897212456,297.2495641827488,0.437378102018139,0.18679400225724174,0.8516989512428966,7.672659567975922
Glioma,0,0,37.777099609375,36.710181819284436,419.6264689912634,0.39585073543074323,0.14159718491725948,0.8445171846701207,9.258620802398658
Glioma,0,0,42.38287353515625,41.03423479176772,476.0885538568515,0.3959482555327596,0.1442544670710542,0.8587897730986738,9.890749242436987
Glioma,0,0,40.21331787109375,40.08241589941315,401.9475298521376,0.4116045222742174,0.1552782406174956,0.8751293504529224,8.977572302801686
Glioma,0,0,44.5582275390625,46.66001249253685,455.2856834933137,0.401486808746637,0.15018647435354976,0.8957250688840248,9.623458715668793
Glioma,0,0,46.74920654296875,51.147445558058585,479.4192189244669,0.3944001348028824,0.13667930930476205,0.908683098781425,9.834745450742531
Glioma,0,0,43.00103759765625,48.98218008836017,373.3402800517189,0.4338713810543544,0.17337402584497486,0.9225089318774377,8.5911223814648
Glioma,0,0,38.32061767578125,50.24942231583869,330.373495770477,0.5694484668128573,0.29783285443860985,0.9349229173792928,7.036368400862663
Glioma,0,0,53.20068359375,41.816728748715356,687.8284446882265,0.25276925901855035,0.05968934167414833,0.8025081370842638,13.555380884200847
Glioma,0,0,48.2801513671875,38.08438226409909,573.4062064062284,0.26750891665046744,0.06330828347504985,0.8015464472052544,12.062979290022394
Glioma,0,0,49.90228271484375,38.97466574564207,567.0834155965791,0.28738119081519553,0.06552854596154947,0.8125172881486344,11.601343077687368
Glioma,0,0,44.052734375,38.44430392453404,491.9201083598011,0.27674160893100075,0.06626094156678196,0.8334101170322892,10.861589688024177
Glioma,0,0,48.001220703125,49.03343335317759,264.79333287967916,0.31254351666171387,0.08207357384578803,0.9450044677178133,8.580876860973678
Glioma,0,0,45.2490234375,40.01391205850801,240.70897214452972,0.31601828426789746,0.07457887246391616,0.9246976221990006,8.183044709840033
Glioma,0,0,57.72857666015625,47.08254183744219,414.4723538783542,0.2525486957695158,0.050093002301333255,0.9061436508690842,10.909198759805012
Glioma,0,0,56.73095703125,44.26117944123726,450.16172211646693,0.25925913780523335,0.04994784002583003,0.8844833769514121,10.968880660418735
Glioma,0,0,61.6373291015625,47.08301696387976,613.611995474075,0.2332526514363105,0.040799025877300846,0.8607768945394175,12.705550997041097
Glioma,0,0,56.05755615234375,41.52328883774271,560.7980554242951,0.2428419034348704,0.04309680458513475,0.8362271805041108,11.908798786348815
Glioma,0,0,33.74566650390625,46.30258254052341,246.96467228094008,0.5849510287890503,0.31576156888409745,0.9427437277141467,6.283178785108224
Glioma,0,0,41.8116455078125,35.89416097524112,435.6614255572697,0.3368890569356904,0.10265604234402505,0.8304393830320399,10.035833649793187
Glioma,0,0,45.8128662109375,39.041894759023656,523.9620303733366,0.29841582287024426,0.092756398390818,0.827621583614472,11.356174849069653
Glioma,0,0,46.29119873046875,39.74136177364324,524.1905582288267,0.3284329724442998,0.09727905889580624,0.8335434895085295,10.684565044912365
Glioma,0,0,49.7645263671875,37.580247424733486,544.7181450144743,0.2831459232238301,0.06305843127598064,0.805884935712836,11.55548042346199
Glioma,0,0,51.81939697265625,40.32830252561215,533.5253958321068,0.2835942802938866,0.06387715137515874,0.8350847486032265,11.547609313969875
Glioma,0,0,51.43951416015625,40.67371332594297,494.13223718250583,0.2964813067345431,0.07245840780253074,0.8499511514821286,11.218908269849077
Glioma,0,0,58.73980712890625,48.33780301739766,507.4721772022393,0.28433189310516516,0.07157701024577559,0.8910363817245509,11.66722668601733
Glioma,0,0,43.28924560546875,46.99641324586176,251.1699447618068,0.3781027894610866,0.14101837870005465,0.9432987572687221,8.2460009920032
Glioma,0,0,37.6282958984375,38.206369943046724,297.08175152291193,0.37253279545736306,0.13597627672924073,0.8984602610244926,8.643680443611656
Glioma,0,0,43.52056884765625,47.52758699076457,358.131728951022,0.3467777356895239,0.10599092143722616,0.9209620240142038,9.531996423369334
Glioma,0,0,35.61236572265625,51.38608263141086,252.5215365665477,0.5830563090135964,0.30435470375224394,0.9524974228969169,6.49444227013521
Glioma,0,0,48.45343017578125,48.73020210174048,407.1132111366467,0.32018877923039907,0.08619334616387879,0.9144210545839533,10.195826786186355
Glioma,0,0,38.486328125,40.47442266701616,376.0608291451455,0.43411425091241557,0.18862011747499535,0.8855237576532462,8.888750465001909
Glioma,0,0,34.0260009765625,39.99690152457319,347.8620055248364,0.4671784025877872,0.1869072111811023,0.8917044876088039,7.593855957243982
Glioma,0,0,35.13922119140625,39.88494916263473,403.6926401978276,0.44401031998615814,0.17316197634337818,0.8735351920169868,8.130632565953452
Glioma,0,0,42.1148681640625,48.36357502593517,245.84340488216526,0.4063339741238705,0.16901468659062518,0.9476681443293188,7.749175834290301
Glioma,0,0,50.0772705078125,53.21284452307894,372.1371821767764,0.34358440213994895,0.11712672683683334,0.9344768616598876,9.599371062024888
Glioma,0,0,38.2742919921875,38.618017525177244,265.67535802652856,0.37056569117442245,0.13672129133263053,0.9110957823368181,8.030901370397235
Glioma,0,0,32.93341064453125,32.15696779960402,209.24305005252555,0.4053092026366117,0.15645702534050793,0.8989637339975195,6.877651595147468
Glioma,0,0,44.93304443359375,50.293859093905255,379.91091708362353,0.40666663769401407,0.1585059048451954,0.9251924521125331,9.142528960840636
Glioma,0,0,45.72845458984375,48.272116155694036,401.83964685123647,0.41208681224091687,0.1531537884926501,0.9140303419992695,9.202904851123492
Glioma,0,0,32.02606201171875,49.503261186863504,184.30843899190376,0.6167902750339572,0.3262524187215935,0.9626715305941373,5.6130366401363645
Glioma,0,0,49.7569580078125,47.76676747615735,496.31091463752324,0.3645031477867078,0.1292950440126323,0.8913808388781765,10.497528955996634
Glioma,0,0,48.96343994140625,45.388045255679906,559.0025291691894,0.3416215906741608,0.11067429220255741,0.864401065023191,11.081644717978138
Glioma,0,0,42.5330810546875,39.242746697181296,477.9866461178741,0.34228398447364716,0.11508858390160775,0.8449011081413571,10.2829141947356
Glioma,0,0,37.85577392578125,36.1693980268496,466.6648488844341,0.3431053586129646,0.12684100236527032,0.8218767574473522,10.148340866995179
Glioma,0,0,45.4334716796875,41.942766327756495,495.34522976864184,0.33642999225552916,0.09611744298278654,0.859074517312948,10.446229665897862
Glioma,0,0,41.8668212890625,39.47356788133694,383.1088792412363,0.3862215903040058,0.12999932337162115,0.8770305362373823,8.977191220008189
Glioma,0,0,46.04693603515625,46.27348887951742,474.6137994112605,0.35607574821871024,0.10598861984961333,0.8893161329496247,10.08847962617914
Glioma,0,0,46.20806884765625,48.8787460683876,402.4664333509049,0.3895083705287704,0.13252435223700204,0.9159908403381064,9.356883733300048
Glioma,0,0,41.3826904296875,47.16114002134756,314.65506400549424,0.4329098079986388,0.1669701770874386,0.929534777868941,8.057597146445424
Glioma,0,0,36.1822509765625,44.98451190075012,245.72457898044703,0.4809796673003757,0.20701716714097046,0.9395827857005683,6.8746536711832
Glioma,0,0,24.673095703125,29.865712121659005,192.07855149305982,0.5195284913645504,0.2812136082079852,0.8927468660643,5.990825192588435
Glioma,0,0,50.243896484375,54.32424410797952,337.7157314901225,0.38228723820577065,0.14214098512065468,0.9429537653112701,9.466920875249578
Glioma,0,0,60.08367919921875,59.00264321607147,397.00550989780777,0.34470549010614954,0.11121680320338082,0.9430637657917286,10.531549223256407
Glioma,0,0,44.57098388671875,46.3781990174298,441.4630935786002,0.38259752744893527,0.11383008057149575,0.8976523303863774,9.171776308397646
Glioma,0,0,44.02203369140625,45.123077298079686,469.10721008167263,0.37957348179213435,0.12429751883573037,0.8850824210369495,9.43431183737467
Glioma,0,0,47.16131591796875,46.850456232007666,612.9379262509383,0.3543864065354837,0.11296185503495136,0.8606391961173256,10.759798683661101
Glioma,0,0,38.072265625,44.39290079461685,462.71498010191465,0.4440683529507673,0.2176011903384315,0.8831150620465322,9.559355915588299
Glioma,0,0,29.4625244140625,37.48803437841228,168.57175049117893,0.4748098023155992,0.19834316430169374,0.9403380558992722,6.210203549313995
Glioma,0,0,35.5732421875,41.448307141291615,296.0899716253051,0.4030640023750573,0.1507395038205414,0.9141714321206424,8.513617503798734
Glioma,0,0,39.6474609375,42.201649634041694,311.52476880740096,0.38698982033162427,0.1414254782311668,0.9127717933382952,8.92036108291096
Glioma,0,0,41.81903076171875,42.65107599845756,376.09379758999705,0.34808753032140316,0.10537780061092945,0.8968197155853732,9.89961828751911
Glioma,0,0,48.37432861328125,44.64043033147331,487.9416948170497,0.304784644773904,0.0715448964307047,0.8775652078650651,10.694538830485207
Glioma,0,0,44.3560791015625,42.8135511351071,394.7129284063803,0.342577818931627,0.09669614391867379,0.8924028258183171,9.934494326021031
Glioma,0,0,31.46136474609375,43.1669007437082,405.16616009020527,0.5353429923927625,0.25713567468184206,0.8919378339189985,8.548795308529476
Glioma,0,0,31.46136474609375,43.1669007437082,405.16616009020527,0.5353429923927625,0.25713567468184206,0.8919378339189985,8.548795308529476
Glioma,0,0,27.68792724609375,35.50405161945677,257.95587250162157,0.5493976643448238,0.2585565785310465,0.8982218481452068,6.599325530683019
Glioma,0,0,32.7484130859375,38.88887896493897,335.79795903346565,0.5185953710927778,0.24288699244182413,0.8894741390022654,7.7071160157953855
Glioma,0,0,36.818359375,42.8819972520401,401.0132745656748,0.5003029317085291,0.2402812298652161,0.8914148959367594,8.520489345667379
Glioma,0,0,37.93695068359375,43.2929741214414,372.72758138490826,0.49872600847827836,0.2359029059832188,0.9009535312502601,8.280625155001491
Glioma,0,0,36.2523193359375,41.15768472242486,379.551959615697,0.4959898224660762,0.23572953495651164,0.888395957844901,8.378750644221231
Glioma,0,0,34.91693115234375,39.27619356944904,319.7559193165687,0.5012071993575333,0.2355042617758481,0.8967243443535372,7.680862353913042
Glioma,0,0,26.06524658203125,29.19439289280781,214.5365954521178,0.526046963991954,0.2527741200928414,0.8746026252759425,6.188546615375028
Glioma,0,0,45.69976806640625,40.97974037301795,461.0424993897402,0.3161522902650675,0.06935936806571566,0.8626050136175513,10.144254671322873
Glioma,0,0,36.1253662109375,40.62292850623315,413.7295429864863,0.4896347832079251,0.22798164059732612,0.8751017639794705,8.562373214591112
Glioma,0,0,24.1507568359375,26.27922901923053,203.06413525328713,0.5068454372901953,0.23477571793996171,0.8533691019233758,6.080490692231813
Glioma,0,0,25.29638671875,27.421386153599595,222.5648672664727,0.509064920066389,0.23507759591589306,0.8523930774887675,6.353472757727234
Glioma,0,0,26.73480224609375,29.518857679889,316.09385971118786,0.49380267431314573,0.22806027379899474,0.8191532877435699,7.525080987662641
Glioma,0,0,25.01104736328125,27.62270984438657,267.09836949363887,0.5170676954975185,0.23929444230070768,0.8255083186162059,6.8181780972942825
Glioma,0,0,29.696533203125,33.60160442616646,400.31430078880487,0.48955364470799884,0.22510611261654376,0.8233590289747295,8.202460557265717
Glioma,0,0,35.13690185546875,36.20095511099639,404.63381431064045,0.43374177334787645,0.21283541484071386,0.8459357151941337,8.778484818689224
Glioma,0,0,30.47821044921875,37.03606428121162,313.02582462591374,0.4774395721811578,0.23579350220337172,0.8863782600828083,7.844863701447018
Glioma,0,0,32.17742919921875,33.23243670641187,315.31840950794225,0.4393096337520132,0.2150846772651683,0.8575106178313838,7.949361035441475
Glioma,0,0,36.10430908203125,38.3522927650755,377.62213370525154,0.4379880805115758,0.2172282406413952,0.8718937060143452,8.698364310792009
Glioma,0,0,44.6480712890625,38.13968305487302,473.11624284581757,0.29300066243467116,0.06127726309981772,0.8370134401949327,10.435988868072494
Glioma,0,0,35.31817626953125,37.55628616571034,368.7947344215437,0.44231150918615364,0.2191602136473153,0.8695213009083451,8.551083621699348
Glioma,0,0,35.058837890625,37.660319152770924,367.0881624810573,0.44980448239127585,0.22059428224937583,0.8708411258343796,8.461892931599268
Glioma,0,0,30.1878662109375,33.21529900697456,288.32515965035253,0.46279809408120537,0.22605592060685775,0.8696368517544038,7.724607800778873
Glioma,0,0,32.62335205078125,36.55726851053365,345.50606281295234,0.45148699102968176,0.2250681877925531,0.8711047747714046,8.35118795628308
Glioma,0,0,36.10430908203125,38.3522927650755,377.62213370525154,0.4379880805115758,0.2172282406413952,0.8718937060143452,8.698364310792009
Glioma,0,0,27.95538330078125,32.44873923293757,255.08770837857097,0.47392976156789124,0.23000212952663973,0.8793014942338182,7.158704090846397
Glioma,0,0,23.752685546875,23.75742056390672,199.02470232676276,0.4829886136536251,0.22946270682005215,0.8239008246142383,6.309683717024069
Glioma,0,0,36.18408203125,39.724136332467424,420.036271162441,0.4462234501039668,0.22266620654484726,0.8672396583204458,9.292320776048806
Glioma,0,0,39.884033203125,42.25608838739792,471.4206041186161,0.44111290952582327,0.22116335381991986,0.8682338972309651,9.767837508332327
Glioma,0,0,35.01336669921875,36.51553145772283,390.82582905794953,0.4397016953286318,0.21899772209729532,0.8537077331027612,9.06044890996115
Glioma,0,0,31.14404296875,39.08272293599697,435.4915679831902,0.534219107517127,0.28543328093079545,0.8580874550933106,8.011087850301566
Glioma,0,0,47.9537353515625,41.38496426008928,647.7731156322504,0.26253485583447983,0.053295641537499175,0.8105085963661696,12.154238144415203
Glioma,0,0,43.279296875,42.86454547619297,487.5729609467639,0.4404313600931177,0.22154608574554124,0.867424801772949,9.873828657814636
Glioma,0,0,39.63787841796875,40.9198096115246,504.5593532515852,0.44365911507527345,0.22308225337306525,0.8496131997508604,10.145650885052948
Glioma,0,0,33.5548095703125,35.29508245521431,278.69624855658867,0.5152945295038656,0.24011879489362517,0.888391061418597,7.19077728780527
Glioma,0,0,39.37506103515625,42.733215427837145,477.94702791756254,0.4557036395100221,0.23303321643132777,0.8694677353210313,9.770165055956253
Glioma,0,0,32.04998779296875,32.990556750631654,299.20815040070397,0.46768534477732443,0.23178060344399554,0.8627507059570974,7.829641338970797
Glioma,0,0,39.35235595703125,40.171775367756815,444.6603458832442,0.4252351732541602,0.21887794056744275,0.8624332760419263,9.42249015748121
Glioma,0,0,33.09454345703125,37.39839470192305,380.12121847686376,0.49465396145332396,0.23521521572019138,0.8645785201101774,8.12696075392239
Glioma,0,0,26.336669921875,30.82979093072891,254.94644388119903,0.5214848245475945,0.24407469576641616,0.8664237867309637,6.753392932567811
Glioma,0,0,32.66796875,38.71249267656887,376.89014183503116,0.5054468830612568,0.24536949195796307,0.874788327925075,8.270123157435
Glioma,0,0,27.354736328125,33.343144354106116,288.4342400286737,0.5163938314947322,0.24633982188410744,0.8708775741457494,7.257562925282877
Glioma,0,0,47.46343994140625,42.14598948848725,708.0487627343468,0.24336524402268328,0.05118103825839973,0.8004261015942056,13.460189986788006
Glioma,0,0,34.4422607421875,42.9313554460597,403.715653263407,0.5048073242534971,0.2491948862871076,0.8910110623220998,8.635577439124933
Glioma,0,0,21.9329833984375,28.72508517899886,205.00948117523438,0.5565300485522862,0.2598702943426094,0.8764575192332165,5.985841690433962
Glioma,0,0,32.0501708984375,36.722176335752145,364.84102817038456,0.47802075969065083,0.2253920028290687,0.8652635595791764,8.318709094450355
Glioma,0,0,33.50360107421875,39.96180563843214,431.8091114268855,0.4805239229175092,0.22436028416886777,0.8654392679497598,8.877525657396363
Glioma,0,0,29.10821533203125,35.54582341698012,279.32948149493757,0.525166597955513,0.24165121732985845,0.8900225048842929,7.139665209018723
Glioma,0,0,29.18243408203125,33.71683456580325,302.6784846734114,0.5044550031316009,0.2555508793366212,0.8673730965609445,7.844917951555459
Glioma,0,0,33.1324462890625,37.56523508100876,409.90229846090216,0.4802867328872978,0.24367278599908243,0.8552740039679037,9.257796757782051
Glioma,0,0,38.81121826171875,43.26801262631637,515.6845887794135,0.4695356574327998,0.23510796116318217,0.8627083347444949,10.09351083936672
Glioma,0,0,39.59735107421875,42.867900632108004,546.9859909994037,0.453183969655958,0.23077296679605502,0.8515911909565419,10.491620901211762
Glioma,0,0,37.7952880859375,40.178466462160934,460.87431654556565,0.4629911582839535,0.23430748078866587,0.8576198821318874,9.443587394988263
Glioma,0,0,29.76629638671875,41.295948418285185,258.9988276891032,0.5378233881435905,0.2544493893607624,0.9245547754093808,6.586628583414344
Glioma,0,0,30.2581787109375,32.51237923797882,321.5146019979829,0.4798430638054777,0.23780982556404012,0.8483421494931296,8.035104906147966
Glioma,0,0,27.7918701171875,29.906787030162658,267.2419108002513,0.5050695678143646,0.2401891068381032,0.8510308944544341,7.246373598216505
Glioma,0,0,28.460693359375,31.06546558887582,311.6609920407641,0.506542121469684,0.24400333680354333,0.8390240218094462,7.625805517236712
Glioma,0,0,39.20831298828125,42.50082578167976,556.870603077225,0.4884513242452983,0.24036441902516956,0.8463138367184619,10.237105185149073
Glioma,0,0,32.3551025390625,38.00503507759533,398.2332333258942,0.43864963667130086,0.22067202971855193,0.8626766702702422,8.88935012245123
Glioma,0,0,25.5513916015625,31.632806449384574,309.29665388240625,0.4718848141874042,0.22904289871916153,0.8461660568620478,7.554712203175192
Glioma,0,0,35.39630126953125,35.42911281219495,347.5049400294451,0.43176627640514414,0.22027981230415974,0.861715289761713,8.489881264919466
Glioma,0,0,34.97991943359375,35.4175466669781,386.189274874681,0.4311334710379257,0.2193577931386921,0.8462879232922085,8.786699835119139
Glioma,0,0,37.8760986328125,38.90468941415863,495.9697960099626,0.4116615973151403,0.21519408858122757,0.8364760069475526,10.125231289526123
Glioma,0,0,29.5260009765625,36.699999304485246,262.03744952805437,0.5320459941261032,0.24010822964736214,0.9032516470771754,6.23429362483788
Glioma,0,0,27.139892578125,35.248120730437854,230.19150651585613,0.5596185562316678,0.3429712877357062,0.9079041748452864,6.140983922593498
Glioma,0,0,37.94061279296875,37.61601132007881,406.7363225547162,0.4124664400547925,0.21392579230175812,0.8563499621609664,8.681733867374705
Glioma,0,0,31.20068359375,31.67473099360237,313.8530879210457,0.4373951164749189,0.2176221842986068,0.8437660749652643,7.447921954438161
Glioma,0,0,37.37115478515625,38.076328120873534,440.1157182666365,0.41206030142431394,0.2142152914462454,0.8484065448608016,8.834141555002596
Glioma,0,0,35.16595458984375,36.25814981921155,410.8458314846736,0.42748678770711257,0.21501823769903747,0.8440128027930054,8.425994496520962
Glioma,0,0,34.77642822265625,37.032225772168275,413.15153908046665,0.4474037051577821,0.2189896981442698,0.8497418579759515,8.178928119575769
Glioma,0,0,33.65087890625,40.715232594732264,418.97706358700657,0.4698493918886141,0.2191178529146608,0.8742380877507155,9.056299987601292
Glioma,0,0,33.65087890625,40.715232594732264,418.97706358700657,0.4698493918886141,0.2191178529146608,0.8742380877507155,9.056299987601292
Glioma,0,0,36.81060791015625,44.928342819944525,430.1737880429648,0.47974739893795193,0.22066537437230085,0.8939709811336529,9.170090316744584
Glioma,0,0,34.62371826171875,44.11921716978362,350.14098368046444,0.5118846164708766,0.23992204332647546,0.9105609726364526,8.1619341519945
Glioma,0,0,32.2081298828125,45.562651559233586,257.3967936490995,0.5589122982760638,0.26672978551965754,0.938428557348175,6.816823176616127
Glioma,0,0,27.9381103515625,34.66819849738704,269.08871660715727,0.5424123744312408,0.3107940719491334,0.8886434878782891,6.6179714625061346
Glioma,0,0,37.2838134765625,41.40879876245608,418.5357289035543,0.44990705954194965,0.21988510237262768,0.8783507865851163,9.47074332820665
Glioma,0,0,34.27337646484375,40.44391774536223,296.3984347148799,0.45837576593497714,0.21999736596980518,0.9097957836147395,7.9615677942302145
Glioma,0,0,30.30157470703125,37.410771871380646,256.2183752141304,0.5146441465673858,0.2444802353658231,0.9089469619848097,7.105122542277133
Glioma,0,0,32.9166259765625,37.49892260096486,226.28551565699496,0.47808493347302633,0.22705200215875493,0.9198389696979735,6.917171224968154
Glioma,0,0,31.1063232421875,34.32112147004991,254.69388201670077,0.45784846044304034,0.21942959777388815,0.8922182477136431,7.47460574218097
Glioma,0,0,32.06475830078125,35.59529351096871,351.98612638245396,0.4258361139447736,0.21043314614823794,0.8615290525549015,8.761504292540742
Glioma,0,0,32.7940673828125,34.857084037215316,348.077864769052,0.4280294655077759,0.21184638836252262,0.8570967356756305,8.681832195696517
Glioma,0,0,36.32440185546875,38.42455066754294,450.5062890165434,0.39400987689422606,0.20931660563233015,0.8477420212940487,10.042807573897523
Glioma,0,0,38.09619140625,38.971863913609056,473.2764630334515,0.3948487997384924,0.20884498947731783,0.8444036228798373,10.01742603094688
Glioma,0,0,35.52716064453125,36.24576341884681,438.7082344399519,0.3933636117608118,0.20851650097547045,0.8332503071627142,9.529552988794368
Glioma,0,0,36.0794677734375,43.518147181282146,435.1998448060115,0.49998548150880734,0.23208780279163232,0.8856669599588082,8.471715834057882
Glioma,0,0,35.91070556640625,37.100742714940665,310.50499343189614,0.40724886234744495,0.21943693792473193,0.8873983433838565,8.351122928809096
Glioma,0,0,41.268310546875,42.73900405318599,469.2400776794393,0.3770961779351433,0.21399404978974504,0.8718071828550323,10.376259014238013
Glioma,0,0,41.84014892578125,43.09750053790289,479.9856819675234,0.3807272822850399,0.2140218717389705,0.8710318475687213,10.416279852092147
Glioma,0,0,42.28338623046875,44.469726714922025,545.9417821258369,0.38264310925556566,0.2138177668672855,0.8622805535495446,11.068064268942555
Glioma,0,0,40.18853759765625,42.90682370519637,445.1094055157489,0.4134008447645999,0.2180073861328259,0.8794238459886088,9.701591223496038
Glioma,0,0,32.720947265625,36.98575806298031,300.5282823495704,0.45144775104477947,0.22553083525721052,0.8905515304152586,7.758746497962538
Glioma,0,0,35.5194091796875,42.03135442880328,328.2220605887045,0.47352971384137954,0.2296589797210145,0.9075161509105805,7.875410629728648
Glioma,0,0,32.05316162109375,40.50563495851934,205.8559760127625,0.5010251608551862,0.22181356090581061,0.9375942242511826,6.51641053672801
Glioma,0,0,41.2249755859375,46.57149447784336,302.1831352881986,0.4247530291741317,0.15265332860638298,0.9305782095382042,8.224635894585523
Glioma,0,0,45.367431640625,46.93616066087231,364.1470073800095,0.37709846367959504,0.11938291749271991,0.9175197604368472,9.186998186497632
Glioma,0,0,35.8265380859375,40.84590556940417,456.0368409096836,0.47963707478573847,0.22387123159200065,0.863850643972516,8.851964774243012
Glioma,0,0,48.485107421875,46.101980439854664,418.8705421669217,0.3624531505594383,0.10344128604081372,0.9015010082978425,9.769853238926267
Glioma,0,0,48.7138671875,45.79799222543275,511.63136094638605,0.34001087056232365,0.09071723162428211,0.8780656154691917,10.678484189000887
Glioma,0,0,41.7232666015625,44.37244799740532,382.2612565342903,0.424013631759172,0.1746517390996423,0.9031835563484429,9.15464828976645
Glioma,0,0,38.85821533203125,44.66549777559322,326.872756854944,0.45710424684904544,0.20170193545117465,0.9183678739125019,8.381760435397101
Glioma,0,0,33.5601806640625,37.13899530194204,354.240912622495,0.4498997471716084,0.2168943374724926,0.8720172289337141,8.561533669943266
Glioma,0,0,44.95208740234375,40.77882639814846,442.16431679743357,0.287595606516965,0.08481433825301693,0.8666560696377029,10.439472378945768
Glioma,0,0,44.7962646484375,40.72530880254653,491.3526072990179,0.26789302210359534,0.07204119417325097,0.8513484403159469,10.842240926670474
Glioma,0,0,44.50323486328125,41.72400323063868,230.1697781364577,0.3089609384931421,0.09988429382086461,0.933908501045124,8.308968899188505
Glioma,0,0,41.72015380859375,43.57937424343079,252.30617865145746,0.31684385212382127,0.08673529412936888,0.9337386977643503,8.434509704957783
Glioma,0,0,51.58990478515625,46.90107449941758,361.58307665449354,0.261575779365495,0.06166356062131654,0.9178362241899413,9.986073827617828
Glioma,0,0,35.0325927734375,39.073172444768545,453.70903632437756,0.4783197787284954,0.2445051983752427,0.851954005586392,8.646642644848638
Glioma,0,0,51.43505859375,49.108032030997784,456.31005450690566,0.2666192936217148,0.07220195463626819,0.9054856302164505,11.011217541968058
Glioma,0,0,51.0379638671875,46.86422948298468,523.7482005433601,0.2548814941102628,0.06158025368615415,0.8807693260744779,11.404790575207901
Glioma,0,0,40.14739990234375,38.18684711143037,426.38120812574977,0.2696022123006272,0.05921189682319224,0.8538918544899728,10.08931275284528
Glioma,0,0,38.2176513671875,42.45490761521848,384.15051971125024,0.4202212510331341,0.2174867800731516,0.8937238547239822,8.935795602060919
Glioma,0,0,32.40814208984375,35.83059485892823,295.3190097708656,0.4337964763998399,0.21452735955737373,0.8852997600985245,7.7404132308271745
Glioma,0,0,32.7598876953125,35.31273973075546,321.9078738704711,0.432559630612817,0.21512388133721083,0.87126115464634,8.216125408814076
Glioma,0,0,30.5621337890625,32.56988125220726,300.0550478757531,0.4363439497926971,0.2148325972794432,0.8588992271944427,8.001058845868403
Glioma,0,0,38.3802490234375,41.036349710887265,485.8271675098722,0.40812358811742605,0.2093758009422725,0.8561105171342561,10.285662786170517
Glioma,0,0,40.385498046875,43.83120198251946,533.2224840544214,0.4090274025762216,0.20985556593733284,0.8615864394063756,10.344412384138472
Glioma,0,0,33.66357421875,41.07472053834433,380.6359265531576,0.45118571153951453,0.23184953123208096,0.887681164992424,8.779811403373735
Glioma,0,0,44.56085205078125,48.15735730553448,310.0247450729802,0.40392570925940346,0.14491952816316,0.9333648002368455,8.209102199455618
Glioma,0,0,36.9503173828125,40.907562674660774,390.85998979424943,0.4255445953436178,0.22356746359064614,0.8835384384964867,9.114908389973984
Glioma,0,0,39.32574462890625,40.209150543245684,392.38175680261975,0.4063961966261257,0.2174010816538791,0.8788146801439272,9.276776061365496
Glioma,0,0,39.30548095703125,40.33920662398878,412.93971250837853,0.40205233963130094,0.21439033298906907,0.8733226672308758,9.563858069123324
Glioma,0,0,41.98980712890625,43.5685027821659,490.7593088585294,0.39306073816874054,0.21169253822386344,0.8709750038577929,10.499324900994802
Glioma,0,0,37.73370361328125,38.63383794523852,387.73892050522807,0.3996212491948624,0.21153486956137096,0.8703211527559487,9.44633150594514
Glioma,0,0,36.93865966796875,41.917918590797896,470.3384129034619,0.46794914367190465,0.23266534373299264,0.8666885558462794,9.34079312690014
Glioma,0,0,38.81353759765625,44.38664525713414,509.70118483214617,0.4760624523245374,0.23774416540224602,0.871167624019872,9.839616335484202
Glioma,0,0,34.2548828125,41.49166132557938,436.1074585665517,0.5012723504682535,0.24250345473410462,0.8739550197709659,8.943690324881958
Glioma,0,0,28.28167724609375,35.70736013200922,258.58163272970467,0.5516439894633874,0.2546815195734953,0.8991633805080453,6.732742289704082
Glioma,0,0,33.8525390625,38.76294180806794,405.3362376920688,0.4957385056775943,0.24231677411733812,0.865592568195833,8.463483258998963
Glioma,0,0,39.45452880859375,40.169175117699105,256.5619404246943,0.41231772201360006,0.15403093327284073,0.920649795218548,7.623311828655662
Glioma,0,0,34.2193603515625,39.34455018275133,461.8840912526263,0.4858014045146024,0.2361168404856821,0.8513696749083318,8.952009966520945
Glioma,0,0,37.7327880859375,40.295733057928054,420.72233462441125,0.44102636981047827,0.21895173415043473,0.8707470489200327,9.21702174654452
Glioma,0,0,27.76031494140625,33.95032935163377,267.6686168450813,0.5079900537207547,0.2559881008675269,0.8843821575390045,7.351540945270191
Glioma,0,0,28.39520263671875,33.786442332411966,279.34453202503795,0.5023763225238889,0.24738486024516265,0.8781209525783524,7.489022587420978
Glioma,0,0,32.83258056640625,37.55242410527546,356.9022951913581,0.47265480272005345,0.23408530785890824,0.8738618991435907,8.391115067387316
Glioma,0,0,31.80853271484375,35.11557748597118,321.70109776551385,0.4729821714402269,0.23197318155508823,0.8699096105949122,8.05608940514834
Glioma,0,0,31.97332763671875,33.87430211474206,201.47665550020577,0.4797223537642672,0.22358572239312577,0.9124226006874567,6.256506622388792
Glioma,0,0,32.08026123046875,32.240959337677744,190.88001292801073,0.46687879842377167,0.217722875623841,0.9083028186393683,6.277939411347983
Glioma,0,0,40.04388427734375,39.871462059571606,353.8406865642248,0.40670243445981824,0.2118012647828073,0.888801995386397,8.879189852130517
Glioma,0,0,46.71942138671875,44.12553197445316,329.30297680520613,0.4177355879108544,0.21666846997613085,0.9154063178287696,8.613312371156704
Glioma,0,0,31.94561767578125,40.66287938461772,449.25284256043034,0.5382986980550111,0.28311180374963785,0.8647914286995485,8.145243767050932
Glioma,0,0,46.0946044921875,43.95549490577865,338.2283459723582,0.36064337221964904,0.10341948687953413,0.9125416945717069,8.836911337886015
Glioma,0,0,48.41937255859375,48.52589306796751,434.20682405824044,0.39718405980351335,0.21269877369404083,0.907898315449249,9.95307111317458
Glioma,0,0,39.19329833984375,38.60266124991945,313.06666769196244,0.4111130701068405,0.2141604928260054,0.8950436996172876,8.498029679653882
Glioma,0,0,40.50140380859375,39.154170535141546,285.05742761488233,0.4205488028640217,0.21870325431273166,0.9070517193065816,7.965598892135912
Glioma,0,0,40.4598388671875,39.89356840606451,244.76234456377455,0.4464426332023999,0.22547828323371705,0.9231503502806692,7.369083589730286
Glioma,0,0,19.5726318359375,29.110844333676297,219.87167185274302,0.6085793848664452,0.3149923758779858,0.8711862337353219,5.861489785480141
Glioma,0,0,21.6834716796875,28.372894595248212,198.91278035683106,0.5743829592536105,0.28088131267619987,0.8771441977673192,5.761128295694634
Glioma,0,0,25.51318359375,32.65473900543638,273.38970940835816,0.558862660347764,0.2720475250657627,0.8724882271064827,6.678823736554437
Glioma,0,0,28.2301025390625,42.26240349424746,203.93787006327327,0.6087813034675921,0.3408433318467663,0.9433372137418667,5.881579036596434
Glioma,0,0,35.80169677734375,43.65885645127075,399.83580005838553,0.5202280886089119,0.2640646449671968,0.8956631620373997,8.570372199339385
Glioma,0,0,36.00732421875,43.09898666365538,394.0844284267353,0.5184761700065177,0.26571164574088957,0.8944421558069975,8.514691365321488
Glioma,0,0,51.47802734375,47.333673954743254,457.95107051938544,0.3145263826150566,0.08215554330676382,0.8978039074599992,10.5267523269433
Glioma,0,0,38.02264404296875,45.052221624271475,415.8222234843619,0.5047020008269602,0.25799122408416214,0.8980581376914644,8.770853717489965
Glioma,0,0,32.88568115234375,39.192521795581925,335.48190770995615,0.5117341168840023,0.25864223432465977,0.8913418059227177,7.757035439852958
Glioma,0,0,33.019775390625,39.90386671314558,374.9619456075411,0.5157896070744729,0.2652472107312602,0.8828602804131831,8.1343352569529
Glioma,0,0,33.8037109375,40.62817500692106,394.34669161532065,0.5064093448153913,0.2610606630871487,0.88114016461153,8.576689551817786
Glioma,0,0,32.306640625,39.91913627890341,398.53903392188283,0.5244025192686731,0.2669820876424962,0.8756108416246181,8.445555414549517
Glioma,0,0,28.87432861328125,38.48057818719112,321.81084755143144,0.5396493841706114,0.26309086452678454,0.8919569364881895,7.653294337839807
Glioma,0,0,28.58990478515625,36.25774396191427,301.42839942324554,0.5272788309844816,0.2606201540754223,0.8859202593960158,7.392332788572679
Glioma,0,0,29.3160400390625,31.078866908288088,247.7185395386648,0.45023328719162065,0.22158094125168515,0.8720246094242788,7.111518121474325
Glioma,0,0,33.16546630859375,34.90184375589457,370.15715759951206,0.4201138136773343,0.21312197837805025,0.8483598673090218,8.757244448083462
Glioma,0,0,39.982421875,41.671105267939666,495.89430989025163,0.4039578973512103,0.20962619669857488,0.8575127916545174,10.212390385719448
Glioma,0,0,51.88720703125,46.358879678135295,456.15571645992316,0.3146277907284878,0.08585374393822909,0.8937908591575252,10.508995103928807
Glioma,0,0,35.314208984375,38.10378384132786,410.48801569092916,0.4192294749063902,0.2114492286042141,0.8590387189496271,9.361311171842125
Glioma,0,0,31.14434814453125,35.985163379334395,268.45296576143267,0.4517528039200682,0.22041758232247488,0.8966906796539847,7.400195179297373
Glioma,0,0,45.06146240234375,45.057438865076755,403.2129925861938,0.38765027496377613,0.12775355117748388,0.9009002748006778,9.210711175329589
Glioma,0,0,46.041259765625,43.73625907846504,469.87213394744566,0.3625102088222339,0.11123135720964641,0.8773072924138622,10.092201692216875
Glioma,0,0,43.9261474609375,41.006608114835885,453.1211021055369,0.36731741880161145,0.1158467384714496,0.8653523090512074,9.924218289843774
Glioma,0,0,44.02056884765625,45.403743040616014,322.3104280818358,0.3999908928981082,0.1508037032461535,0.9220026044631467,8.353361714536772
Glioma,0,0,47.52581787109375,46.550480227534656,399.13536806766206,0.36676876101560185,0.12459113143475338,0.9080254479026814,9.366699006836456
Glioma,0,0,48.8717041015625,46.44616228854994,476.8501940168537,0.3439314810036846,0.10375886238616971,0.8895589023486093,9.84602814127598
Glioma,0,0,45.80908203125,52.50958269629062,221.62914456301328,0.4158298531978506,0.13403122128279943,0.9599744755415031,6.986817950199376
Glioma,0,0,51.8106689453125,53.16248258069177,294.8884516050774,0.3612117436732243,0.10494732139021548,0.9479360272666884,8.37230808055482
Glioma,0,0,42.6624755859375,38.092716135534516,523.606534982664,0.31535455139695334,0.07865186368625018,0.8194424017046772,11.0259336104622
Glioma,0,0,45.502197265625,35.64490596626535,467.56966161983644,0.24208988546900556,0.052807800545512235,0.8151274256442651,10.529447758115115
Glioma,0,0,45.36102294921875,37.08331284593322,411.5200549815569,0.2670100675963824,0.065481554390972,0.8499172053950423,9.786674647568818
Glioma,0,0,48.49615478515625,41.33098389047795,427.5507914219427,0.27114136491990026,0.07017360791286403,0.8746032199655431,10.187121217993392
Glioma,0,0,48.8629150390625,43.488585704983954,351.78184747779943,0.2873679386792046,0.08027336430625812,0.906893411145659,9.442602658643676
Glioma,0,0,52.31304931640625,50.30965234204905,362.7539865353696,0.2981732102651628,0.07647752060888278,0.9283949922864136,9.629013660372074
Glioma,0,0,44.39398193359375,45.85289019752703,441.5267080066103,0.39374980129502807,0.13476664598162952,0.8952991712529936,9.38413678389988
Glioma,0,0,39.38818359375,47.32373955232504,532.3803027060027,0.47705256924161815,0.27073522667624494,0.8815882587393828,9.352104516710408
Glioma,0,0,40.189208984375,48.10070247788988,611.1708142167241,0.48518343481273457,0.2723801362298871,0.8684110295174098,9.651815780195463
Glioma,0,0,35.548828125,43.50544998404463,507.03740787176025,0.5005948679108579,0.27757269701410453,0.8666042584544723,8.912847442883425
Glioma,0,0,32.84527587890625,40.79366637369177,456.0838038239175,0.5181008916559598,0.2812230655054153,0.8635622340272845,8.23904632184357
Glioma,0,0,35.014404296875,37.42321125663081,551.4861972224651,0.3531235547775982,0.09578414573421325,0.803816008270728,9.919448034209632
Glioma,0,0,24.82232666015625,31.170498278757552,254.41131899453893,0.5530033767380664,0.28830647882555216,0.8696710131075814,6.031931274800616
Glioma,0,0,38.59320068359375,47.84119446513985,360.16810062142247,0.473315133759899,0.20417571373023205,0.9216764317942516,8.649310224403074
Glioma,0,0,40.313232421875,47.15899419099326,379.99064003994283,0.450872776090161,0.19601886291159315,0.9148885692980775,9.222608175686602
Glioma,0,0,38.72393798828125,43.71087003703532,343.0153045853534,0.44698959310937186,0.1984408307236566,0.9105305240497961,8.77223116165111
Glioma,0,0,36.66973876953125,40.30898418874188,343.6394918024735,0.4243037494872056,0.17892427296061664,0.8945776145908633,8.822128425507957
Glioma,0,0,42.2222900390625,44.96156427375744,459.81131594301655,0.4099455712238629,0.1806856662926764,0.8865517849312989,10.144479906148801
Glioma,0,0,45.18621826171875,46.88637937924146,496.53029008800297,0.38683986398651216,0.17162386639524638,0.8872697987489918,10.616260767679263
Glioma,0,0,38.5931396484375,43.30275714290909,405.5048200253324,0.421614293932744,0.16642656899010203,0.8922595393828043,8.822678434420599
Glioma,0,0,39.52001953125,44.49245667279869,440.5735603620369,0.4444827232724229,0.17585238659232458,0.889116608438822,8.916511383805272
Glioma,0,0,36.4998779296875,43.190274139654825,415.9942872698934,0.47737627693791745,0.2029423724963998,0.8889665182593718,8.3978388113038
Glioma,0,0,35.5330810546875,38.709992317917035,544.4474542895124,0.37654262231573377,0.10532660188791447,0.8190159005920937,9.610401271584864
Glioma,0,0,34.90484619140625,38.75806419302945,225.26893122929857,0.4396930187785299,0.14422528913372812,0.9252987073657045,6.896029303778116
Glioma,0,0,40.7247314453125,50.09286453011222,317.1674114755054,0.4447555214994021,0.1670950074969732,0.9371034165957886,8.067857198215647
Glioma,0,0,48.00482177734375,43.415993874535964,470.68733664425906,0.29837786639243485,0.0738968909354578,0.8750979078803852,9.570928020763168
Glioma,0,0,49.5279541015625,46.61537685349337,418.6723102118613,0.30448696591238766,0.07377255595304263,0.9037420246542394,9.417654874373184
Glioma,0,0,45.85791015625,37.58718966719733,381.59449860309786,0.26740151345626645,0.06082173130425454,0.8640666938193183,10.031693688388236
Glioma,0,0,42.39990234375,35.47929861022165,396.8351293187352,0.25935924624079704,0.05663654293911998,0.8413088420464171,10.191921626031622
Glioma,0,0,53.44561767578125,42.11045304260496,504.8751108010584,0.26174774769381914,0.05497899942332154,0.8565571126408096,11.146255265167902
Glioma,0,0,56.712158203125,43.82350308328394,507.4235632925003,0.2558935403061929,0.05235668445634574,0.8671190244505597,11.304281108563398
Glioma,0,0,54.6500244140625,44.56960878059031,441.28379406373585,0.27977253499625687,0.06467950366167957,0.8884805336508576,10.635309094838046
Glioma,0,0,53.1973876953125,45.36514563503973,416.5223677557248,0.27960646044150095,0.06782061487703198,0.8985305566148696,10.704867784736763
Glioma,0,0,33.2318115234375,37.24315817436022,459.6002349466243,0.3848100303820189,0.10971549710591279,0.8350002767758564,8.759516655752998
Glioma,0,0,55.0201416015625,48.49026319364872,384.60860968601816,0.30655493574943177,0.08689131117403384,0.9180461952711029,10.13391954127763
Glioma,0,0,52.4761962890625,49.81686598440678,340.59565347651113,0.3286064438670311,0.10478049500312592,0.9313701244533401,9.682828314876419
Glioma,0,0,53.1904296875,55.333000625429726,354.8869393833156,0.35465157692698623,0.11674500261775436,0.9421342856540962,9.47689066472022
Glioma,0,0,51.5557861328125,55.32426219586449,355.42199064483145,0.3694541749830761,0.12938628059700186,0.9421124701477837,9.063768701757615
Glioma,0,0,50.6280517578125,51.198241863708766,370.4466320612933,0.34077214224804275,0.11533391668489332,0.9294586204671558,9.375368973395586
Glioma,0,0,46.64532470703125,46.45261781663751,385.9495259655115,0.3510761148246856,0.11656871606909908,0.9107085937413191,9.359525762021278
Glioma,0,0,51.417724609375,49.50886045914633,497.99725031878853,0.3394003560179265,0.11275276185903342,0.8985186260554897,10.270951077059578
Glioma,0,0,32.13031005859375,40.64898689989516,131.48782072956382,0.4755416733705669,0.19268364103962055,0.9604205535104677,5.285671262749305
Glioma,0,0,33.88360595703125,39.6246049342614,190.01976447705306,0.4302231233275433,0.15354150251085527,0.9397308337577903,6.450013368777383
Glioma,0,0,45.20135498046875,47.25769479568707,296.64162160360263,0.35589775131404267,0.10392400975084871,0.9337299485840067,8.331821030830717
Glioma,0,0,34.022705078125,39.852872388379076,461.9269133577987,0.40443547067491603,0.12483274138583093,0.8552430678483554,8.629020441635605
Glioma,0,0,53.45880126953125,51.61615117800079,399.30057502699447,0.30902558407869335,0.07719245970621157,0.9251180808314724,9.711333114073867
Glioma,0,0,51.4874267578125,49.17030068896537,440.1895610198187,0.30764832460773867,0.07020714063614866,0.9090022255764875,10.086474188574845
Glioma,0,0,50.27984619140625,46.97112013809256,449.2348123915644,0.3150121505634902,0.06959418313421506,0.8981739914317464,9.862539186016965
Glioma,0,0,32.45648193359375,42.26298149919541,426.4636785836726,0.5477394823387313,0.3101994914530566,0.8812228826550651,8.131144551352728
Glioma,0,0,27.4432373046875,35.02080088737686,345.0066640446194,0.58943137146796,0.3321975200983379,0.8600165286500112,6.635106504588704
Glioma,0,0,29.63970947265625,37.66183034136402,404.1010626240517,0.5853520505593874,0.3307960125643261,0.858220331079645,7.170897287107849
Glioma,0,0,28.40460205078125,36.56229708561262,381.2569457092526,0.5909373443558443,0.33141239660711763,0.8580968492406785,7.092202660968602
Glioma,0,0,27.3916015625,35.456128574474754,320.62444563174313,0.6121210644707914,0.33836105169329755,0.8731137059901355,6.436780459499081
Glioma,0,0,27.76123046875,36.47664359797166,314.6866736546362,0.6087250100187842,0.33479033303916983,0.8823620039344722,6.363522469233094
Glioma,0,0,21.44476318359375,29.62003437200573,262.9388356667609,0.6312706809955779,0.3421145868652056,0.851041104223936,5.482584262044045
Glioma,0,0,36.4456787109375,46.100023178824756,300.4386882953994,0.4200826931753324,0.15750871992162657,0.9296900985159426,8.147787588545164
Glioma,0,0,20.40667724609375,28.64503097664001,223.64400521772006,0.6457310221946614,0.34891066989279024,0.8645624284071873,5.123057652365771
Glioma,0,0,22.7523193359375,32.0960861642364,235.43196600458174,0.6518370937376878,0.35281489677606187,0.8864440295050642,5.168933626930247
Glioma,0,0,30.5579833984375,40.59037355130993,341.53618215835485,0.5536976335231646,0.3131534357646512,0.8969158934459553,7.602764236779532
Glioma,0,0,31.28179931640625,39.661333288080996,443.0226813891702,0.5297493589508269,0.3051662528257839,0.8598413850546021,8.195420273653973
Glioma,0,0,30.796630859375,38.94393441489177,375.0913978703441,0.5510221721270009,0.30933405341802683,0.8769157728006556,7.336722673446159
Glioma,0,0,32.273193359375,41.54728133213434,406.77012243092645,0.5506671797350027,0.31034350507320463,0.8827577385066292,7.801940846070094
Glioma,0,0,32.40338134765625,42.51401642482623,384.6007431780996,0.5605679673269752,0.309072767470561,0.8941617731073916,7.526589818805478
Glioma,0,0,32.8028564453125,44.0004697090174,351.92377956635664,0.5681251313551946,0.3073474599209519,0.9096178588489212,7.132029021871317
Glioma,0,0,29.0263671875,40.0521576218067,248.15373245593355,0.5931408345079647,0.3272392171677968,0.92311509617624,6.034570881642371
Glioma,0,0,28.75274658203125,41.51946886638269,221.75325863935797,0.6017488543022591,0.3242110299621722,0.9361041504447842,5.878922234407589
Glioma,0,0,38.287109375,43.69541058392073,304.4542665531176,0.41739507302467366,0.16358404678621175,0.9205519662882327,8.187549285256003
Glioma,0,0,28.18475341796875,37.053299533392,357.5664815704997,0.5933134516377104,0.3172340391261307,0.8704568777126992,6.383887814651203
Glioma,0,0,29.6947021484375,38.978046909485876,360.7752471286594,0.5947016799653425,0.3227511046846045,0.8818818439022708,6.602546267593176
Glioma,0,0,31.386962890625,41.828815668963834,385.76047269286556,0.5983662196438384,0.3224036366021572,0.8903561418784519,6.925605905900028
Glioma,0,0,30.34771728515625,40.9000813412976,305.14620646432087,0.6169343841291086,0.33081742998706637,0.909301654592241,6.073527061117204
Glioma,0,0,32.093994140625,44.23688842938694,290.7741689077456,0.6014062938661537,0.3130936599954122,0.9261436422541564,6.1199833180922445
Glioma,0,0,33.26220703125,47.332945058409905,261.6329028361483,0.6002597466537845,0.31551303526112146,0.9419809745385719,5.934585994172562
Glioma,0,0,26.2591552734375,39.16739169184855,134.1889448935271,0.6524850788433662,0.3610303160163481,0.956567403584833,4.402762493025368
Glioma,0,0,30.81988525390625,48.94239346928651,157.35298753411743,0.6353422883784928,0.3439872426850705,0.9674061074397786,4.806467339497644
Glioma,0,0,30.74029541015625,39.25818793117298,409.84758528897635,0.5484838256444606,0.29766133569620057,0.8676790172622042,7.789635758959884
Glioma,0,0,33.91009521484375,41.25671300301564,407.89931228304977,0.5582031948968262,0.3015327677057008,0.880656273536033,7.476817766136334
Glioma,0,0,33.07916259765625,42.20854967198042,417.35270974453755,0.5438921044000145,0.2797784199268399,0.8834292869541907,7.967404887935686
Glioma,0,0,44.28131103515625,47.018665543714185,442.6036999301342,0.35462228661802775,0.12005067986578716,0.9001491581719288,10.194398361454578
Glioma,0,0,23.30841064453125,34.88254794221239,208.43370442993643,0.601353687282895,0.33905578962995675,0.9149489993970829,6.14960024451366
Glioma,0,0,24.54425048828125,39.071734782147495,223.8164573516994,0.5937623280028772,0.30357346725343826,0.927255086350041,6.34368775768892
Glioma,0,0,19.97344970703125,33.6959396412179,129.1830972646468,0.6790300883796452,0.3652296650211613,0.9435775973920544,4.1822830286289765
Glioma,0,0,20.7945556640625,37.90447594323236,130.68122733122092,0.667239762785528,0.32849907113288224,0.9549246912894875,4.332914993955454
Glioma,0,0,31.50494384765625,39.58075395892312,376.70036768985165,0.5368039547911683,0.32227276347764366,0.880320035417823,7.387492540611023
Glioma,0,0,31.16973876953125,39.76459889123222,313.5720935504804,0.5593023627989246,0.32031352642196864,0.9013213829710364,6.743822026707303
Glioma,0,0,31.13922119140625,41.06777446360415,293.5943632200198,0.5487145970896029,0.31204506186866554,0.9134238666118336,6.846351825517004
Glioma,0,0,30.96624755859375,42.230731852804546,253.85011615339494,0.5606181148502885,0.3101399486999965,0.9292446577660665,6.436931100425485
Glioma,0,0,30.5123291015625,41.68218164802038,345.3529664638048,0.5232932061141856,0.3063059374177903,0.9011853067374047,8.459200285589294
Glioma,0,0,30.266357421875,40.13976407714829,315.16842115720647,0.5220975394350559,0.31307066270662176,0.9027171707309716,7.9765627421891345
Glioma,0,0,43.7669677734375,42.784181928899066,348.87087723398764,0.38238061150321256,0.13362159525411405,0.9048151524910939,9.032377869444131
Glioma,0,0,27.8289794921875,35.67374064374463,269.1719050313443,0.5329418459960344,0.3230069925700627,0.8947561464732521,7.027779446184639
Glioma,0,0,25.71929931640625,32.88676496941549,271.1938855284284,0.544061282092054,0.3312955660480044,0.8752279700701328,6.670625794377281
Glioma,0,0,25.65411376953125,32.41513753671525,285.0080353129778,0.5604420023933904,0.3312244905115249,0.8650042496285194,6.236431175987967
Glioma,0,0,25.091064453125,31.694859125111908,287.4983497311054,0.5676457903176467,0.3303422960996219,0.8575627387702718,6.08875705251468
Glioma,0,0,29.639892578125,37.444479868796556,399.89779449094794,0.5534815073794525,0.3249597806942748,0.8580492015530617,7.131335879859983
Glioma,0,0,26.35498046875,33.454268423937606,325.8134932129592,0.5580503773185157,0.32658875628706996,0.8551223847668735,6.561021684544006
Glioma,0,0,24.96612548828125,31.598969686246093,251.29940441133473,0.5777976285802752,0.32711152526032705,0.8747459731187173,5.753340256681056
Glioma,0,0,23.2171630859375,29.654750988833662,224.50740635077386,0.5588085908393947,0.32248957808188156,0.8729592877966675,6.481930596674318
Glioma,0,0,27.1842041015625,33.28046880687256,282.74192617919937,0.5570208524859714,0.31400333933404284,0.8728794190560305,6.835804054421354
Glioma,0,0,29.61309814453125,35.288914991958926,332.74187168690827,0.5534201968932314,0.31587584139066105,0.8668799303194284,7.1452241498240605
Glioma,0,0,46.78118896484375,44.54924017257253,528.4925759696029,0.3316396200828908,0.09692178869859738,0.8669726013779254,11.078611555661968
Glioma,0,0,25.8177490234375,34.44578985708438,257.1829371784022,0.635122763372479,0.3505300512851567,0.8922100122610674,5.665166877209312
Glioma,0,0,32.8458251953125,39.82430174436803,359.9755919317121,0.4806362669835976,0.27898682976546396,0.8869842713278744,8.943374148468356
Glioma,0,0,31.59423828125,39.02818844335187,360.4952033459339,0.4928188096666136,0.2864365298324532,0.8821836989908949,8.77024340376933
Glioma,0,0,26.3292236328125,32.42769165417649,288.66173095630955,0.5335528865781352,0.3063498911351126,0.8633421121427046,7.279429230734216
Glioma,0,0,25.25390625,32.10240928663822,232.0921164420714,0.5880498461066581,0.32994146816614206,0.8879262144600817,5.784859569719712
Glioma,0,0,25.78729248046875,33.75353326620105,242.3611684020527,0.587463360448961,0.3243787835480745,0.8941859278415526,5.8942859135724195
Glioma,0,0,26.96575927734375,36.30869086269506,230.4626696284932,0.5941146147414202,0.3189748689091887,0.9130818202021658,5.805030680374462
Glioma,0,0,24.91693115234375,34.78399790436804,185.12345580943406,0.6039737755354021,0.3216679342828032,0.9239649452701836,5.370170287216121
Glioma,0,0,29.02606201171875,35.94459497857625,372.6677379448956,0.5791948480146935,0.3266779981380783,0.8563947707471089,7.021421769406773
Glioma,0,0,30.6815185546875,43.38043841129884,379.2624772828332,0.5431092719992183,0.30097490784314307,0.8998654279789621,8.379577352905985
Glioma,0,0,48.3834228515625,44.27159037640236,555.4831134428669,0.33502176086187396,0.10134685766818201,0.8583354969049923,11.378112842164555
Glioma,0,0,29.57623291015625,41.653550105542884,397.31499744256286,0.5202832830737991,0.3049867367734547,0.8862023051196015,8.866953062032445
Glioma,0,0,24.63958740234375,35.578322939799584,308.2771667106259,0.5395820986903159,0.3108214519501562,0.87901432146182,7.620788835328529
Glioma,0,0,28.86724853515625,39.80418398967297,354.99493609148965,0.5173703866160952,0.307518162225921,0.8886288565330114,8.133096344318819
Glioma,0,0,30.5966796875,39.34564324414887,346.38789311958556,0.5067098955322678,0.3073495172612994,0.8886653237483808,8.019132850766578
Glioma,0,0,34.1029052734375,42.2736320552815,449.39637454280927,0.5026291053328837,0.3059825029182321,0.8747997083714992,8.625062000124942
Glioma,0,0,30.72308349609375,45.50268589003176,301.19097757731345,0.6178729850329269,0.34133770494385085,0.9277626075513937,6.718612437225792
Glioma,0,0,26.61077880859375,42.514383865668826,227.97967025625044,0.6366013786589464,0.3564699440602407,0.937417167361515,6.000414383642093
Glioma,0,0,23.57464599609375,30.956471759481566,208.92312347908296,0.5636082371830353,0.3164090606044412,0.8915654600026071,6.1239690057510945
Glioma,0,0,18.098876953125,25.379898959603903,213.93817715762293,0.6680512575654192,0.35087069128468296,0.8349450093689477,4.717095371691116
Glioma,0,0,18.4505615234375,26.064003388464908,209.2155291420149,0.6624238836719682,0.3528567230281905,0.846966215803278,4.763903527807459
Glioma,0,0,40.55120849609375,36.84490217338744,465.4419908918482,0.3518765580586622,0.10888522510530746,0.8285869329506916,10.255470542192104
Glioma,0,0,18.251220703125,25.991561665409005,181.7300042334624,0.6776776294504623,0.35232941527398454,0.8663465524380292,4.425948844085558
Glioma,0,0,17.41314697265625,25.3774032980761,159.04301888292713,0.6860904651762376,0.36622231264894256,0.877339177279367,4.10680369017022
Glioma,0,0,22.37750244140625,37.38706149719464,163.37751488004898,0.6595766173496614,0.38012621054287515,0.942034835640497,4.6270876604258016
Glioma,0,0,23.25274658203125,41.561281391031365,161.17723050292005,0.6770795674244591,0.4017235628679489,0.9537520577587818,4.771737098162234
Glioma,0,0,31.83551025390625,44.781537379773894,452.1906788384796,0.5180870570864158,0.2767329360002153,0.8879739891540555,9.698368791270521
Glioma,0,0,31.89501953125,44.760055986489576,418.68349433191315,0.5131683138003986,0.28012608776838593,0.8961719500822953,9.17147357341738
Glioma,0,0,29.35101318359375,38.3568436690097,379.6641225626676,0.5613956144265875,0.30356544092670906,0.8716347017869649,7.303043043586868
Glioma,0,0,31.93304443359375,42.721852848393446,389.0694975374832,0.5544208974242283,0.30501789828566545,0.8939997835359019,7.495755655574639
Glioma,0,0,31.1463623046875,42.99118095143705,356.83871806030913,0.5225234253876785,0.2903216697371351,0.9040524916580135,8.342394231664677
Glioma,0,0,25.09381103515625,32.6121775834699,229.65392523756384,0.5398702334471179,0.290644711629733,0.8925927865758649,6.2959316778014776
Glioma,0,0,42.2989501953125,40.10898372023137,518.9133250376485,0.38274105128319336,0.13052817502273306,0.8388549557369889,10.348252516818583
Glioma,0,0,32.26837158203125,39.900387877415135,407.4215940619877,0.538447740399689,0.29893581764847477,0.8725865591157774,7.753723882448587
Glioma,0,0,29.27911376953125,37.589256255420764,377.70784500167383,0.5520802635510311,0.30192589144892773,0.8669896629703464,7.356924057598889
Glioma,0,0,28.162841796875,40.265902042731085,278.22605220994603,0.6008616975679839,0.3084452929249779,0.9147490766702159,5.709701130340277
Glioma,0,0,29.695068359375,43.92510755063863,263.21554754831305,0.611032741991607,0.33013147917366764,0.9322560627736844,5.741083364979803
Glioma,0,0,27.89263916015625,43.717915238609265,207.3482990169357,0.6187295876502192,0.33055738230973275,0.946164038197314,5.401631717326489
Glioma,0,0,25.890625,39.96168514085554,219.84347099946865,0.6098335896648224,0.3039660977768302,0.9316740742467366,5.480706820789201
Glioma,0,0,25.85546875,38.04521119789945,337.72551963859195,0.5701280654773073,0.3293567999841819,0.8841155720028567,7.736899083174254
Glioma,0,0,27.09136962890625,38.55837844831613,380.5784347584878,0.5693013187335787,0.33119436620678167,0.8728109188499735,7.72152813836985
Glioma,0,0,28.336181640625,41.65305594785492,470.1737746015332,0.5588469726691522,0.30529328514788834,0.8654112835082601,8.80746406414817
Glioma,0,0,22.0247802734375,30.89415360158554,238.99630808639313,0.5982738445545307,0.33435342912418303,0.8755590412058918,6.021602683830958
Glioma,0,0,42.95184326171875,40.46765578601356,540.1998300325347,0.3815200930504007,0.12776101801869666,0.8351695123246174,10.493041697021944
Glioma,0,0,27.5325927734375,36.76920120750085,382.36603395867746,0.5895565139093247,0.32019414882043845,0.8593506016589652,7.018280106873471
Glioma,0,0,28.04901123046875,36.92734272026294,433.8746895150517,0.5975760031225654,0.3262564952324313,0.8417299952814246,7.021831309288343
Glioma,0,0,25.9603271484375,35.43550566602707,293.8752281411204,0.5390515549959458,0.30348279673179257,0.8836624331960294,7.2543610790354585
Glioma,0,0,21.811767578125,28.089556107303565,209.72629003853731,0.5759985498436937,0.3149114332481706,0.8677492709523302,5.669929503921998
Glioma,0,0,25.3448486328125,33.656380212818824,226.01284661946627,0.6047454650921441,0.3326858153902786,0.9007712562303467,5.425702781093568
Glioma,0,0,27.1729736328125,33.98364563937577,308.6755925855938,0.5507881226230504,0.3112872805788879,0.8669498566748748,6.687209374419401
Glioma,0,0,29.5968017578125,36.10602002650056,305.85895431950553,0.5524304785399886,0.3125579339272064,0.8831599837543065,6.588024191674038
Glioma,0,0,27.05712890625,32.88238885832747,284.94408654445255,0.5582262984746023,0.3178506531510623,0.8687520772955407,6.361499957375517
Glioma,0,0,27.26617431640625,33.42124332273101,326.5383119594691,0.5684712589447675,0.32184366944215925,0.8544222088168936,6.53058374085558
Glioma,0,0,27.8309326171875,34.7290377029764,385.5963632083942,0.5633408004486807,0.32222809549914333,0.8408452147803683,7.011492788611268
Glioma,0,0,42.69232177734375,41.04189783097675,622.6348884143896,0.3501711201988426,0.11990771438452166,0.8153939496963808,11.776855377930879
Glioma,0,0,22.14935302734375,27.821219153321255,225.45721555507612,0.6011371882906618,0.33030018539773465,0.8550099990601238,5.363154343496637
Glioma,0,0,20.88916015625,26.694875475237048,194.00678271670716,0.6075137999818878,0.33453844349554257,0.8645220031013141,5.087113322664562
Glioma,0,0,21.72393798828125,28.091208401788574,172.71609319782615,0.6228994938082423,0.3365245977850331,0.8911044318085426,4.6831486084850855
Glioma,0,0,28.00543212890625,37.475140292273345,335.6478761083008,0.5576547614898731,0.3164694148704038,0.8811516295188551,7.374526038115494
Glioma,0,0,26.5169677734375,34.688500551236025,312.3852779737188,0.5711459576809438,0.32169944340464296,0.8708562863562903,6.731149298236802
Glioma,0,0,25.61505126953125,36.55148666289621,396.8026739491524,0.5761512393649443,0.32195305343623526,0.8524438782322354,7.4786305431994435
Glioma,0,0,25.3782958984375,33.10945179949715,345.0165264237187,0.5540383357536566,0.320933427423493,0.843437298648052,7.058345991692725
Glioma,0,0,28.264404296875,40.62273626549446,421.1948460460142,0.5736861145719687,0.32601814922634614,0.8731947282630369,8.749927585794026
Glioma,0,0,23.22723388671875,32.50245540626904,243.116678420887,0.5910006236866032,0.34158214386373964,0.8856276044556959,6.6441028194563545
Glioma,0,0,31.1458740234375,35.01983547961478,223.89344552129,0.5919688603636417,0.3221350002599643,0.908947946217869,5.652581820789175
Glioma,0,0,38.5479736328125,36.91707601185297,477.6410180711514,0.3916870159104505,0.12719237652994644,0.8249506579408965,9.880890011780975
Glioma,0,0,32.7021484375,37.82509030156724,217.60983830563703,0.5926735179517817,0.31813818446214714,0.9241863387302603,5.496176093915198
Glioma,0,0,15.34002685546875,20.84043602776592,151.90088214552668,0.5818862028640956,0.31869259640425107,0.8261151052677291,4.982426597666043
Glioma,0,0,21.7733154296875,29.216560844530363,216.756495723951,0.5554236477384789,0.31488905280477475,0.8737361798872635,6.0692609197724225
Glioma,0,0,26.2760009765625,33.240952646335764,290.9857995497558,0.5328629494221853,0.3055390590823729,0.8689328135605632,6.668165406643954
Glioma,0,0,26.842529296875,33.38519174983079,265.27212944272475,0.5434144391114497,0.31440540151180135,0.8815104020747215,6.444271576043761
Glioma,0,0,22.15692138671875,36.03982846160164,395.38552427890755,0.6572279146216147,0.3578225797736676,0.848976876181889,6.277448617397899
Glioma,0,0,21.81658935546875,34.23023481195486,375.34251920070244,0.6629530488638552,0.35231935485663535,0.8410105774312061,5.910473274072111
Glioma,0,0,22.35137939453125,34.699324164348,419.1383748314802,0.6712873020957231,0.35606338180507546,0.8272128006335494,5.948077318030172
Glioma,0,0,20.0264892578125,31.502492173841905,409.2873434497278,0.6643230527577773,0.3571149936336173,0.7953125597634582,6.042992968798991
Glioma,0,0,20.27496337890625,31.698053871828698,376.8277123117124,0.6659706260785418,0.3507774872220447,0.8138486172059761,5.954836300298143
Glioma,0,0,37.1060791015625,35.67018929653688,419.583297045543,0.403247917371377,0.13352154751999049,0.835327531006363,9.10817798588803
Glioma,0,0,19.43609619140625,30.79798986906649,361.90686588408016,0.6832399181865895,0.3647422834732582,0.8106480311317918,5.643179841047688
Glioma,0,0,18.50885009765625,29.27763192688377,288.29279534342936,0.6977533265276687,0.3751521505451656,0.8330918137434977,4.984515711219342
Glioma,0,0,24.69915771484375,33.45071123755619,285.57866071985916,0.5500105174090988,0.30405424590099406,0.8731087963123842,7.482840496931798
Glioma,0,0,30.183349609375,38.27498610883718,329.37069825707187,0.5454638701140767,0.32205541699984286,0.8881054431384162,7.873532583003781
Glioma,0,0,24.1446533203125,30.497313505962868,198.03151519586405,0.5805282713580955,0.3246057976176027,0.8940293138330986,5.763465651931831
Glioma,0,0,25.11883544921875,32.18070281251021,297.6267047612562,0.5917550478196008,0.3374153708512124,0.8569933416514881,6.3368994706745685
Glioma,0,0,28.67694091796875,36.32374053538348,365.27318828860876,0.5924874740383683,0.33377781409444285,0.8622172704088815,6.939015612406963
Glioma,0,0,26.718017578125,35.18921825810966,263.86126406630933,0.5941436648411451,0.32742287079217824,0.8940172111712479,6.1797720236071765
Glioma,0,0,25.61517333984375,34.85940359905024,230.75664902895159,0.6089559847099058,0.3341251563523332,0.9055976790249036,5.886439022878653
Glioma,0,0,26.45452880859375,37.82045703659185,256.5547657267551,0.5925021538332307,0.3168426708632573,0.9108939843602719,6.345315018755725
Glioma,0,0,33.04400634765625,42.347860207157574,345.50491302549585,0.5478266011542225,0.2819783375526969,0.904138645493464,7.315373802623428
Glioma,0,0,39.0726318359375,39.026176524335504,421.03964072386066,0.4031314108117542,0.13165861915884922,0.8620523583863982,8.948458400823878
Glioma,0,0,27.64056396484375,41.40413635612736,254.8339864336362,0.6038136769075502,0.32139069839961565,0.9261920408268317,6.407618362112603
Glioma,0,0,22.01593017578125,35.25519482775242,169.5986942677239,0.6382946550465629,0.35140488024649474,0.9322988961308577,5.282358978781029
Glioma,0,0,25.5538330078125,38.33919125884465,297.723942026053,0.6065820366686747,0.3339156981996004,0.8994288381603547,6.710018396600226
Glioma,0,0,25.8348388671875,37.55679380435327,343.7286530667253,0.618669922697891,0.3423656781659187,0.8789514264235192,6.488966157620515
Glioma,0,0,31.78955078125,39.793849244435094,383.37939256352337,0.4939347690323564,0.25859534397109585,0.8795114768768453,7.971927990731865
Glioma,0,0,28.99102783203125,36.30722490283075,242.279039792478,0.5695468407220121,0.31954998208067276,0.9085145504323056,5.5079612034229015
Glioma,0,0,27.3427734375,31.654450089554658,429.5759809098161,0.5385188167495109,0.3041037096891991,0.7862955285004648,6.947768770538152
Glioma,0,0,25.415771484375,29.707193061944704,358.42338092492065,0.5466263683584938,0.3100431985181596,0.7975865257240358,6.5118231330218315
Glioma,0,0,32.3765869140625,45.410177895653604,557.274182712522,0.548046611617918,0.30416737234174274,0.8657066386425275,9.215738876791622
Glioma,0,0,27.45111083984375,39.04268469270629,416.0226285921941,0.5680271768577829,0.30528801478459205,0.8644012280976947,7.890879055196617
Glioma,0,0,40.22552490234375,41.08832670181571,417.430277954359,0.40605561524008527,0.13875115907715568,0.8766584016020628,9.006946193580829
Glioma,0,0,27.734619140625,40.01470533831253,429.1369309067395,0.5743321635942522,0.3048705540701458,0.8668643858736407,8.056720425942018
Glioma,0,0,25.3961181640625,37.581947565059906,338.55332034887306,0.5903271037025623,0.3085871036991861,0.880967869634918,7.012814892818078
Glioma,0,0,29.6978759765625,43.464963276159565,382.93610039569575,0.5894221930900995,0.3150190738712713,0.8993313412869136,7.396254659697885
Glioma,0,0,28.27020263671875,36.375589635039994,306.76898487395215,0.5335901620193413,0.3274786310186717,0.8846450058333826,7.614398705360867
Glioma,0,0,25.5733642578125,32.445817417365035,243.08272197016112,0.5518059063887948,0.3306532016028572,0.885087163120049,6.428098020259201
Glioma,0,0,26.30621337890625,33.98992836045128,300.9688720627833,0.5657187495807972,0.33552458801424345,0.8703903097471548,6.877936044935317
Glioma,0,0,26.41217041015625,34.53587145016791,325.4411618823626,0.5755261112329715,0.3387223308212878,0.8642708904398022,6.83684473619017
Glioma,0,0,25.9381103515625,34.436871913843724,336.4426302681137,0.5891160126999436,0.34119877692571743,0.8589083321965878,6.732666848146892
Glioma,0,0,26.13037109375,36.497638387573815,346.6430236298482,0.5686694903965257,0.3306358677469063,0.8706753316874947,7.357881426701278
Glioma,0,0,30.8209228515625,41.41131350794167,378.6318289746539,0.5301790280657463,0.3309752228763405,0.8902212403245571,7.849753113569811
Glioma,0,0,50.79473876953125,40.0669275799675,597.2664014547502,0.26636866157728767,0.061757083766479925,0.8132019634346559,12.647449615213153
Glioma,0,0,27.49603271484375,38.04769453535866,394.50440249323486,0.5837497735410884,0.3415460990319432,0.864549892867022,7.346987326787961
Glioma,0,0,27.3604736328125,37.28493426852842,334.70041055711476,0.5533293676001053,0.3333621776059605,0.8803148037359088,6.936877334692915
Glioma,0,0,24.452392578125,34.68937113672583,322.3585329124178,0.6001725041820963,0.3360655916142973,0.8668983147876554,6.6005494276620595
Glioma,0,0,28.4266357421875,39.89455692664321,368.9413074373522,0.5589103028600049,0.3357044261319527,0.8848117458158902,7.234136444836199
Glioma,0,0,25.726806640625,37.45401411071423,321.56076496531915,0.6269067309340842,0.35174592138131494,0.8861429686108359,6.27266322501463
Glioma,0,0,28.35711669921875,40.87189512274734,284.15014105031645,0.584306265843102,0.3430408120106677,0.9155080068411919,6.239942417385482
Glioma,0,0,30.3050537109375,41.685436533533576,339.33337079179523,0.5377230729838466,0.3082153625273297,0.902939059810826,7.737137638338835
Glioma,0,0,28.765625,38.39412726953255,309.1881147942403,0.559983574643777,0.3230190554510962,0.8957006938100461,6.92946069095338
Glioma,0,0,30.9171142578125,40.783151776449664,372.9790003643073,0.5496513669867669,0.31407941209047163,0.8884686603047172,7.452563850441228
Glioma,0,0,28.0150146484375,39.146251082052316,363.3160105148921,0.5343445679273924,0.30740250433377,0.8821728381360632,8.57732384214891
Glioma,0,0,47.03338623046875,36.24006357766942,477.6567268681889,0.26928586000482063,0.06266342378778997,0.8172069138289212,11.528366267671176
Glioma,0,0,34.105224609375,47.00863931203585,429.690995014885,0.547621876219679,0.308723216011736,0.9033562132409438,8.732454691473285
Glioma,0,0,27.052734375,35.117984763527055,286.5108267716914,0.5376382759512959,0.3037227676273144,0.8844223644967281,7.255991730734245
Glioma,0,0,27.94403076171875,35.50373040703554,346.1425818789601,0.5349745741225976,0.3077346702283947,0.8633400596500127,7.662616395546122
Glioma,0,0,26.2012939453125,36.7540373431412,261.5797953705603,0.6230091440556738,0.33706954282877916,0.9037795780736052,5.989808245242145
Glioma,0,0,24.97637939453125,36.475924023602076,215.29549913008805,0.6241910135100255,0.33197756964134434,0.9196341924243342,5.522233341342278
Glioma,0,0,26.52215576171875,40.2951906557296,209.27090615121423,0.6210861352269599,0.3227917627102851,0.9360188997236004,5.557557185427466
Glioma,0,0,28.771484375,36.91444563086558,434.0187296078326,0.5364590621086864,0.31393878858865615,0.8415150923237138,8.194074192836824
Glioma,0,0,28.3095703125,36.32218521617152,424.6304097530625,0.5418827603911152,0.320719678215679,0.8398460626014714,7.758466649746666
Glioma,0,0,26.78680419921875,34.53572537729135,376.16056845399487,0.5702525024023722,0.3286995502277307,0.8430827666027667,6.9062340155937525
Glioma,0,0,22.98138427734375,30.537497883586113,279.4421190092687,0.6011936078035286,0.3395936102746133,0.8509814991472119,5.9315593709318275
Glioma,0,0,48.25848388671875,37.611136033840936,553.3555236056393,0.24858402654476575,0.05665896448195258,0.8034362391599295,12.594194051670655
Glioma,0,0,23.55194091796875,31.580040181786153,257.42083383388217,0.6173478345281314,0.3425855620589201,0.8716577723123817,5.593252303692642
Glioma,0,0,23.29852294921875,31.917936886395808,236.0362516662805,0.6222133939330822,0.34302448557029797,0.8848335836378203,5.602474579949712
Glioma,0,0,26.04461669921875,38.560817794986136,359.28534176604865,0.5729928099015441,0.3078257568173414,0.8800086556657601,7.29730803211698
Glioma,0,0,24.90435791015625,35.95675361351024,368.5360261892863,0.5770734388802867,0.31185592637467663,0.8584046571529695,6.888412128387491
Glioma,0,0,24.7366943359375,35.08089154193879,356.50376844507986,0.5847176221034248,0.3155670720506991,0.8560705726369877,6.689856489088689
Glioma,0,0,23.37921142578125,33.09964477662998,360.4675838648973,0.5911049156806532,0.3219991816501418,0.8365226416746091,6.651253419695015
Glioma,0,0,22.5667724609375,31.5559485687132,327.6632041858171,0.598702478209539,0.3278838798079548,0.8364770512938418,6.154733903218389
Glioma,0,0,23.41436767578125,32.608036569854775,345.5168119633461,0.6022492812721291,0.3257378609176731,0.8385055730866444,6.229949498962082
Glioma,0,0,32.45428466796875,45.44889208709443,485.06790309292853,0.5191533886821343,0.30016414425372373,0.8832970210059063,9.882839019585923
Glioma,0,0,28.0150146484375,39.146251082052316,363.3160105148921,0.5343445679273924,0.30740250433377,0.8821728381360632,8.57732384214891
Glioma,0,0,43.52117919921875,36.45324274890055,450.6734247609596,0.3009829909127002,0.07333201415174456,0.8299923680046274,10.545731388338794
Glioma,0,0,46.7794189453125,49.68920792322389,440.22565962327053,0.39524265388983654,0.14219232301849377,0.9111159547543533,9.623760239709377
Glioma,0,0,39.5279541015625,49.74003413661832,477.4817373307433,0.5002055336161094,0.2121385932963329,0.9039882242235758,8.466826785217316
Glioma,0,0,35.63690185546875,49.49286572711232,401.01086685383143,0.5399728494524545,0.2346714358301921,0.9186535554053237,7.460749683219183
Glioma,0,0,32.613037109375,48.49033827687382,294.5946591737397,0.5777824775540228,0.23885687154279006,0.937798005881526,6.32741102982294
Glioma,0,0,21.71746826171875,25.88935097077479,177.53938921160545,0.6113387582350367,0.3377468178271118,0.8680372586243509,4.930691369195609
Glioma,0,0,24.936279296875,34.43285035852563,268.9225649935999,0.6035670045917007,0.346824561688134,0.8872648731606196,6.088650731989604
Glioma,0,0,27.63507080078125,38.370270448828954,289.52652539683805,0.6007586836882851,0.3487849736226088,0.9022668054864679,6.405920624341935
Glioma,0,0,25.0625,37.0155738839875,324.08814625446036,0.5727895415358943,0.32705173756111716,0.8825297576441464,6.886365155543565
Glioma,0,0,24.2548828125,35.85187967126451,339.9629868947672,0.5848337384005264,0.33036920664249625,0.8686416095702248,6.927290807707376
Glioma,0,0,24.50604248046875,36.19353546404202,351.7756559419821,0.5843184221855166,0.33374237759797715,0.8666328431986038,6.9540138299034275
Glioma,0,0,44.9154052734375,37.83130081389352,410.8324742118662,0.3181574329261039,0.07756567790005937,0.8561157341529664,9.884650948990293
Glioma,0,0,22.8375244140625,34.18467150268486,306.19534640635544,0.6053957262909917,0.3369404718438683,0.8698917129431338,6.373995888617449
Glioma,0,0,22.32421875,33.61206418482281,282.868224306796,0.6091290165110899,0.33654169225341646,0.8756856492551299,6.221319372326887
Glioma,0,0,22.16534423828125,33.873557722030185,266.82138151779714,0.6153648000018221,0.3399346054413998,0.8845622960534841,6.010716091745321
Glioma,0,0,23.52886962890625,36.059636497307686,284.5649054110971,0.6124521834980378,0.3496772891459886,0.8913639902691667,6.284212685613555
Glioma,0,0,23.89410400390625,33.897733728908484,361.80347849762416,0.5999465028352822,0.33709377251534073,0.8435455950077263,6.698304005983706
Glioma,0,0,21.71466064453125,30.52229573637322,302.5153883823697,0.6138792408161724,0.33181727064017796,0.8386288410005444,5.880603987771023
Glioma,0,0,20.97314453125,29.99612013443965,313.6767064081306,0.6326826836301623,0.3459336205265493,0.8267922890637468,5.643467075997151
Glioma,0,0,22.8505859375,32.841698536199594,366.6564810473765,0.6393371875909404,0.35200491237182807,0.8311146283442646,6.051318665137909
Glioma,0,0,22.09637451171875,31.988018486608148,342.7749482686827,0.6462060519625528,0.3574185674838436,0.8335936477144139,5.909373982811022
Glioma,0,0,22.60748291015625,32.76294688569637,324.57154208843156,0.6527358168077848,0.35880965230751266,0.8497996509841568,5.771809996745544
Glioma,0,0,47.40283203125,41.31702304555335,480.41065636824544,0.3035249951087633,0.07416115128680861,0.8590761494596051,10.657276392678938
Glioma,0,0,22.5191650390625,33.85403343719774,259.5607736840759,0.6748432747252991,0.36979879095087936,0.8875579775045913,5.178254473696945
Glioma,0,0,22.505126953125,35.25098656481087,281.35626167349255,0.6687748972987633,0.3635821230026681,0.887635470756426,5.464003357694749
Glioma,0,0,24.55657958984375,32.357090348489706,310.5143118567838,0.6169443523595093,0.3436027506632086,0.8524881045809443,6.131135832584784
Glioma,0,0,25.77154541015625,34.241676728799334,285.1818446684086,0.6341844927980906,0.35734793846208923,0.879041431236026,5.863458047229192
Glioma,0,0,33.435546875,36.60319078013371,366.2870923007946,0.43989867600461247,0.21959302035741085,0.8636460578218135,8.800062436063348
Glioma,0,0,39.19476318359375,41.72249332945642,441.0297581220792,0.42421098477199126,0.21545270756727888,0.8735707949200779,9.707596274568653
Glioma,0,0,33.7794189453125,35.6051932501584,337.42677712703033,0.43094679486034454,0.21645069901921155,0.8671437954721766,8.602791604021533
Glioma,0,0,43.1895751953125,44.39778462936324,509.7127150387876,0.40453933575290274,0.21186409416945598,0.8708557443957583,10.60877497926997
Glioma,0,0,39.40118408203125,40.483565411437866,422.9943898364911,0.40341051618871315,0.21063759315787903,0.8711189643015889,9.740160023289882
Glioma,0,0,38.14215087890625,38.35114309154823,400.759902340163,0.4070344157538928,0.21071347611197594,0.8638931960235101,9.341532526815968
Glioma,0,0,49.306640625,44.183898476855084,547.7922104594973,0.25727545151922243,0.059811323493770614,0.8595456790272988,12.231446220706532
Glioma,0,0,34.470458984375,36.90503419864824,429.54499949630207,0.4145631654973859,0.2092791171429105,0.8426626903278788,9.304881008200487
Glioma,0,0,33.6390380859375,37.26013723288984,416.58196246866646,0.43216499228708016,0.21119053095197,0.8504098703760488,9.13797231500815
Glioma,0,0,31.3773193359375,36.20917809562812,381.78663432332013,0.4442116595139156,0.2127955491964858,0.8549616717630899,8.680940096256162
Glioma,0,0,33.33148193359375,39.27443967043858,401.91759021024257,0.45363436662805384,0.21596714656809257,0.870278860860157,8.771567324385895
Glioma,0,0,34.25970458984375,41.11058943605553,445.09624114567964,0.4405837498442843,0.2128134077446479,0.8689552860066856,9.26596769599927
Glioma,0,0,41.13580322265625,43.70805106493393,443.7641957276759,0.4302516726151071,0.22469139736810317,0.8840672359534771,9.947839852712132
Glioma,0,0,39.011962890625,40.79592173166483,369.57335607644654,0.4356812967265522,0.22063261313600682,0.8891314498965385,8.939251261315984
Glioma,0,0,37.1668701171875,38.156704108537596,354.78283499930455,0.4354596885057111,0.21823352656874193,0.8782987809422576,8.745550401257878
Glioma,0,0,31.95880126953125,40.783108188371955,390.7325209299502,0.4968343277812167,0.24037905865327103,0.8831207542021027,8.554190893539317
Glioma,0,0,35.1290283203125,43.08766020619036,441.7407806300743,0.4719518912770205,0.231608169766648,0.8815624575604355,9.309417915712258
Glioma,0,0,47.0357666015625,42.01790204001102,458.8258485541015,0.2677460439944378,0.06389749886003486,0.8699163499920077,11.26068182214626
Glioma,0,0,34.39959716796875,42.716138731614166,462.164827329731,0.5281009881821825,0.25191895959519883,0.8740245278757499,8.816888446278208
Glioma,0,0,32.36749267578125,39.25029881967816,365.1026843148009,0.5376492602557927,0.2668350428254817,0.8820902440523918,7.984945594892316
Glioma,0,0,27.7047119140625,32.96726836518198,241.94885147195038,0.548970080347635,0.26700959135682545,0.8892017186687987,6.365667891492679
Glioma,0,0,31.969482421875,37.41728078956618,322.9865190902688,0.5257490579145715,0.2647163790920277,0.8851686741284506,7.521800551414435
Glioma,0,0,35.1705322265625,41.44128789731116,433.15124179473855,0.5001686721160855,0.23565071440947502,0.8744596944220435,8.755267104285458
Glioma,0,0,31.67498779296875,37.68027817900648,375.72080096900254,0.5237070222023668,0.25872982292623026,0.868296408999492,8.146325015307447
Glioma,0,0,33.25823974609375,40.46789060654995,469.1550053960248,0.5193019654629615,0.24435913906895804,0.8574498048404915,8.80291710583548
Glioma,0,0,29.85089111328125,37.17346499117425,352.33347723341126,0.5550409262101395,0.27271348480390323,0.873135589135206,7.404735477440536
Glioma,0,0,35.6181640625,44.489619544510276,369.1562759141751,0.5143245277550701,0.24588944890088585,0.9071987964755908,8.442237439163616
Glioma,0,0,37.1309814453125,45.252015743190064,403.67032184852155,0.5104468540442652,0.2427156961611529,0.9018656448035474,8.673372690496613
Glioma,0,0,32.8846435546875,43.69879116337802,480.9931545566974,0.5236141934831835,0.2660156177346099,0.8747349801438277,8.367691008820659
Glioma,0,0,46.537109375,42.63687706645768,439.4849091456581,0.2804736785234598,0.06569422084255905,0.879072258283803,10.785149105455679
Glioma,0,0,40.88116455078125,48.42195417579112,433.9112154592219,0.4941684031772521,0.23965388836159757,0.9078312641586956,9.109692871730815
Glioma,0,0,39.81976318359375,45.59986114526398,376.8698548374268,0.4955063507392811,0.23064778548172252,0.9096862738435673,8.567525037395017
Glioma,0,0,25.6953125,34.72923218084578,163.78624318969304,0.5570852633246847,0.25789414876514793,0.9325346178171385,5.241681327113177
Glioma,0,0,24.56854248046875,29.084137009049858,227.98310884123873,0.5786260189097219,0.3326917483669945,0.8657069566059917,5.7103412331829615
Glioma,0,0,28.8455810546875,46.780584158424006,231.02006624329053,0.6073015171979145,0.2614524812566862,0.9476392371102806,5.6239280759817545
Glioma,0,0,26.2454833984375,46.41059971839842,185.4953364281984,0.6392673366080135,0.2788465414357878,0.9573171282985362,4.9801706165917885
Glioma,0,0,36.7047119140625,37.266983888549774,334.97680299270456,0.417457489156368,0.16954424105916022,0.879621650609725,8.715506376326047
Glioma,0,0,39.79571533203125,40.894848412253,420.65160023294123,0.40855912123834404,0.167914127412732,0.8745003082826146,9.638670542967185
Glioma,0,0,43.6492919921875,44.56976324690814,449.6490700950734,0.4175365916565768,0.1692828002982695,0.8870522895298362,9.877251379503864
Glioma,0,0,40.6424560546875,46.127582596472124,430.9998872615668,0.44810596136666647,0.1845187267585866,0.8990866698058058,9.076783641849886
Glioma,0,0,51.04541015625,46.786784319304815,488.26600123910805,0.272790037665186,0.06287118773208322,0.8884335179505931,11.39944754499028
Glioma,0,0,40.07147216796875,43.921062966420784,417.30709993457845,0.44480197344202277,0.1854411399632374,0.8921594826687103,8.842985170346598
Glioma,0,0,40.6282958984375,43.60729118908837,414.44887508530996,0.4289703625047342,0.17842084532464308,0.8913189494031474,8.903971011067975
Glioma,0,0,33.90679931640625,36.34604789946111,322.25461840380433,0.4507197303329316,0.17781359102158517,0.8783635392211349,7.707447934427853
Glioma,0,0,41.12109375,45.76471394380608,433.0916175348696,0.41872582809176484,0.1724294615283954,0.896949479384494,9.450826636029682
Glioma,0,0,38.63873291015625,42.704111670543675,409.2636189569885,0.42470230432347716,0.17654458255897,0.8881377027968302,9.184307477991124
Glioma,0,0,33.9449462890625,38.26102809448179,372.48643178150655,0.424760174586268,0.1714165642016514,0.8732216869672071,8.780614862011914
Glioma,0,0,39.1845703125,45.32050970383463,475.7901705101117,0.4298965571517902,0.1786776760318084,0.88465488507307,9.810189042254597
Glioma,0,0,39.044677734375,45.78093756285935,433.95605377937056,0.4428956638560972,0.1880752455717286,0.896909375832101,9.214191779947502
Glioma,0,0,41.788818359375,43.9708414122605,389.02383856335393,0.44191400300959377,0.18444403076698324,0.8996546947370455,8.9596778802942
Glioma,0,0,42.87005615234375,44.09205870080646,410.6441530735154,0.4391886555915846,0.1856563827779758,0.894615337360207,9.308772121451469
Glioma,0,0,36.0753173828125,35.7196702110638,477.05328498943686,0.3778258745370852,0.1087357584347209,0.8133011655984403,9.488640414781754
Glioma,0,0,40.01019287109375,41.699139013236504,402.0981298486551,0.4341836236532334,0.18598796618433477,0.8846675748940018,9.101850582608359
Glioma,0,0,41.395263671875,42.81145518830951,395.2523649657207,0.41970333343221466,0.18346204407223682,0.8924308163328253,9.283076339591215
Glioma,0,0,44.7486572265625,46.6585569135561,457.2955944311004,0.3912401308901854,0.14591455454523047,0.8952380601226068,9.525715883464061
Glioma,0,0,41.9033203125,42.65219250060115,473.85328954257636,0.3872486596802905,0.1509574966609137,0.870049799953968,9.494959341482136
Glioma,0,0,35.16748046875,39.66445599567971,361.9144791844795,0.44647628161909847,0.18159715139793414,0.885403775836655,8.496688442596577
Glioma,0,0,42.9415283203125,46.43659307879724,406.9420636693436,0.42703735778276364,0.17349135946960376,0.905907665520779,8.7189203792479
Glioma,0,0,38.26043701171875,41.24984294719673,347.45197678681006,0.4318524105101953,0.17995365958609982,0.8981860839567447,8.196212712738769
Glioma,0,0,34.44268798828125,37.4473883735218,306.83206140244124,0.4393926512991461,0.17716949974594792,0.8909271164734653,7.7841551659673645
Glioma,0,0,27.50958251953125,37.22104784011251,349.2310756731355,0.5667229563764169,0.3239065874138244,0.8746728960823276,7.042165896832547
Glioma,0,0,24.0001220703125,32.78402224015399,267.7790255033955,0.5995081063266167,0.33413806329418505,0.8761485365049178,6.018593498125107
Glioma,0,0,40.59210205078125,38.50349629803999,520.6826063496437,0.36617232556534196,0.10930834390804973,0.8244551498754586,9.925874250186938
Glioma,0,0,25.02069091796875,34.48080661067302,282.7649473580519,0.5945894921298377,0.3384982458710828,0.881787815799713,6.196233298717212
Glioma,0,0,26.64056396484375,37.16669280783249,304.11930979334545,0.6070003056997144,0.351134785192872,0.8905886451133583,6.481198462397605
Glioma,0,0,29.3985595703125,41.43488352970809,342.52204346600706,0.5923873668490403,0.3344012378248305,0.9008674851725533,6.814615512044281
Glioma,0,0,31.0615234375,46.249429884824806,461.27162302770734,0.5626504145024833,0.3334132939766518,0.8929113449158522,8.980604859648583
Glioma,0,0,27.91650390625,40.83941746201461,367.85364216828077,0.5705765250790771,0.33264114623767466,0.8904505087074237,7.808317897886905
Glioma,0,0,25.8607177734375,37.87461336787547,338.1688197986222,0.5842005889850981,0.33884301391584526,0.8829075592324005,7.054083967543686
Glioma,0,0,24.37322998046875,35.84547550155334,331.8481105947,0.6016852142171892,0.35035814678119653,0.8717274993663713,6.665193760075756
Glioma,0,0,25.6749267578125,38.164997797450496,378.080818857,0.6080974626924782,0.3547518252179613,0.8711016480705926,6.989268650413077
Glioma,0,0,25.46868896484375,38.40920097859873,382.7997194979263,0.6160924308966227,0.35625855075194257,0.8711681419854962,6.924413130076997
Glioma,0,0,22.6529541015625,34.86139433533537,285.5617920845558,0.6462260937149106,0.3659484242427142,0.883364281987159,5.984226054390204
Glioma,0,0,30.43109130859375,28.274418850930847,333.51627406382556,0.38554624175661706,0.11987155769422898,0.7914555718819523,8.121261344085717
Glioma,0,0,26.25286865234375,40.92350470842451,348.3668421399798,0.6341067067940214,0.36481147095344874,0.8967613166186917,6.582952290905286
Glioma,0,0,23.10791015625,32.518713826854615,268.2770676557246,0.6766071288510808,0.37069274652775086,0.8739331508687948,5.158721286193047
Glioma,0,0,26.24688720703125,38.25531514755872,339.7019879274508,0.66101736650512,0.34430588570604354,0.8847075704005818,5.817821596581262
Glioma,0,0,21.35260009765625,32.23284316566298,188.62308841025762,0.7030953311326205,0.3948359385525957,0.9098652331501405,4.322564363879105
Glioma,0,0,24.85760498046875,39.49305744623201,222.21910020385013,0.6632926480861256,0.3407326047642105,0.929305469989583,4.964927062667113
Glioma,0,0,26.68927001953125,32.3684867981482,282.93349663265127,0.5584006529687275,0.3281201433848706,0.8655057188145714,6.5129226664709945
Glioma,0,0,26.841796875,33.04372208797747,303.5473690635225,0.5570633113001779,0.32916346820745634,0.8615800914689569,6.664669180901516
Glioma,0,0,25.36865234375,31.68042379292688,298.6658847224296,0.5548864130575641,0.33035919364970273,0.8518673723895256,6.792144826477843
Glioma,0,0,24.04693603515625,29.86511108294903,248.20032554911543,0.5712104189977485,0.3308183609337823,0.8614643462029706,6.095802300980193
Glioma,0,0,25.9150390625,32.808552342863464,276.15436626188904,0.5710331284126464,0.3294327756380053,0.8723186536465739,6.387617751798642
Glioma,0,0,27.896728515625,26.177773664388507,306.75575487090975,0.3700373991958066,0.11648896537229285,0.7762614251303785,8.36867283890871
Glioma,0,0,24.6611328125,31.538351886748313,224.535215343892,0.5994903268481495,0.33186806157418924,0.8876743213121648,5.4943618637242295
Glioma,0,0,24.43023681640625,31.066404295824974,298.3894298023306,0.6178615362327241,0.3368626518933859,0.8461427220255869,6.104423708848034
Glioma,0,0,23.27557373046875,30.18198463199706,232.7019387632766,0.6409151018541301,0.34685060631978243,0.8729174589785611,5.337310463683939
Glioma,0,0,23.37860107421875,31.216734772857716,219.08353426865526,0.6443263694096186,0.34324194297079785,0.8882045869903257,5.269976633703779
Glioma,0,0,26.58935546875,32.2046082260106,155.7023897172918,0.596561679162495,0.33192948304462605,0.9252252015749447,4.642786769948888
Glioma,0,0,40.2423095703125,46.1831548397784,376.90112663434724,0.47308459882170595,0.22551622232428992,0.9119584937135903,8.674823033241044
Glioma,0,0,34.54638671875,38.80624284847106,299.6257418218354,0.48622519311518486,0.22689630940070396,0.9008502524564864,7.485566807071928
Glioma,0,0,33.43109130859375,34.96506016377365,355.444076251471,0.46155893872441783,0.2216031335528666,0.8549249830593075,8.092206899258285
Glioma,0,0,39.10760498046875,40.605738592191585,427.394078600709,0.45316714681704995,0.2239025816448888,0.8706394094652409,9.04075854245551
Glioma,0,0,37.3458251953125,40.25744223040365,393.1310316918033,0.407787545952086,0.20590026870459413,0.8789928020754876,9.27218902094155
Glioma,0,0,31.09246826171875,28.615589881890315,328.19492911644767,0.3895134391873031,0.1298108134120635,0.799593026679264,8.312246913556848
Glioma,0,0,34.408447265625,37.90019907304599,342.8677791652881,0.4277141088955255,0.21133543214214326,0.8809737892903194,8.543953001969362
Glioma,0,0,31.7601318359375,35.81459053101814,292.39065866416405,0.4349878287198012,0.2159131447456632,0.8863833168350155,8.022142520848327
Glioma,0,0,36.1617431640625,41.959392994154975,416.09810163377165,0.49444258679720976,0.2451553907224628,0.8822842237917083,9.177062908814667
Glioma,0,0,36.1617431640625,41.959392994154975,416.09810163377165,0.49444258679720976,0.2451553907224628,0.8822842237917083,9.177062908814667
Glioma,0,0,39.14263916015625,42.254131157447446,446.2234888923537,0.47065677670644,0.2315267468647383,0.875353763320938,9.567462189613005
Glioma,0,0,38.10113525390625,41.08676970991482,372.53984452505176,0.4134501769745623,0.2149198084656997,0.8898997480779742,8.913245599929663
Glioma,0,0,34.1617431640625,37.0608213454224,314.71814888946113,0.43359805872320645,0.2143604893623607,0.8857050103939853,8.06719699376983
Glioma,0,0,34.920654296875,37.976345410066884,348.6972102850901,0.42153764026215523,0.211566861960712,0.8794059596661876,8.560839074804084
Glioma,0,0,34.81121826171875,37.75763476487004,334.6125015258255,0.4282484769770729,0.2122994233324591,0.8829213227443169,8.454979796679247
Glioma,0,0,37.6875,40.8495805660459,391.6729090216569,0.41516683166027596,0.20945859355397484,0.8829213885109787,9.27463451411379
Glioma,0,0,30.178466796875,28.343190288590055,345.2397260224511,0.39487430355446385,0.1295704304367582,0.7851930089388289,8.321263693309206
Glioma,0,0,36.95733642578125,40.598115486915965,368.292749448834,0.4292665206744734,0.21149992415093527,0.8885785351650177,8.876143490569355
Glioma,0,0,32.95867919921875,37.293756600280346,308.35424303665195,0.44915111349492115,0.21382245031976166,0.8895088160809097,7.896760106021087
Glioma,0,0,33.83599853515625,34.9392839088396,342.8068871724042,0.4169858257457561,0.20955777428626723,0.8598519367748391,8.281929700578914
Glioma,0,0,33.9954833984375,35.21857813997994,304.278233427592,0.4215796268730963,0.21095541223037476,0.8775491511080457,7.778053239700921
Glioma,0,0,39.76007080078125,41.06517976528465,381.99529004922164,0.4015427359891184,0.21061291233068596,0.8869146868857026,9.094599958732115
Glioma,0,0,36.63238525390625,39.00401939328879,337.95787902908245,0.42015600999556524,0.21212846369143157,0.8891583183224039,8.466666577865304
Glioma,0,0,34.20892333984375,40.359497386126165,377.2253625796906,0.4458373375637643,0.22004692606975962,0.8846503073401557,8.617538309296602
Glioma,0,0,33.09979248046875,40.16879199755543,366.38338624339195,0.44909445245392043,0.22240096083177588,0.8869459816910586,8.473772010045217
Glioma,0,0,27.1094970703125,34.18571247099299,254.289496985275,0.49195558521079136,0.23167388067074696,0.8917240766153267,6.864143923601076
Glioma,0,0,28.9034423828125,38.195579557329836,311.76914108520384,0.49984503357850824,0.2368236028050642,0.8937296560634955,7.456846460568874
Glioma,0,0,36.5628662109375,34.65776390104781,528.6998322122204,0.3396706548927179,0.09615822046146853,0.7800559508033479,10.319088724115907
Glioma,0,0,31.72918701171875,43.355981991941256,364.27819867364485,0.5006484325313952,0.2431744613529903,0.9036707527880906,8.030949686900525
Glioma,0,0,32.3602294921875,34.772258782062295,267.4026624694151,0.47692562718566245,0.23783868981720252,0.8897144272033075,7.565880702074581
Glioma,0,0,32.20050048828125,35.5783363141987,281.74196396052275,0.4930099842526694,0.24608083945299364,0.8890470020467346,7.549077215342665
Glioma,0,0,27.724609375,31.555902618714413,238.47167260352654,0.5000616851542015,0.24609969760168746,0.8806828508057293,6.99975502685446
Glioma,0,0,34.7008056640625,40.87488453652613,381.29960118910856,0.4881199187019861,0.24478413031547303,0.8863484916264509,8.862769870072283
Glioma,0,0,32.0274658203125,38.713626168281685,352.1905868070111,0.5024076498079384,0.2534174135007893,0.8830167728948792,8.346066649165733
Glioma,0,0,30.15087890625,37.39164442050806,312.44541845728975,0.5242763900807498,0.2650568828473223,0.8887785013891978,7.746255168292579
Glioma,0,0,32.572265625,43.020555728389226,435.9726828907559,0.5244465157388474,0.257375211462634,0.882866678573531,9.017584058607062
Glioma,0,0,36.2086181640625,37.77411447744835,306.5942295322432,0.43999115036473313,0.23124843994485278,0.8927530723003269,8.286122822246401
Glioma,0,0,32.62188720703125,33.264649424295186,238.31004494042378,0.4446563382557843,0.224134265074697,0.8924679285903598,7.336139242591528
Glioma,0,0,31.37939453125,27.06155914979369,255.60895238198646,0.3538895998704638,0.0929651389749771,0.8252050329486013,7.720373386059711
Glioma,0,0,39.3013916015625,39.69695978570031,345.1797247969878,0.4263711043434092,0.2221030784420448,0.8906339652886567,8.868133970643761
Glioma,0,0,38.19952392578125,44.367803633773356,436.2112586413406,0.43413229047580587,0.22778683197740898,0.8895961810150141,9.95290727300353
Glioma,0,0,35.8343505859375,40.22899571707493,370.64379306107355,0.4450181981548154,0.2343705912277811,0.8858322469765744,9.036285814760136
Glioma,0,0,32.81231689453125,35.69046537254667,285.72528798576275,0.4526304842851827,0.23527462632474558,0.8881179730593672,7.869597633727253
Glioma,0,0,30.87066650390625,41.325542616568505,250.4918771361373,0.5144022892195542,0.2599518474656979,0.9270713578192916,6.95274125313975
Glioma,0,0,30.457763671875,38.07514412161363,243.3422601806468,0.4890309914504314,0.24710970188388146,0.9164592720305642,7.043057996273031
Glioma,0,0,31.33306884765625,36.56310383056603,234.03934828185047,0.47710420994038016,0.2406777006181047,0.9127736393038375,7.041571325330899
Glioma,0,0,32.4759521484375,37.05048001256897,280.51248200546814,0.4602730846659999,0.2327063699375206,0.8981522974581606,7.555209051825168
Glioma,0,0,37.94757080078125,42.4182376169346,400.6368598245541,0.4356602697727753,0.22557476746599708,0.8889951210122722,9.00585477342927
Glioma,0,0,39.27630615234375,43.04882465103964,424.9491832695194,0.4259804233632282,0.21964028466297125,0.8856535655137422,9.158114484198734
Glioma,0,0,33.1290283203125,43.23601626733342,517.5460440531093,0.5125656732873483,0.26815460891017207,0.8622800830562551,8.720042557273837
Glioma,0,0,37.99755859375,32.21322157795088,388.2899259002007,0.33587104588776806,0.09260021043837414,0.8125177834137398,9.588501302003348
Glioma,0,0,39.28118896484375,42.17298619150675,404.9871383649561,0.41533417333123224,0.2159434087559297,0.8864319475733659,9.154314191441882
Glioma,0,0,37.91461181640625,40.48646567318218,375.6325341049592,0.4165173827835121,0.21428401599772748,0.8856747245381121,8.716577452687035
Glioma,0,0,40.01434326171875,42.25751397256986,430.64666964886385,0.40397180710523994,0.2120243383082473,0.8796850408691774,9.38658227707181
Glioma,0,0,30.51239013671875,41.109371648139124,357.877712384388,0.5585755352074981,0.26422412551688307,0.8947816712971022,7.369852173299131
Glioma,0,0,31.28045654296875,41.370736762121936,385.198074169649,0.5398203539842041,0.25555254788772647,0.8881585954301623,7.772882647328908
Glioma,0,0,35.3658447265625,44.580742183724034,443.269724031712,0.523331715608848,0.2514666769111713,0.8890949007645953,8.513101643392043
Glioma,0,0,36.4459228515625,45.34918779288684,475.6155905125204,0.5066932823234015,0.2453415581781473,0.884980227991624,8.90116744296129
Glioma,0,0,37.39776611328125,46.82387886769721,430.29019787734694,0.5056448695833189,0.23714530815015428,0.9024082572268174,8.433722836196942
Glioma,0,0,28.19647216796875,34.7949845798194,283.74867474738585,0.5309683212699864,0.2534012612699676,0.8834205645762904,6.779433347929912
Glioma,0,0,35.37432861328125,37.569363943154336,438.82567841703553,0.4187422500124801,0.2126194432036155,0.8448597904633932,9.49423519940889
Glioma,0,0,42.68499755859375,36.26774995827735,561.6246657806436,0.2720290430383149,0.06339920651757715,0.7860869180799128,11.838862404288552
Glioma,0,0,35.8800048828125,38.85303376839174,503.49422587523605,0.41549236566531883,0.21328628237944175,0.8336215417905959,10.163020001822403
Glioma,0,0,36.6612548828125,39.58541709850699,506.5178665709569,0.4170201546061313,0.21374312976090096,0.8387574826271682,10.146498664092235
Glioma,0,0,31.59100341796875,35.008129212456396,414.8065828632166,0.4329361951127698,0.21684110305724458,0.831234966365562,9.062431945177359
Glioma,0,0,29.7762451171875,36.68794062717823,321.8936146896183,0.508043406267785,0.24883938552176618,0.8809693335181061,7.7748197879216825
Glioma,0,0,26.920166015625,35.33511407497065,316.53079056943636,0.5245675168901953,0.24854174198478493,0.8739283143934587,7.476451577904008
Glioma,0,0,29.73443603515625,37.80107453544783,328.7910465040143,0.518991309035053,0.24351478124699738,0.8855203573825128,7.5341887090032635
Glioma,0,0,28.9278564453125,35.86575951327069,324.581802745682,0.4952066253182794,0.2344214012567667,0.8744197793065134,7.754605083429767
Glioma,0,0,34.736083984375,41.7774478998442,413.44057736169304,0.476347624640415,0.22899472238499005,0.8820478413641537,8.768878432289402
Glioma,0,0,30.99530029296875,39.60826909060985,389.1438984128604,0.5172015563032508,0.24875005854165438,0.876629856771476,8.434846830632349
Glioma,0,0,31.50341796875,41.86985728725367,443.51884186198146,0.51102936745799,0.24933844489274032,0.8742346221759343,9.034947605052867
Glioma,0,0,44.32818603515625,37.708399075283744,567.9819424639481,0.27383172287626395,0.07039767659323412,0.7998480519781608,12.21111647692176
Glioma,0,0,30.6280517578125,37.90162481074124,147.53233815062615,0.6076330763662063,0.3317242405689385,0.9488681294714685,4.498477121954596
Glioma,0,0,25.0970458984375,32.34435546027269,129.9688798127703,0.6214746732550755,0.33124171731090163,0.9381879483956233,4.196669237088789
Glioma,0,0,31.39013671875,42.4198018644086,135.16658270817754,0.6157139738154149,0.32526846019216554,0.962653204618471,4.399253189131747
Glioma,0,0,19.00360107421875,27.778416602225473,62.627252832634824,0.6585887252179579,0.33976453434557113,0.9596869903800738,3.0533014581655875
Glioma,0,0,23.6148681640625,36.90686174652025,54.8641778299224,0.6743264516214174,0.35320952502053815,0.9800092423946111,2.860718416749517
Glioma,0,0,21.2244873046875,28.516789719036076,207.42242428237086,0.5601613491886956,0.3223295524027062,0.8731644044226885,6.142025573114216
Glioma,0,0,27.29315185546875,32.398729494063176,272.6275681614143,0.5747798533801276,0.3317048043376144,0.8705903826197328,6.262833541292653
Glioma,0,0,42.520751953125,36.4802501552236,586.8108096490295,0.27974115347030226,0.06683329155959834,0.7791707805215372,11.982463289146606
Glioma,0,0,39.6405029296875,33.701946550749284,450.45962084506385,0.31344766397450985,0.08022924913736318,0.8012652933780661,10.224210733578573
Glioma,0,0,34.5125732421875,29.72473755271261,337.90554486971206,0.3276601977319825,0.08441351110129038,0.8084539434715466,8.860878139725596
Glioma,0,0,49.1500244140625,47.10448204792523,380.21744642322756,0.37613144144259303,0.13494751607595604,0.9143899171916069,9.410866224077232
Glioma,0,0,46.69744873046875,36.48946469229285,546.5248077996744,0.23211569217907285,0.04200810585463141,0.7938947042203626,11.813439689380617
Glioma,0,0,41.39056396484375,38.84931340041799,644.8470621629533,0.3409719070099745,0.099326405162126,0.7865105182634899,11.562835914735583
Glioma,0,0,40.6424560546875,39.47976630482278,732.2770121947451,0.3057100359580163,0.07865516863393142,0.7654485534561623,12.571352213018402
Glioma,0,0,30.6328125,39.7861539900052,430.17931089774356,0.5360259769941198,0.2719347699966928,0.8648040118719994,7.625286750574319
Glioma,0,0,40.59393310546875,38.78686300800033,699.497031623059,0.32310404049121066,0.09390658388363202,0.7677916885998657,12.484859981440168
Glioma,0,0,42.0706787109375,39.5093582494761,456.92707768233913,0.35406139794297237,0.10303808190399387,0.8536852540372502,10.270514048841747
Glioma,0,0,45.12628173828125,43.90349866482648,461.7729213974708,0.3543730162227689,0.11244472336700806,0.8803340370134531,10.58319520545421
Glioma,0,0,42.33502197265625,43.400000720321785,345.2134096338964,0.38781177615916546,0.1372748738438931,0.9085371265976834,9.151018860632465
Glioma,0,0,52.9251708984375,36.88317925998665,589.5587696996304,0.26884916497905076,0.055700124043919455,0.781343063576762,12.239271435575287
Glioma,0,0,52.474365234375,35.748319345430126,479.7620735554407,0.2908427346192572,0.06616023470855757,0.8103686407897128,11.134964824618102
Glioma,0,0,40.873046875,34.06936206817171,452.65905950175755,0.28065316192562756,0.06048939573463717,0.8045611546947177,10.572207499884746
Glioma,0,0,49.48687744140625,41.107928265421236,479.5099811723577,0.2784072070823143,0.06438033443357197,0.857769081235805,10.954927726262826
Glioma,0,0,39.794921875,39.41150259394644,354.99750522161844,0.3195679186080586,0.08902981907153254,0.8859100749972546,9.442173259347541
Glioma,0,0,33.10089111328125,37.56360184774923,210.45773044673868,0.4530606860488817,0.2190035487364555,0.9256682734312897,6.911921800406824
Meningioma,0,1,36.7977294921875,48.15366921743977,355.6661030549273,0.4998910132112575,0.20825059508537297,0.9237189135735577,8.209079797067123
Meningioma,0,1,35.10809326171875,40.31858418146094,430.4561530764323,0.46500560602298274,0.2626979802036849,0.8679852662111275,8.97829317533748
Meningioma,0,1,35.33306884765625,39.58821969820302,395.2695087265685,0.4709469163259807,0.2606552690168813,0.8742017007841244,8.376674003348935
Meningioma,0,1,36.5892333984375,48.13254528206763,516.9618648379014,0.48410543246887094,0.27117526340257203,0.8890144632887649,10.533503801384581
Meningioma,0,1,34.385498046875,44.44516569392607,426.12014388880255,0.4975313778544486,0.282329305238523,0.8926793472409343,9.242689313505087
Meningioma,0,1,37.16033935546875,47.000614106091014,462.5754667447694,0.5008189320492596,0.28262603512900664,0.8957859455340913,9.307180340924678
Meningioma,0,1,35.69744873046875,43.20891211618804,376.3308689899237,0.5039825040543141,0.2859579954430864,0.8996098405243476,8.255561604874387
Meningioma,0,1,31.4779052734375,38.773879047541406,320.2139139903724,0.5242793665246821,0.2898126240737656,0.893952543372223,7.304759914208117
Meningioma,0,1,31.3096923828125,42.88806104361857,464.39942829110225,0.5450366392614321,0.28214617456558944,0.8744965924704592,7.447745762679818
Meningioma,0,1,29.85015869140625,41.10151508413218,404.1220474863324,0.5486782214616943,0.2817853341963547,0.881094324945544,7.1135362739482995
Meningioma,0,1,30.666015625,42.381094030181295,359.78026574807797,0.5565286202526163,0.2853177076779878,0.9004432803328479,6.900903215869695
Meningioma,0,1,39.866943359375,49.65042220199779,398.03849820207347,0.4760813304248601,0.20215790063099046,0.9196527315892864,8.778091142121205
Meningioma,0,1,34.1131591796875,47.80913118932593,350.08217414095805,0.5660121271046635,0.28169904438996884,0.9238913867310378,6.899527103742466
Meningioma,0,1,30.02197265625,43.265754848297775,220.86384167302182,0.5902636501113969,0.29811896997821247,0.9413918426956367,5.530449810900164
Meningioma,0,1,32.5333251953125,49.033519135448124,190.72435326122988,0.5896842701435008,0.2766190706405862,0.9606172292146422,5.367330390911322
Meningioma,0,1,32.99176025390625,53.092045090868396,164.2791461130039,0.5891269990708875,0.29582147904294176,0.9710866037347585,5.267641699346554
Meningioma,0,1,36.80426025390625,48.7523745306583,541.713362770586,0.4978327979769634,0.2667447648253899,0.8866509149292356,10.251082095916018
Meningioma,0,1,32.71990966796875,43.21702115002472,428.1255180401712,0.5165679208663259,0.2728294286696049,0.885998578361161,8.688456642539622
Meningioma,0,1,28.7528076171875,45.16464216381277,185.8648855032353,0.5965980553455767,0.2969536292696569,0.9547851571407926,5.670652919431443
Meningioma,0,1,26.95025634765625,45.846076156077906,150.3968252546113,0.6183374594366732,0.30747427412115574,0.96451862808238,5.123498918873534
Meningioma,0,1,29.024658203125,38.966908065685445,309.476924328884,0.5965530922807676,0.2930850955226107,0.8986595974528988,6.056215463994013
Meningioma,0,1,29.85015869140625,41.159863300291036,337.4673637160189,0.5947578420025277,0.2988294207130213,0.9009943992763775,6.372400111988378
Meningioma,0,1,41.82574462890625,49.63431429047022,429.1814471168826,0.4641018638441346,0.19491383430940565,0.9132399213651796,9.09948731225734
Meningioma,0,1,29.52886962890625,41.552621847060855,255.75363645261695,0.5980559656531309,0.29845623301624435,0.9264002389811103,5.907474260261634
Meningioma,0,1,32.4112548828125,47.272602122302835,211.21715083276683,0.5811472070897327,0.2899871027944847,0.9530579562903806,5.798902355617832
Meningioma,0,1,28.48309326171875,40.31054631048431,264.8968373640197,0.5604061561742087,0.26529106465456115,0.9190043963359323,6.383865533356755
Meningioma,0,1,33.98577880859375,49.0212354376339,477.28969993887097,0.5417912159856624,0.2816356622184554,0.9013358211834506,9.327477631519354
Meningioma,0,1,27.78985595703125,40.398019356141376,338.04990404517685,0.5756310046441606,0.29492984177260717,0.8971113544926244,7.616502350193301
Meningioma,0,1,30.2926025390625,43.51729354929712,425.28116789834564,0.5588429020692938,0.284722877818826,0.8884358529130849,8.318873661186071
Meningioma,0,1,29.629150390625,42.02738330100657,428.4921351874659,0.5572050724275808,0.2913335694928302,0.8794673549013934,8.069475498327149
Meningioma,0,1,42.5972900390625,49.613116812427855,532.6890478235147,0.4496605908775956,0.25757137980150907,0.8921385569203368,10.538875773065893
Meningioma,0,1,36.3408203125,46.35231955402043,470.8088669381184,0.5422773813991562,0.2828845541226152,0.8909549496090433,8.253601335328792
Meningioma,0,1,34.294921875,44.59467039381454,443.5772305998414,0.5493717469464691,0.28238780673328123,0.8890383671299983,8.06806136268634
Meningioma,0,1,42.35504150390625,48.002380136334494,419.0294301995607,0.4456702479684395,0.18216809285633348,0.9093645493042146,9.063185391997138
Meningioma,0,1,31.623779296875,41.699108039655385,344.3302923403181,0.5730300453796633,0.2882747420400852,0.9015094162164999,6.904750372001484
Meningioma,0,1,26.08984375,39.67922661519845,361.76098976422395,0.573067636364089,0.2913186236209277,0.8859303093192058,7.5568393402422664
Meningioma,0,1,27.6029052734375,41.32350554708556,410.9724189058389,0.5721566340315943,0.29051070452478134,0.8805007079030454,7.707906517376628
Meningioma,0,1,28.5682373046875,40.371666330522714,371.7718945204047,0.5792645369334238,0.29803118760223635,0.8866628416034635,7.130320143453584
Meningioma,0,1,27.4134521484375,37.31534719686412,332.5259967004716,0.5879716095267296,0.3038915063273562,0.8812822090822049,6.427020525916708
Meningioma,0,1,28.0313720703125,44.22748359171822,213.40874526283022,0.6405973655986595,0.3394941194191291,0.9458632469686743,5.3803179637614935
Meningioma,0,1,30.66119384765625,51.85616203458891,198.6656556125895,0.6182932266702253,0.30029675535168454,0.9633643499705602,5.4316032069570035
Meningioma,0,1,26.8165283203125,49.83756848677514,130.69195044641862,0.649942161549193,0.31325243897375044,0.973927616215567,4.359915321393607
Meningioma,0,1,31.51788330078125,41.46504725735569,471.91256359864036,0.5296357312446767,0.2843795663864348,0.8634864594341372,8.674962896802036
Meningioma,0,1,33.72064208984375,44.89583374190404,496.7721652866023,0.5336185221668555,0.2790131978292798,0.8774421070161982,9.000292805274455
Meningioma,0,1,42.88604736328125,46.827099386621775,417.24142279151,0.42928916872172135,0.17368388975285357,0.9051170842473373,9.175589800399674
Meningioma,0,1,32.32720947265625,43.825051996502644,365.4342987592804,0.5530128243017021,0.27930194287614785,0.9054107447988559,7.903788159139938
Meningioma,0,1,37.4730224609375,52.53583579539016,331.07341371719605,0.5483320309319426,0.2747899862647491,0.9403948761947987,7.8761700101536825
Meningioma,0,1,29.02001953125,44.06359112788648,193.34817259481,0.581132085173278,0.26801682884389133,0.9505654775130226,5.440754522134603
Meningioma,0,1,30.38250732421875,48.64394879185784,166.96418935809024,0.5872944147151645,0.2593951986789879,0.9649909313939311,5.114773612360234
Meningioma,0,1,28.33831787109375,48.49082731299361,112.24178571014787,0.6008137839445297,0.26379896557454946,0.9763312418845451,4.182627177754765
Meningioma,0,1,30.6883544921875,52.13814372773867,175.63858287094484,0.6239372601059399,0.315223893924879,0.9679613781281509,5.529970763067305
Meningioma,0,1,27.14227294921875,50.81931227503122,139.28741247328446,0.6441313832019471,0.32313400054494457,0.9732777904507202,4.6150092612692015
Meningioma,0,1,38.768310546875,48.45999509579846,441.5305198032936,0.533273518743667,0.2824301185804161,0.9064134836060834,7.927108682343437
Meningioma,0,1,36.2139892578125,46.07996202259493,378.16111967385626,0.5598697694467605,0.2899114507893455,0.9113791260666234,7.102046875969535
Meningioma,0,1,35.1627197265625,45.26384658253027,347.73344717787927,0.5572518839678484,0.2879314440848401,0.915560549110289,6.877648083421943
Meningioma,0,1,42.11334228515625,45.18557825390394,407.76895060436857,0.4344406366504921,0.1794209650847001,0.9003817058434422,9.081271385200049
Meningioma,0,1,34.73101806640625,45.75225564142159,312.63729709494817,0.565277378901486,0.2830877880986864,0.9257217705912247,6.625852501705737
Meningioma,0,1,35.92059326171875,48.729228404701544,283.0428798670516,0.5575041227851962,0.2803076819406412,0.9407446943121258,6.675887812713957
Meningioma,0,1,35.19427490234375,50.069740561141074,221.58352894052777,0.5769019059688352,0.2980056866440852,0.9560902753262802,6.105967899436454
Meningioma,0,1,35.05059814453125,53.293655226362205,177.93362450789976,0.5909476486454236,0.30913769589777823,0.968901179516382,5.697643559350239
Meningioma,0,1,40.280029296875,56.127473555242574,507.8109625907864,0.48452231131651635,0.25091151157539626,0.9198920957547119,9.856903955997241
Meningioma,0,1,41.32537841796875,55.13293726939937,451.7521264105951,0.4878580728764431,0.2645482603081071,0.9260983557658624,9.179463718303978
Meningioma,0,1,34.2987060546875,44.28312323231637,316.28406422442816,0.5047811085669782,0.2746662452103579,0.9197596185605696,7.379363743103525
Meningioma,0,1,31.40771484375,41.47945361642464,290.8374400342904,0.6117048855916025,0.30552126184022255,0.9159320534451346,5.928460091295781
Meningioma,0,1,30.658203125,41.74177584479954,264.95148344987376,0.6179005742025208,0.3095277717698622,0.9244086542755919,5.689552300980164
Meningioma,0,1,34.69598388671875,48.71990049839962,302.94033141976576,0.602211763665279,0.30698812462208164,0.9365835162606548,6.29515449655967
Meningioma,0,1,39.67657470703125,41.8269832922932,353.4342030950159,0.42411644281661015,0.167188603791802,0.899214963859505,8.441965219868786
Meningioma,0,1,28.67694091796875,42.24518845704116,178.2463456255243,0.6318625732484571,0.309309933920949,0.9504029030273403,4.913652960118894
Meningioma,0,1,30.43988037109375,47.682911843964426,160.091327151424,0.6446241807854514,0.3431856771656468,0.9650593527174298,4.785645711916928
Meningioma,0,1,31.1492919921875,53.42242730581248,145.53078693659288,0.6433329777699437,0.3120973187204808,0.9747179293658912,4.591127588505667
Meningioma,0,1,29.38909912109375,41.45571227106474,311.0625699923657,0.6278687154556811,0.33276151796630016,0.910064419940048,6.262148149296966
Meningioma,0,1,31.216064453125,45.57915553921245,308.1452461889702,0.6245675326659572,0.3279970038694071,0.9263313090664994,6.4757809593751245
Meningioma,0,1,28.07476806640625,42.76809499249443,213.88745790775909,0.6321721514531328,0.34554135693804366,0.9419537781221777,5.779270355416341
Meningioma,0,1,35.0238037109375,54.5091168351586,274.5769874430895,0.6037016157700426,0.3575420434696211,0.9541386586694877,7.181294901653439
Meningioma,0,1,31.553955078125,38.978253138843904,322.62343570785873,0.4997276327545413,0.2619197761858265,0.8942789468982906,7.888600550639579
Meningioma,0,1,31.68292236328125,38.525519917540684,310.56420476126686,0.5212131637724432,0.2663316748635115,0.8957961820869995,7.281538203702189
Meningioma,0,1,31.27801513671875,38.72192203594721,341.3984091640582,0.5274824288177375,0.2668465815892885,0.8866450103248378,7.435194612577753
Meningioma,0,1,45.86767578125,45.04179992297302,453.2433464906595,0.3474082127249333,0.1548276697280446,0.8883440883181565,10.12485020673276
Meningioma,0,1,28.48907470703125,35.52644334205735,275.7029985779073,0.5290325495878221,0.26905812407390006,0.8912613203545672,6.789405680374592
Meningioma,0,1,30.58892822265625,37.26009395501896,306.0497863418011,0.5209096936654282,0.26536194983915284,0.8902197515457259,7.118063978316243
Meningioma,0,1,32.04473876953125,43.23955587526492,492.74454762197024,0.5947249536362962,0.30481133910050595,0.8689671916098408,7.228815332631466
Meningioma,0,1,30.52496337890625,41.911835033701564,419.7893787975595,0.6124624994894323,0.32058947651256536,0.8812121977557421,6.832710829484905
Meningioma,0,1,30.43743896484375,42.77763455074982,380.4859024796646,0.6309638031239165,0.33167406128025867,0.8966836365686284,6.4701808466124
Meningioma,0,1,32.46319580078125,45.914588120627386,336.25029498500624,0.6291856360294078,0.32156104203242275,0.9207531314274977,6.145089735492615
Meningioma,0,1,32.63897705078125,47.721231024120506,273.12686121469363,0.6345143731635228,0.3204470072399928,0.9404372889018588,5.69781696594703
Meningioma,0,1,31.775634765625,48.53260021149165,200.32976630799456,0.6354564306345888,0.32226269847939004,0.9577829621006064,5.17761509741822
Meningioma,0,1,31.21112060546875,45.626375684141465,362.0817302103776,0.6032848887739098,0.29695481504154786,0.9136178000209088,6.4204349502455536
Meningioma,0,1,30.54400634765625,46.226205523633894,281.6619528005016,0.5990658967576407,0.29603090597558335,0.9345641616785716,6.033792247272622
Meningioma,0,1,41.583740234375,40.34036487631708,357.05702037579954,0.3520767869537709,0.15471017053914726,0.8903201335275961,9.178704337878273
Meningioma,0,1,29.665283203125,49.776575039607756,148.60990708702113,0.6215660989709255,0.3248274798413921,0.970254365139342,4.888859933970397
Meningioma,0,1,32.59930419921875,47.59980547701277,293.7958348026424,0.5802378466499503,0.2665046778504205,0.9356009034304108,6.168078461157559
Meningioma,0,1,31.20751953125,47.4219718089993,211.05564632225668,0.5926384717600193,0.2862233767873597,0.953412473432511,5.679181811489211
Meningioma,0,1,31.20751953125,47.4219718089993,211.05564632225668,0.5926384717600193,0.2862233767873597,0.953412473432511,5.679181811489211
Meningioma,0,1,31.62860107421875,50.43084213769224,155.7023286859273,0.5839934502838253,0.27259567337444146,0.9696267280074385,5.0488052382360005
Meningioma,0,1,30.43267822265625,52.945017812233004,144.6196645987239,0.5864654849827975,0.258632782104926,0.9744258799279423,4.877008707142932
Meningioma,0,1,33.67645263671875,46.97161129647681,465.1859049500239,0.5276909611880691,0.28085455412028826,0.8952183110611904,8.974156362376672
Meningioma,0,1,31.17425537109375,43.588661428004144,428.451931013308,0.54606930492311,0.2873211108229977,0.8879358175332464,8.302989762230709
Meningioma,0,1,34.48785400390625,50.95912332385357,489.04935330974007,0.5431520733492354,0.28986134504596733,0.9064736353354532,8.972406312001606
Meningioma,0,1,32.95361328125,46.36500873283387,427.11681380401507,0.5494429840035749,0.29431278541303485,0.9012713305266893,8.151131114763462
Meningioma,0,1,46.377197265625,44.938890066254054,493.4597163882475,0.330984937489447,0.15034384357798244,0.8778537362565516,10.622337627488923
Meningioma,0,1,31.880126953125,43.75668236448443,447.1741665827787,0.5474307216485065,0.2888336108659405,0.8839053376578256,7.920776919679955
Meningioma,0,1,31.46405029296875,42.84953834213607,476.4042759258035,0.5458257311109569,0.2847708949925999,0.8710093727515229,7.7728194362647365
Meningioma,0,1,27.83758544921875,37.75340715597452,415.39683324684097,0.5689907954897581,0.2913974193806265,0.8551014434982139,7.084944287076801
Meningioma,0,1,33.334228515625,41.24508564820139,336.64282624663053,0.5641357343110034,0.2761822061527558,0.9014791672887698,6.573602623768427
Meningioma,0,1,28.96405029296875,36.34842160299014,200.04897476984735,0.5892466200877068,0.29043076845713495,0.9246374994045241,5.283349769825042
Meningioma,0,1,36.865478515625,48.36902891993741,302.0956318006817,0.5399456189253365,0.26984033868204016,0.935776115729703,6.987885757022259
Meningioma,0,1,36.98333740234375,50.78047622674359,257.29819347142694,0.5509864327420233,0.2723101512202454,0.9504052041514509,6.661486104223137
Meningioma,0,1,37.03704833984375,54.24102934705006,237.62590638857154,0.543234574897873,0.2632918270082917,0.9598896972625041,6.634161608167884
Meningioma,0,1,35.01739501953125,56.810054803774186,213.05067723029762,0.5412599454110766,0.2527591680666299,0.9672538413112393,6.2576157222635835
Meningioma,0,1,40.3538818359375,50.94055552635536,637.0524707535227,0.4474487891431311,0.2664542344668818,0.8778082601010372,11.89121375899244
Meningioma,0,1,28.480712890625,44.96538918642982,216.98809452309484,0.5596882780111038,0.2766718205743002,0.9467444826559006,6.0082900947058215
Meningioma,0,1,40.49395751953125,47.46819157641573,448.9998412458591,0.43915981927574216,0.17500072665481156,0.9008059192320041,9.060993954020553
Meningioma,0,1,33.7032470703125,42.110496265260686,413.0600294404411,0.4708171966769098,0.27148178105137266,0.8840444450654887,9.320068374513145
Meningioma,0,1,26.030517578125,38.833105142462536,210.6149467767924,0.5846730983698384,0.29224273958386426,0.9306543450160438,5.4781328468912305
Meningioma,0,1,35.03662109375,41.716890486519276,361.0380350175344,0.4651995664694674,0.18708861300148805,0.8967507196037805,8.020185278652912
Meningioma,0,1,31.81683349609375,39.13694571445331,353.5787097629431,0.4922744995893053,0.1899421207036746,0.8851453250769429,7.823341181839702
Meningioma,0,1,32.047119140625,40.728123039849095,374.81390287395834,0.48741216451933556,0.18807831069569053,0.8876282997392193,7.852905795656433
Meningioma,0,1,35.7098388671875,44.815699642499084,485.5301205564166,0.4878878509169049,0.19236475307212847,0.879732330874297,8.76769025803802
Meningioma,0,1,32.97509765625,42.73047559894856,459.15683488405625,0.501678089559097,0.19915583674436968,0.8749575122156867,8.241745264741692
Meningioma,0,1,40.75396728515625,44.022848433646594,435.3300279921567,0.41791074335295014,0.17054917392350755,0.887978315466267,9.251434358338814
Meningioma,0,1,41.03680419921875,44.078187870410474,466.5442166236667,0.4076314911612082,0.16655954935718398,0.8802614526770276,9.658262461057602
Meningioma,0,1,36.681396484375,39.90874668681455,424.7926776401013,0.4174500423622622,0.16802757844938482,0.8670385109176161,9.061313763253535
Meningioma,0,1,37.12164306640625,41.876099394797855,512.4708348753495,0.43199096319538605,0.17517594014672505,0.8544122944829201,9.911761108679947
Meningioma,0,1,26.8199462890625,45.46027683719384,183.35951086748713,0.5630205269015964,0.2667871105292141,0.9560004910544783,5.497874800437847
Meningioma,0,1,36.84014892578125,42.294961767281336,484.6535280493253,0.43848396408039725,0.1785508990829242,0.8650698014707175,9.540393080787563
Meningioma,0,1,34.705078125,39.69718519364545,371.56056988291596,0.4440894921162566,0.1875041385740776,0.8825720867585852,8.677102022174001
Meningioma,0,1,37.8153076171875,42.48115040462409,434.8074139313064,0.431106147745454,0.17912417345307158,0.8799707635870966,9.47896294620853
Meningioma,0,1,36.46307373046875,40.6677341789224,400.5579463815801,0.43999820200008705,0.18329411250474822,0.8793415103026603,9.052365643795081
Meningioma,0,1,39.9642333984375,53.32855707823987,353.5850312326246,0.49857457796620386,0.20017050290231603,0.9381166966941766,7.663416584646847
Meningioma,0,1,35.98663330078125,48.53567801699728,324.339940383063,0.5216598357749821,0.21946353289780493,0.9315615250852844,7.637686775374734
Meningioma,0,1,40.41375732421875,51.97568244965259,398.510303040214,0.4983819280440699,0.21640624118845547,0.9266329770474466,8.577615557576266
Meningioma,0,1,35.813720703125,42.40099442635595,310.2530820843397,0.4839499674903059,0.20885984212603034,0.9140887204731282,8.054970859942884
Meningioma,0,1,35.66595458984375,41.32947242713558,330.4064949731986,0.4768071560762378,0.20479572403581664,0.903676967160835,8.31353862317216
Meningioma,0,1,35.31207275390625,39.53738324149122,308.2197507207992,0.46467130207559276,0.1909619618271408,0.9017659153614618,8.104850928452986
Meningioma,0,1,26.33026123046875,37.843487074335926,232.94968932128148,0.6000661614362199,0.30087290089110735,0.9191983054432072,6.054255921012485
Meningioma,0,1,38.80194091796875,42.55580858563692,360.24639866472853,0.44570774799043616,0.18461735638616944,0.9008597675886205,8.682762076462879
Meningioma,0,1,51.332275390625,48.76688227611001,574.9625522884753,0.29366406780008303,0.08487952897488041,0.8791336409813559,11.755421014749757
Meningioma,0,1,53.08880615234375,49.63599174445482,586.4207484626768,0.2797181519060489,0.08047419375144804,0.8809611950669194,11.904414336173915
Meningioma,0,1,49.11053466796875,44.62992686997379,487.6373534036757,0.2949117888034946,0.08408379557217961,0.8774688642980394,10.931923500566935
Meningioma,0,1,48.5799560546875,43.43820765608393,449.42409598496477,0.285425123930142,0.08043119617231578,0.8807416472657094,10.6299603732031
Meningioma,0,1,45.5673828125,40.73800959026953,390.78534128166143,0.29486365705045503,0.08296404593677334,0.8820922342939574,9.943922825346558
Meningioma,0,1,34.97235107421875,30.628860641382776,234.76655790813442,0.31440343320589254,0.08288281268081346,0.8745952030253921,7.670419450214332
Meningioma,0,1,43.479248046875,48.50883918949918,364.67950307391584,0.45197688763887967,0.21461925561185463,0.9227780632178756,9.14690481334238
Meningioma,0,1,42.99432373046875,53.65955466769579,337.35531023802946,0.4622425996359583,0.2102394319828206,0.9416399162302832,8.46639605388727
Meningioma,0,1,44.68646240234375,38.32245260123724,475.31534413464703,0.26731082627977903,0.08083535342589296,0.8379340961612645,11.205060203090309
Meningioma,0,1,31.97625732421875,43.087044384650916,407.2801562791174,0.5623426168467373,0.2957144293244436,0.8909241241346109,7.4411718120319765
Meningioma,0,1,47.83270263671875,40.457802300215626,537.3131122512913,0.24290142526929973,0.06554692365885723,0.8355944063314119,12.070778711871347
Meningioma,0,1,45.17669677734375,38.34703806738983,476.2279093074379,0.26092155528083055,0.0733588529573056,0.8377881694418793,11.258108695906106
Meningioma,0,1,42.675537109375,35.34986369819613,405.29032865882436,0.2682558461208954,0.07366396691974558,0.8374914443781941,10.460759976208426
Meningioma,0,1,45.950439453125,36.543127009641886,453.2972265359058,0.2505981626548571,0.06367525549021051,0.8297308068052749,10.917948769492323
Meningioma,0,1,48.2686767578125,37.62010006646379,491.78464075292607,0.2322775807359483,0.05702150968187274,0.825508957690062,11.561455322130538
Meningioma,0,1,45.53369140625,34.822507365007766,415.0479612131474,0.23314009410077616,0.05448873986041364,0.8279333473471636,10.683772726921323
Meningioma,0,1,44.839111328125,47.10841099336336,583.4309675846888,0.3571181368870665,0.16422590716540378,0.8688599473842341,11.29719093422732
Meningioma,0,1,41.0965576171875,43.42028748296268,511.04670026144913,0.3784893420866361,0.1667723758501824,0.8648336779754223,10.558748871405367
Meningioma,0,1,45.556884765625,47.77252910994916,591.3323898094122,0.3498779004368422,0.1631034826743024,0.8707886256018617,11.422248817155632
Meningioma,0,1,39.7626953125,41.811312751279296,464.1440604366252,0.3743020061935841,0.16521527945765263,0.8675892340226508,10.056133120079902
Meningioma,0,1,31.4761962890625,42.967830044521776,286.1572400645184,0.5815463619517531,0.29879924542093067,0.9229545121456113,6.4918980853593755
Meningioma,0,1,43.48828125,45.61175010275887,547.1299390607495,0.37050974589068586,0.16337750048449215,0.8688643808331427,11.05107514512067
Meningioma,0,1,44.43829345703125,46.131681700978206,541.1523096015828,0.3727909992031406,0.16511945903702635,0.873170533892595,11.145082469854128
Meningioma,0,1,41.694580078125,44.020921538791605,525.5775427801667,0.3780916684020462,0.16499351934260512,0.8647666794298684,10.721079848411122
Meningioma,0,1,39.5791015625,40.96639268787127,431.928836330387,0.3903817901656348,0.1682836704646693,0.8716104492057858,9.96730425882837
Meningioma,0,1,48.23876953125,56.36573701659056,455.125399731362,0.4354277743153422,0.18457095887336747,0.9286617971965471,9.901238282947109
Meningioma,0,1,44.65924072265625,50.373028989914935,378.92799291074294,0.43029548533496687,0.17781062709144502,0.9255989895036947,9.197170324029633
Meningioma,0,1,43.55218505859375,46.73140465486282,334.58816768810846,0.4160303811227538,0.1778830210779327,0.9236027131951103,8.945247230339504
Meningioma,0,1,50.29254150390625,51.809358676973346,428.35028495845205,0.39095844810864916,0.16598711947246764,0.9203631601295705,10.070877040193128
Meningioma,0,1,50.51971435546875,52.030346529472595,459.7308418406647,0.38192514287143803,0.16325854135157788,0.9152435460415044,10.3106209845248
Meningioma,0,1,37.00372314453125,38.321303004598185,291.1561404099688,0.4178377755262118,0.17389502928664524,0.9010829498540215,8.06507409499268
Meningioma,0,1,28.5556640625,40.925191400414775,183.9688427580216,0.5906608149636324,0.30734094390006306,0.945434714790131,5.685313769065654
Meningioma,0,1,34.45123291015625,38.91176937122075,302.1058396609384,0.4652605713675275,0.18367162370139326,0.9006154167562944,7.551007816860208
Meningioma,0,1,40.09783935546875,44.54341402088868,397.48548603744314,0.44002163224116053,0.1810569568995013,0.9001741774671224,8.687335191077857
Meningioma,0,1,37.170654296875,40.943156851069396,367.97044931204283,0.43632291337526585,0.17003264138820434,0.8905958184599262,8.421083408573963
Meningioma,0,1,41.9755859375,47.30393865167429,480.4370112647308,0.43723939020020736,0.18002522213457267,0.8930300781947689,9.448109286845018
Meningioma,0,1,40.9073486328125,46.96225820802909,430.0034096436102,0.4490882655432715,0.17816157433895644,0.9029107653407876,8.703375543471115
Meningioma,0,1,39.531005859375,46.4753918900314,378.37279499956,0.4725814695987159,0.18800082331183246,0.9127868609539977,8.087418116243656
Meningioma,0,1,43.0572509765625,47.99595771208949,494.02455883046036,0.4189735486960618,0.17224138760136853,0.8931600706162295,10.222274319550316
Meningioma,0,1,43.027099609375,48.21768796410047,513.175553230112,0.43044298203090003,0.1808639173566232,0.890041613580406,10.489764530312062
Meningioma,0,1,38.14483642578125,41.64189968086063,413.6882386734073,0.4205716928306111,0.17133523196959688,0.8810519692268998,9.194727616018733
Meningioma,0,1,34.37890625,37.13170689069129,381.34365554673434,0.41718630585870986,0.1713411901779388,0.8620739937228871,9.048101197765845
Meningioma,0,1,31.5184326171875,47.47936334284348,168.38393504133325,0.601437361425014,0.30420375014369283,0.9629155985182516,5.5336583173174265
Meningioma,0,1,38.1326904296875,40.86432624981638,492.4021204527453,0.4132389960696991,0.16829747029588205,0.8529406274428,10.063970565442284
Meningioma,0,1,52.30792236328125,52.278479321101,460.4185992864915,0.366788212777765,0.1601638014203704,0.9158649687421495,10.469191387602947
Meningioma,0,1,53.39044189453125,52.691675619956456,458.98078940695757,0.36500206829632653,0.15724016726073098,0.917411229241807,10.3425032162576
Meningioma,0,1,41.9036865234375,41.041830926794766,288.7509194667132,0.3737677078343223,0.15311858986395713,0.9143645262779452,8.257200612058185
Meningioma,0,1,49.894775390625,48.18779043006207,439.9526808272951,0.34808340032344487,0.1501291350773547,0.905364001254571,10.347214499117676
Meningioma,0,1,45.855712890625,50.211415161097264,342.73384908885185,0.3833499047216414,0.18061072044192317,0.9322243033006077,9.457937396345002
Meningioma,0,1,53.329833984375,54.177014498516236,402.5316916298586,0.35383868880216635,0.17154883069986998,0.9315330099641652,10.506566321727991
Meningioma,0,1,33.149658203125,46.94873435045653,313.49559387404594,0.5976039729739302,0.3131029956346746,0.9293349857420257,6.430838377302559
Meningioma,0,1,31.13519287109375,45.348293747800746,225.70617850613746,0.6103623024357843,0.32429473699106526,0.945489864791986,5.573390224906043
Meningioma,0,1,30.47796630859375,46.556382021149965,176.73103474334397,0.6202482316918859,0.328074783810971,0.9595267241874227,5.231084634044818
Meningioma,0,1,29.03826904296875,48.49614456760204,146.58993154316806,0.6123290989662951,0.2970809912160886,0.9690879536559212,5.18120056943314
Meningioma,0,1,32.34088134765625,52.561657651586685,160.47379235386018,0.6141032206940001,0.32517626421728435,0.9711856851865466,5.1368076329910055
Meningioma,0,1,33.43902587890625,47.11184117641293,371.96931429807006,0.5426418361334412,0.27586550130126075,0.9167239600176262,8.214483132092528
Meningioma,0,1,35.52972412109375,47.90407483719809,397.1605817743556,0.5380598489343494,0.28427223233815657,0.9139502173979692,8.196949690775575
Meningioma,0,1,33.63507080078125,45.21486321430323,404.1734758626392,0.5456425727317105,0.28784353289142284,0.9017000975656858,7.795169996591113
Meningioma,0,1,33.94158935546875,45.76327045425471,467.43559640251283,0.5496799796998171,0.28970170798132555,0.8890273685957456,7.94379252821116
Meningioma,0,1,27.5062255859375,47.807638236395654,131.4430131672963,0.5268351939763958,0.22377865442192846,0.9714903587453482,4.834483887718445
Meningioma,0,1,35.52880859375,43.96937632978834,483.16200705067126,0.4506108731650721,0.25018872761280536,0.8755754709848664,10.521085128109545
Meningioma,0,1,33.8140869140625,40.48969633828666,414.39477731305965,0.4662083081441369,0.2587907087529372,0.8740832800971952,9.3390326624417
Meningioma,0,1,36.3382568359375,42.1411807213132,448.3189472864066,0.4654814342361567,0.26057628997014237,0.8741715765932354,9.372740143919192
Meningioma,0,1,32.7296142578125,38.58960013047698,406.5875252844855,0.4753041385338991,0.26850065945207047,0.8639513582312446,8.83675657976427
Meningioma,0,1,90.29888916015625,56.61338641370053,587.0931257605976,0.3490931678809803,0.10708423869148165,0.9085060554754942,12.652424035319232
Meningioma,0,1,80.87335205078125,50.215265492871936,595.6798868207848,0.2719908864333212,0.05429890149256617,0.8809042178281239,11.091176510479187
Meningioma,0,1,75.29193115234375,63.10218622657526,820.609651820962,0.2613128613774788,0.07661850403242651,0.8967272338580555,12.664715438807232
Meningioma,0,1,79.6605224609375,73.4598959475009,1377.2381905507305,0.2302602007789671,0.05989216358490949,0.8721664572902226,15.927898578454766
Meningioma,0,1,118.0970458984375,60.9204051026817,806.9859162844053,0.18815048487281677,0.021993013212212576,0.8895906406239575,14.229815811195273
Meningioma,0,1,62.38555908203125,50.4176365486453,642.0981746534876,0.20570557334078116,0.04633578099949519,0.8733312403608389,13.925814066474162
Meningioma,0,1,105.43780517578125,55.023019099530316,390.09876777178187,0.18205668386483748,0.0396234058009514,0.9348658615577856,11.34396978559658
Meningioma,0,1,82.83087158203125,69.40188208461518,1200.1664336416916,0.3213666811968564,0.24976079217338187,0.8751204965075992,17.59050455991872
Meningioma,0,1,85.8165283203125,90.62691285835848,1613.4012235097414,0.36899880107377825,0.24730380138916902,0.9019454125317712,19.194917370306364
Meningioma,0,1,86.53460693359375,77.31263751514139,833.3368517598103,0.2977837800188495,0.18013117757673974,0.9300499683845187,15.218689210818724
Meningioma,0,1,57.99359130859375,60.541549325802016,617.4904849185557,0.47123832348761685,0.2762295787935015,0.9158624142111669,9.905466037495676
Meningioma,0,1,103.002197265625,69.95448171327972,1242.0886908142984,0.18805792711763977,0.044872189653775874,0.8724420662091571,19.141621482464437
Meningioma,0,1,74.81396484375,73.49730400895466,682.2158112911425,0.4382058917052286,0.2789852947894939,0.9368868697910553,12.02795672779063
Meningioma,0,1,65.0262451171875,52.35890447287905,258.83406114860327,0.2680957370089142,0.05455838403362688,0.9525142452723491,8.157749022529483
Meningioma,0,1,32.9757080078125,38.65487973441294,285.773092866537,0.4782428005431151,0.3207393287799045,0.9047018870621014,8.531808727680893
Meningioma,0,1,73.04852294921875,70.37110423356125,987.4171048656709,0.37544269487751253,0.24884956268084396,0.9002430883189887,15.533455605976776
Meningioma,0,1,87.6885986328125,77.23844284180005,1223.254016930059,0.38191113956338935,0.31425972611783654,0.8970694774293497,16.074438898879606
Meningioma,0,1,105.2398681640625,77.0399000428702,1704.0233342072006,0.13721521690916078,0.027478148836244914,0.8555211994390244,23.99013386699159
Meningioma,0,1,78.6552734375,63.464605597113,1207.137017610215,0.2090301157916047,0.05672472921540049,0.849900472159004,18.597964070931646
Meningioma,0,1,38.3192138671875,34.636791228526896,404.51471994354483,0.374388238997772,0.12878111775641365,0.8312763561970405,9.722283038316903
Meningioma,0,1,83.4544677734375,65.43750001537083,742.8126365941588,0.2554847550774401,0.10679675626206202,0.9124791176772066,14.57954155752311
Meningioma,0,1,70.86968994140625,47.301733875085496,497.0741527538359,0.34214616316573243,0.12574622961757997,0.8889259357210341,11.075113271321495
Meningioma,0,1,73.7359619140625,52.88671962781145,624.1993618832103,0.1919541337384894,0.03548018891424065,0.8875720605435053,14.00898493203471
Meningioma,0,1,72.44244384765625,41.50202640930187,550.4863076601889,0.13431173726207943,0.019065071493254978,0.8389138731690069,13.427085432297583
Meningioma,0,1,31.7176513671875,36.68470983256579,718.7394077875168,0.33968142341518137,0.20454220114759444,0.7280893194459195,13.161165326238576
Meningioma,0,1,50.42803955078125,52.8549369295486,1061.6751953975179,0.20229826814381446,0.06589455271010194,0.8110118981159702,16.049065832510344
Meningioma,0,1,91.38494873046875,70.31492666314087,1208.3777831033976,0.23679091962922263,0.09043956054606435,0.876627016211319,17.666028460965663
Meningioma,0,1,80.35137939453125,51.812239725311336,475.2046161515008,0.22992519298493508,0.0490244949992388,0.9115483083248774,12.694421006031469
Meningioma,0,1,109.01531982421875,61.82737432550876,751.8365076106791,0.17493312900145525,0.024505227860065475,0.900639589637005,15.919824394339352
Meningioma,0,1,92.29119873046875,59.635477006980956,821.7539267149807,0.28040286455112085,0.06036570413806036,0.8829853825365158,14.218060127528103
Meningioma,0,1,72.39031982421875,63.933073768049944,1813.3724084678906,0.2480244594089587,0.1885530322826377,0.7777612148373361,24.874983410128745
Meningioma,0,1,80.938232421875,50.533117024497955,639.4222508758337,0.2638948703441546,0.05634958040838201,0.873752612448614,11.47653319525515
Meningioma,0,1,52.83807373046875,40.664556620442106,346.6629037516237,0.3506401334211101,0.08748662363790707,0.8950512297368692,9.507928629139233
Meningioma,0,1,58.999755859375,53.56697467943829,586.4544320886052,0.46248516287035674,0.25732005038850614,0.8975609555838918,9.339737429475422
Meningioma,0,1,62.8773193359375,56.24946473913365,435.9029512786207,0.3591575538239132,0.226979585826511,0.9308809867627736,11.146548554817151
Meningioma,0,1,50.7144775390625,60.05182409810911,833.238389629247,0.40211962969055276,0.2743182981592253,0.8849117238228998,12.179264034310872
Meningioma,0,1,54.8995361328125,61.145174287526686,674.8919402019847,0.30053683294099875,0.1751744714889087,0.909481847742118,13.338426829199818
Meningioma,0,1,75.29193115234375,63.10218622657526,820.609651820962,0.2613128613774788,0.07661850403242651,0.8967272338580555,12.664715438807232
Meningioma,0,1,52.6812744140625,75.66418697354817,1305.4657187754115,0.6124710459913281,0.565464513098509,0.8867144115828943,12.837941605572608
Meningioma,0,1,54.0321044921875,64.81046543760569,554.2047382142705,0.49850437145961407,0.41225852304645016,0.9342741333229947,10.541968271438341
Meningioma,0,1,65.42919921875,82.07952146360678,1342.9846336571222,0.45480981901979,0.3942173360965997,0.900779719893988,15.790960527237399
Meningioma,0,1,73.5313720703125,82.30857136465241,1149.2866999565263,0.43465591202737885,0.3656345131898107,0.915385772969394,15.790840644185309
Meningioma,0,1,90.475341796875,77.58008244245237,577.325612299762,0.3134740132015748,0.12088817310974313,0.9518553800807554,12.828416352146952
Meningioma,0,1,33.49835205078125,46.4986676789462,428.9603092644431,0.5448727806363536,0.2930391382053572,0.9013924551973301,8.370320928143105
Meningioma,0,1,93.23870849609375,69.41837283108566,742.9160858596169,0.3395460084424318,0.08902503489843128,0.9223088191171044,11.87565305990126
Meningioma,0,1,95.02044677734375,74.35209409219178,1624.035225637176,0.18763110048807155,0.0709504636623157,0.85322992444568,22.430185559594143
Meningioma,0,1,61.17657470703125,60.63289563264003,623.8167662625222,0.45402665657822383,0.2504207095008583,0.9151292749090261,10.184099559606446
Meningioma,0,1,85.72698974609375,77.41004885126458,829.997743655818,0.30430563810857053,0.18964362007138674,0.9305293246710088,15.066556527647116
Meningioma,0,1,86.77569580078125,66.88440476823003,952.3538787860602,0.22326872342599202,0.10137135655021136,0.8929470102287733,16.795936763751666
Meningioma,0,1,83.45391845703125,66.0891931092167,919.050336471933,0.27215480254819324,0.15927538679566225,0.8943256793318712,16.480893668821615
Meningioma,0,1,54.6480712890625,56.2976657737516,833.7524530011627,0.34721430407530735,0.260390632359285,0.8685776940580294,14.694724830858547
Meningioma,0,1,85.78857421875,66.36097796008367,988.0174106522134,0.2379949993714615,0.1634565418137074,0.8873908647963566,17.98664284828924
Meningioma,0,1,98.90008544921875,75.67120369948292,845.1782311027243,0.2928829701027585,0.2053860209997136,0.9257739190381403,15.492640028251596
Meningioma,0,1,82.17144775390625,62.393775650661055,1162.0296542235465,0.2118869343507725,0.06268474258053118,0.8505131757322152,17.866016763286147
Meningioma,0,1,32.13458251953125,43.17242371333486,410.0986051425859,0.5520680970138319,0.2878773090569541,0.8905962040683568,7.5678746357503135
Meningioma,0,1,79.6756591796875,63.439197393432586,1082.95840554589,0.2729741276806186,0.12642939136611944,0.8653809419934924,16.41003745679609
Meningioma,0,1,52.9029541015625,44.19056059352675,382.21938150520924,0.31225394657345507,0.10499772062600755,0.9018592053444144,9.833500241220133
Meningioma,0,1,88.79913330078125,42.93256569322102,454.0757285499452,0.22388384455554006,0.031117066553471608,0.8756575531991289,11.364930307986704
Meningioma,0,1,46.2298583984375,33.243213256492936,302.99029564858154,0.2489998619030931,0.059402892219813055,0.861900176827061,8.957589856586427
Meningioma,0,1,46.07421875,36.83823789045865,357.44232099405065,0.2875684610166054,0.08246277877796744,0.8679136329286955,9.454294283589315
Meningioma,0,1,86.547607421875,66.97784461357544,957.0903190440988,0.2238729303528167,0.1008355430526148,0.8927267061755613,16.824472441916775
Meningioma,0,1,84.4912109375,65.7474697699525,924.5720316715804,0.26570487313168734,0.15318626410863384,0.8925183737076323,16.602804803268892
Meningioma,0,1,74.53009033203125,57.822605306364984,803.122106095936,0.27569872184524924,0.1553847918655004,0.8788354866787188,15.260068238889174
Meningioma,0,1,91.58526611328125,52.79224075365137,896.0607118051777,0.08782636965993092,0.012763782428987881,0.8379824431252222,18.564511007931625
Meningioma,0,1,38.5960693359375,49.682237822562826,781.4420829233882,0.38903283130850475,0.26044808723873814,0.8425000814582472,12.634287424827166
Meningioma,0,1,32.13458251953125,43.17242371333486,410.0986051425859,0.5520680970138319,0.2878773090569541,0.8905962040683568,7.5678746357503135
Meningioma,0,1,74.51483154296875,48.65074932524828,940.8151863492828,0.2857220937287713,0.09924589680721613,0.8014138928289137,15.066652555182632
Meningioma,0,1,75.2203369140625,60.575722252805114,429.84641733742137,0.3128354775822488,0.10214990154713344,0.9414336861063906,10.924676267322443
Meningioma,0,1,72.60345458984375,56.816137898166446,822.577337889162,0.28131261374108646,0.07991913535155387,0.8728084722027867,13.546378756821705
Meningioma,0,1,68.89923095703125,57.26397434860451,462.45464388200514,0.3292007308728515,0.20056511283601264,0.9293224428737602,11.435724156605877
Meningioma,0,1,60.69671630859375,60.24909636056167,1219.7134871342628,0.32635146568099777,0.23996669697048342,0.8319417130922154,18.472849152733232
Meningioma,0,1,52.50054931640625,60.66745955709958,852.523582691855,0.4144193883076958,0.3340985539695072,0.8846320015968938,13.229222813916618
Meningioma,0,1,48.85784912109375,44.964566623328196,305.29918038745404,0.3364484586290324,0.21661613670440122,0.9243196763764383,9.311724514074768
Meningioma,0,1,65.00537109375,52.364150366565575,259.0180552353417,0.26108307515605167,0.05230913488090347,0.9524891415650106,8.22384139690173
Meningioma,0,1,137.6514892578125,74.30794476043859,906.3636797704028,0.17542174234063732,0.04072366119761374,0.9170565002559319,16.288756011106944
Meningioma,0,1,33.19561767578125,44.61856574362169,487.31553122488697,0.551103376499275,0.2848933350576336,0.8782882625374495,8.052210885672864
Meningioma,0,1,84.9151611328125,50.904772889706045,460.78262163170024,0.22081633692239205,0.07778255451654634,0.9094096301767005,11.994831102944705
Meningioma,0,1,74.83648681640625,67.20261591778029,763.531031788772,0.32026193787229457,0.18299216870872273,0.9152320661735112,14.033091113059571
Meningioma,0,1,84.9151611328125,50.904772889706045,460.78262163170024,0.22081633692239205,0.07778255451654634,0.9094096301767005,11.994831102944705
Meningioma,0,1,100.8603515625,75.51699677572488,1306.263903164735,0.23238182296710516,0.09911703987279857,0.8854382724036671,17.619269226822254
Meningioma,0,1,56.96881103515625,51.88692861159317,495.16136065091064,0.33775571561651363,0.11793775784218978,0.9078192325798099,11.201678411170573
Meningioma,0,1,62.5596923828125,56.306176170162466,438.4871186266438,0.3584150487654067,0.2286358553058896,0.9306243765998474,11.112406830283717
Meningioma,0,1,61.6424560546875,53.27006360964484,596.987023688945,0.440320114053558,0.22815338694072226,0.894342007281941,9.61488199148328
Meningioma,0,1,72.9559326171875,82.229692333304,1139.624003881131,0.4378312967642853,0.3689901707306863,0.9159485574835609,15.770952166908305
Meningioma,0,1,65.82550048828125,49.153551873052024,691.4853666387717,0.26290115944134107,0.08216015794137363,0.8585910645522974,13.229325017245065
Meningioma,0,1,58.723876953125,49.367137934265514,1105.0957814730061,0.23529210235055759,0.09353113096032975,0.7720436315888054,18.075213173866942
Meningioma,0,1,30.31109619140625,40.70804113688917,436.7208238557737,0.5735289842784199,0.28994400336752246,0.8689613233541286,7.457877212630329
Meningioma,0,1,54.46148681640625,60.01228801690327,245.9848370947136,0.20311429711342407,0.051339273941552126,0.9660050980903798,9.134125158876618
Meningioma,0,1,87.31982421875,46.42306232250075,480.0840249415353,0.33010842581814637,0.10640078870222805,0.8886621480070089,10.115643551600428
Meningioma,0,1,104.2376708984375,76.88696573443852,1556.3900005186285,0.17405869598403054,0.03080379834773367,0.8674354820903593,22.890673074319846
Meningioma,0,1,105.26611328125,63.048008502286216,623.1217510482649,0.16916501989434324,0.028523986009742017,0.9208967165608362,14.0233415935597
Meningioma,0,1,66.8212890625,48.01529115262273,454.16779873410064,0.34482623522130673,0.13436068643380888,0.9011398806844657,10.64351938860251
Meningioma,0,1,55.1280517578125,48.68044501409943,749.7243227456563,0.2920234767833284,0.16791272010660002,0.8413763867155365,14.060688433879214
Meningioma,0,1,61.93255615234375,52.735907659757856,594.0426477299155,0.21682710704990468,0.06209804727506062,0.8933906493422487,13.65346108426771
Meningioma,0,1,104.0216064453125,60.3805357998256,552.6706219194399,0.3439062747164772,0.09332529467741701,0.923801379017543,10.937238921353991
Meningioma,0,1,115.37799072265625,58.42943006165636,671.644276468315,0.22580814554747172,0.019447640120477273,0.9012885483756906,12.87685007401388
Meningioma,0,1,78.3560791015625,67.05398281231133,1015.4132380922294,0.3147675556981862,0.17970955385154946,0.8865968801897438,14.994136871088088
Meningioma,0,1,34.61920166015625,42.86678754651398,479.7659320944538,0.4499148697152223,0.26748055969846773,0.870010537422605,10.408195496080243
Meningioma,0,1,52.8653564453125,74.54498324745389,1054.5871724167234,0.5882009156496539,0.5301259159582622,0.9056994011615931,11.91558222960386
Meningioma,0,1,25.92242431640625,38.61845300098253,284.6021126300464,0.5992117473063276,0.32486461453877924,0.9052538667798615,6.750593239468499
Meningioma,0,1,64.9569091796875,52.200125705307975,227.82814546489567,0.32362486632379067,0.07013466116215586,0.9579483498813061,7.54228590097823
Meningioma,0,1,62.90057373046875,49.295517410614615,515.6759071878311,0.25149293057855504,0.055211994310812695,0.8942939206082762,12.641036961763117
Meningioma,0,1,72.98333740234375,56.458722158822,964.1838940632522,0.2432555507563642,0.102644890017696,0.848661725966705,15.601065530258337
Meningioma,0,1,116.3651123046875,61.346121910628675,783.3806084683209,0.1993750497265749,0.02330206376859074,0.8944037188505678,14.124629573479089
Meningioma,0,1,61.04583740234375,65.50263264782437,692.6439321981555,0.36117177886252605,0.20348062479161988,0.9194099199332662,12.665997945279344
Meningioma,0,1,75.051513671875,65.71786051060708,1112.1329111918099,0.3284453881528413,0.1661866892269046,0.8711810802128114,16.087238170573002
Meningioma,0,1,57.99298095703125,69.02576184223543,908.0186582836043,0.4190079265517111,0.3222941218187694,0.9050606195005184,13.223032246848268
Meningioma,0,1,23.07342529296875,48.25609216959304,342.4606277416288,0.7091089916494435,0.6725053937447147,0.9271922183941108,7.012866721047033
Meningioma,0,1,73.08038330078125,80.7997157385303,1307.7215792403267,0.4160303925676026,0.25222810604096185,0.900070796499408,15.455415856147365
Meningioma,0,1,35.16192626953125,42.84238479203033,474.6856688167321,0.4539243845334547,0.2668148542099979,0.8712066166626407,10.022414740143532
Meningioma,0,1,80.87335205078125,50.215265492871936,595.6798868207848,0.2719908864333212,0.05429890149256617,0.8809042178281239,11.091176510479187
Meningioma,0,1,87.66497802734375,76.28053150281569,530.6787597989729,0.372595797894449,0.119887561724528,0.9543363981767292,9.046098182040705
Meningioma,0,1,73.08038330078125,80.7997157385303,1307.7215792403267,0.4160303925676026,0.25222810604096185,0.900070796499408,15.455415856147365
Meningioma,0,1,36.3341064453125,44.10395815384744,529.6272039107527,0.456699818628354,0.26557663601946435,0.8643943377705272,10.328406906815472
Meningioma,0,1,25.39385986328125,37.040361338146255,327.0143229974318,0.6105593625314504,0.28667685590868586,0.8816218619006234,5.866511795524133
Meningioma,0,1,22.62591552734375,34.41778076205178,217.40253168789872,0.6357363556095332,0.29492173430438584,0.9088972418218819,4.924197098394653
Meningioma,0,1,23.13372802734375,36.201157492909275,173.17910334260006,0.6247678046135678,0.290466335840573,0.9344241405857897,4.709811325873088
Meningioma,0,1,18.65478515625,29.845737279264934,81.21114166447833,0.6568400847573832,0.3023041574371521,0.9547674869790385,3.378433983430728
Meningioma,0,1,22.4566650390625,37.881225664217204,91.96022934234458,0.6350986397234641,0.28442887656344057,0.9682212829001247,3.761274092861039
Meningioma,0,1,23.0450439453125,41.597975019590685,84.20382104827793,0.6216201200491938,0.27243284267809914,0.9758828504373923,3.7025917020587693
Meningioma,0,1,28.25518798828125,37.65537802010134,387.875982798893,0.49903667300510646,0.2683974174008517,0.8639697268466946,7.711578571595498
Meningioma,0,1,27.82830810546875,37.431811401580724,402.47318664173645,0.5029722344540548,0.26863484424518447,0.8571784769956737,7.474346237755767
Meningioma,0,1,87.63128662109375,76.45565871258114,1105.3088846179185,0.36246377607144126,0.27933315669814124,0.9050515379045445,15.384221065318943
Meningioma,0,1,28.17431640625,37.56013907567785,435.86970044258067,0.49741649657719844,0.2649931063562987,0.846360458831685,7.853449870963056
Meningioma,0,1,25.266845703125,35.97614205660432,464.6574359946146,0.5950283354761705,0.30216505165550966,0.8216201057964887,7.2536742339117435
Meningioma,0,1,23.393310546875,33.384641253987844,378.7537442262796,0.6089179134471949,0.31317022687864116,0.8311531821734472,6.634982746528628
Meningioma,0,1,27.84783935546875,40.40915742596642,490.1861665130245,0.5935376543159705,0.3093022428249655,0.8508832913354096,7.833508354517598
Meningioma,0,1,33.9063720703125,44.748098918922324,420.8352174751943,0.5297468428811654,0.29560826147411406,0.8954747479417549,8.58848701291279
Meningioma,0,1,35.24365234375,46.371349815707305,507.0819205701813,0.5177017498649713,0.2877749357358537,0.8827116650626502,9.019969610253103
Meningioma,0,1,25.14654541015625,35.23262809596001,376.0435446730686,0.5677856121931033,0.29157798817811786,0.8494539278251552,6.602667119397399
Meningioma,0,1,33.4912109375,48.073574095005725,356.3522326342025,0.5765566537637361,0.28700080750322,0.9234017186820629,6.948881866514522
Meningioma,0,1,33.90008544921875,44.14284662542532,416.62845238979287,0.4917434348856926,0.2584109716093909,0.8936414445543646,9.377263004527496
Meningioma,0,1,33.0743408203125,41.617881521163746,347.16184526905954,0.5071985838040716,0.2673934990317385,0.9002396843318068,8.279174933351037
Meningioma,0,1,73.25152587890625,68.73165791448397,1230.6947951866703,0.3557583843111424,0.2716041605831663,0.8695008105173132,16.443341816373632
Meningioma,0,1,32.9547119140625,41.42643110511042,347.5820142968957,0.5041016194941339,0.2702350828634713,0.8991912565327472,8.07770964760793
Meningioma,0,1,34.41436767578125,42.07452020062571,330.7878740836111,0.5206155043424604,0.279004423486309,0.906952542223671,7.570865415169401
Meningioma,0,1,32.96710205078125,49.1848365726874,426.79837438589584,0.5487714375775131,0.28354788948710363,0.9123984800261696,8.555931861865147
Meningioma,0,1,32.08441162109375,45.5335061980729,373.12365585675144,0.5437528079920066,0.29508367100851185,0.9105864587631797,7.843228327082817
Meningioma,0,1,48.209716796875,44.966982389229024,619.1947056980921,0.28803530658357634,0.0828947159101663,0.846574455210961,12.0184279626387
Meningioma,0,1,48.93865966796875,45.871067872186714,686.5647361217565,0.2872093864554844,0.08326494096514281,0.8365427201696155,12.471517724287034
Meningioma,0,1,45.8099365234375,43.544523156978386,627.9156414446505,0.29817012292970385,0.08695533077501172,0.8341732964246698,11.87443364340001
Meningioma,0,1,43.505615234375,41.30424602814483,550.6100404115548,0.30828621360450104,0.09016600423672291,0.838384265307371,10.953402426337274
Meningioma,0,1,41.66656494140625,38.990254632607964,464.90310422032235,0.3274810022340269,0.09505714746024986,0.8468007426781143,9.944595623567164
Meningioma,0,1,39.94281005859375,36.45139654220409,397.0263242597181,0.3312298617255704,0.09264290711777665,0.850191366237506,9.135997150901236
Meningioma,0,1,45.31134033203125,60.677766206630885,353.3779252676295,0.4926943536313179,0.25763802859623935,0.952276801860666,7.71884844941672
Meningioma,0,1,41.9609375,50.592796349682715,550.043540192667,0.4353943690149976,0.23987427514950166,0.892991483677388,11.416027976589461
Meningioma,0,1,36.3184814453125,43.77767969514678,449.8627779834495,0.44646470568201624,0.24397634010536035,0.8831049711231662,9.945210054484196
Meningioma,0,1,40.01092529296875,46.59439124174448,531.8187795712552,0.4456653407762839,0.24243510104015054,0.877933255204537,10.42449583727467
Meningioma,0,1,33.4046630859375,45.39170951516097,385.4911359198303,0.5361810344388158,0.29263722729492275,0.9069917158978782,7.56688675096208
Meningioma,0,1,34.76904296875,47.7486757798845,335.60824713060504,0.5561158228729056,0.2939129470951001,0.9268361003292758,7.0295159340326805
Meningioma,0,1,36.35015869140625,51.63215946803154,301.1012512884853,0.5566485971733706,0.28733646561351,0.9438884378458182,6.796292295710463
Meningioma,0,1,34.0567626953125,50.87797591561459,210.58562362440512,0.5890943817243189,0.2948991184927369,0.9596097060222106,5.822947263082766
Meningioma,0,1,34.06903076171875,44.075419846625174,565.8469231470523,0.5446341848631991,0.28840409981553233,0.8550847530060335,8.440731272088584
Meningioma,0,1,34.834228515625,45.42496533702206,596.3899492956168,0.5397837414368262,0.28906888570299816,0.8562188340015702,8.869396496606733
Meningioma,0,1,34.65887451171875,45.52847669898644,559.5956991289879,0.5524091076092355,0.29191052093729697,0.8657206951838095,8.556378456508128
Meningioma,0,1,44.2354736328125,46.60686431408669,586.3967189341422,0.4472265408549586,0.17549494507598493,0.8652748339249213,10.179471952695044
Meningioma,0,1,37.05841064453125,48.8957051712387,513.8428885374233,0.5539739765429805,0.28291343109413447,0.8931076194220803,8.338496700432108
Meningioma,0,1,36.0670166015625,48.66547686664467,364.49583146047013,0.5547615413240743,0.28088203117179994,0.923482746887782,7.548899449362471
Meningioma,0,1,38.400390625,54.03909098365367,310.02339511715655,0.548672087049572,0.28398198425853133,0.9472486506078786,7.493391416471458
Meningioma,0,1,38.796875,58.01265920408827,252.92394037917848,0.5605890779934709,0.27927874815814857,0.9626857635234598,6.960538132014825
Meningioma,0,1,31.318603515625,45.260257390191605,403.9961499376876,0.551764701536236,0.29785094172472415,0.9020319568570898,8.513385729897815
Meningioma,0,1,32.14691162109375,45.46985164562126,417.4269304320576,0.5528708704335669,0.30292405646434767,0.8996810878365507,8.220456214351142
Meningioma,0,1,25.17431640625,44.0104247851242,215.64166156460766,0.6293100830139361,0.3248989130073158,0.9448097994860488,5.952961280923379
Meningioma,0,1,39.89581298828125,57.85025749328386,230.24338633056266,0.5580245680623422,0.2893599432150895,0.9658282758074455,6.68162137105621
Meningioma,0,1,37.49322509765625,57.46553997117597,161.11583003637384,0.5845480282025912,0.29660955968221203,0.975781890765854,5.441342312372893
Meningioma,0,1,35.15771484375,41.492100317088955,394.3374638898308,0.4531173482567471,0.27296117611666293,0.8858745820979396,8.449386949556304
Meningioma,0,1,75.3226318359375,69.99433944403113,1178.6523856487906,0.3633368368754402,0.09551554477154714,0.8799285755879832,16.299147207672917
Meningioma,0,1,35.64532470703125,41.759407843321235,328.23976901083836,0.45785857230565785,0.27256289966555103,0.9062027151761043,7.964417014772608
Meningioma,0,1,37.85772705078125,45.54175260764444,292.4393786522413,0.4566866681707774,0.2709588861732127,0.9297726144780742,7.724951465528976
Meningioma,0,1,37.44866943359375,47.17449688325862,254.7939714082981,0.4632099357693036,0.2657858871675911,0.9430209626668398,7.330902896181824
Meningioma,0,1,34.93426513671875,46.59389422682674,192.03933665682834,0.4742127860871534,0.2604271691742297,0.9560167308552804,6.407739698292782
Meningioma,0,1,24.2696533203125,32.31784389709742,311.78313446474215,0.5911148430211308,0.30685612724465633,0.8515459494491606,6.45362754006823
Meningioma,0,1,32.6607666015625,43.515796496500236,471.8689113941442,0.5584757910013736,0.29506682109912596,0.8760822490859008,8.189186839312327
Meningioma,0,1,29.84765625,40.01829396574411,328.86091846406674,0.5809332846724576,0.30093272581306707,0.8978945424707896,6.838307067239884
Meningioma,0,1,30.63427734375,41.940895702050376,297.62164472770206,0.5858840025708252,0.303901745740217,0.9158982442650114,6.575482244715195
Meningioma,0,1,35.00909423828125,51.61382486123799,301.8884048627941,0.5826007866463555,0.29779889430149864,0.9437258178775001,7.023122655621309
Meningioma,0,1,32.80316162109375,50.6057786838179,241.82973143294174,0.5889774066311921,0.29974606078260574,0.9531315746055509,6.717984928158336
Meningioma,0,1,59.0997314453125,65.52870773953822,705.0380341699815,0.4000535124646819,0.3375345885565085,0.9180906288322366,14.083380721452027
Meningioma,0,1,30.94696044921875,41.200454760240014,464.3859197719013,0.5549201278385761,0.28742033365427266,0.8639523297035772,7.7575710385804495
Meningioma,0,1,32.536376953125,43.73883250281686,452.749913296766,0.554673003487289,0.2828873589614289,0.8823285697620137,7.651099145949136
Meningioma,0,1,31.84881591796875,42.96631137755336,370.2561811217856,0.5632011584240202,0.28405446832747056,0.9002826224208811,6.952060099433448
Meningioma,0,1,32.95147705078125,45.28622380934535,347.625992970783,0.5728451489689828,0.2882917882245093,0.9157480308938801,6.6946094282820585
Meningioma,0,1,33.1412353515625,46.8221650031615,291.3545794357602,0.579172371396017,0.29673264347611206,0.9339693786746965,6.258478516957684
Meningioma,0,1,34.56732177734375,50.93074733811512,242.07464112587945,0.5651393093923509,0.2743972045379224,0.9536562181451135,6.075731213963053
Meningioma,0,1,33.02783203125,52.34481301893638,177.62882705455337,0.5710617635144009,0.2772717181673602,0.9678330496233036,5.362050935039925
Meningioma,0,1,31.93597412109375,43.197155609340896,395.9580171973365,0.565225924784886,0.2845962289552739,0.8945012099054379,7.105256593326442
Meningioma,0,1,32.62823486328125,44.56009659059986,400.9330236395438,0.5726924690852393,0.293626737252669,0.8996240267471152,7.139039153079196
Meningioma,0,1,33.1910400390625,45.82276144662279,358.2862320490783,0.583991084165203,0.3010914660350335,0.9151896778785722,6.769442851386551
Meningioma,0,1,50.34918212890625,63.030511802080895,483.9101694493337,0.5113007423340892,0.3971344902464447,0.93958316859881,9.77717143325059
Meningioma,0,1,70.4547119140625,83.00937035164628,1364.4647076406914,0.4145355706155884,0.34691740744292754,0.9013322593279951,16.495949648153125
Meningioma,0,1,108.0364990234375,86.59227551325507,1422.8063646519784,0.28641197707111543,0.1378813150852031,0.9054591199354829,19.13973035758796
Meningioma,0,1,93.74078369140625,74.97591333124645,1326.2897211304555,0.25815506758963164,0.13219699669703072,0.8819966120079599,18.716448366493402
Meningioma,0,1,79.76812744140625,65.33176679979638,195.25985378143884,0.34238095688862413,0.15747891883345655,0.9771540272322945,7.299035922290837
Meningioma,0,1,97.5399169921875,73.93270283989257,1534.9151877056772,0.16983094852666333,0.05729270664521076,0.859329540873746,21.96541628239937
Meningioma,0,1,92.38800048828125,69.58379706877034,739.8309932323965,0.3328690063105996,0.08125085783645591,0.9230522486259254,11.800303655296169
Meningioma,0,1,87.755859375,76.5957212034938,639.4817049986136,0.4239600206341971,0.18240709386359275,0.945400023161767,9.068424523568334
Meningioma,0,1,49.7965087890625,63.85770789754854,544.3929691376037,0.5204733770914766,0.42006800634628355,0.9335989912365878,10.069278357308395
Meningioma,0,1,75.29193115234375,63.10218622657526,820.609651820962,0.2613128613774788,0.07661850403242651,0.8967272338580555,12.664715438807232
Meningioma,0,1,120.03448486328125,59.50369354634623,748.4562971782861,0.17175997755340103,0.02030706708720685,0.8926277582963617,14.112203997846645
Meningioma,0,1,29.8072509765625,40.191121546111106,360.13198349058854,0.5327937707163958,0.23673048674016306,0.8891937899082996,8.049643208662586
Meningioma,0,1,40.79107666015625,47.33782054414947,460.9809714112415,0.4782393989323652,0.2027594024599821,0.897562874131134,9.093228690365004
Meningioma,0,1,35.2119140625,44.72596699547272,355.99253128589964,0.4869120574457508,0.20502970770405765,0.9114926680743332,7.976570371110602
Meningioma,0,1,38.14312744140625,38.06855401854476,377.58815182478384,0.38802860463737576,0.16132018122737368,0.8699395154099079,9.280044146026666
Meningioma,0,1,35.1739501953125,34.91269650244361,328.8369298653007,0.4105895611589138,0.165725130627959,0.865298363532987,8.516725381107758
Meningioma,0,1,39.48077392578125,39.344576806823966,453.67365605048997,0.40634914598996474,0.1625623821621861,0.8536562902491569,9.734112952601905
Meningioma,0,1,40.1689453125,42.41161273733156,443.4735476229358,0.42656262816985213,0.16800174694061554,0.8770299178053987,9.250106199432157
Meningioma,0,1,41.37237548828125,50.27615215642386,443.95736062574593,0.45450705958680715,0.19390502958199196,0.9125630632327915,9.729008114267874
Meningioma,0,1,42.458984375,48.93508811648862,441.6043557752004,0.42502840980512036,0.18470989679013786,0.9081301977584869,10.041148586205084
Meningioma,0,1,35.214111328125,39.62293352866864,298.5277653993257,0.44711213591989385,0.19016445460584902,0.9052534683225197,8.141980283961558
Meningioma,0,1,39.91949462890625,43.461211219910005,376.17120704560074,0.41185576496522813,0.172637521900611,0.9007187475292178,9.141696439644157
Meningioma,0,1,40.74609375,43.55392989111271,378.76466799423974,0.40686083279745106,0.16957505606692183,0.900436671780747,9.237273869080305
Meningioma,0,1,38.3768310546875,43.26425761107514,419.4002703787349,0.4754064666177868,0.1980744072353123,0.8883840385724696,8.71718134842644
Meningioma,0,1,43.49005126953125,46.09780595128972,419.73189027244274,0.3908363339381661,0.16327796603015032,0.9014884492478448,9.70594685330137
Meningioma,0,1,40.2850341796875,45.2670562063265,403.0038920820664,0.42228003280532483,0.1679207047490356,0.9019886540285725,8.821406826408639
Meningioma,0,1,40.82965087890625,45.03966591882411,428.9618648378651,0.4100647396469853,0.16444033862885757,0.8946052708523242,9.423746628744642
Meningioma,0,1,41.29254150390625,46.73335033183501,480.2525175441848,0.4095500760917963,0.16490551438034107,0.8904605439640079,9.891635166084406
Meningioma,0,1,40.19720458984375,48.37166886845311,439.2694487850695,0.44413715561449346,0.17313223962926017,0.9065881127254105,9.051815029412744
Meningioma,0,1,38.8702392578125,48.949623917667,374.5006747357892,0.47989903829586666,0.18856551188467835,0.9222857246487776,8.12909370350114
Meningioma,0,1,36.66448974609375,48.213362909522345,328.97372090843345,0.498917071180455,0.19613062888041632,0.929681691226829,7.567826440341495
Meningioma,0,1,41.10992431640625,48.040875531368535,410.7549159317823,0.4528993367879298,0.195972090509655,0.9113729019317628,9.429330999288553
Meningioma,0,1,39.79718017578125,45.13265700009734,372.53152282482824,0.4445026497878636,0.19210081335596832,0.9088884630866509,8.874355658868868
Meningioma,0,1,39.5953369140625,49.30251990990488,400.1323645733973,0.48878130390460106,0.2108904955019366,0.9181281031880302,8.70713914474842
Meningioma,0,1,37.6376953125,41.37815627076807,406.60492346380784,0.4685294663407109,0.1853364295340112,0.881648982834073,8.346593650219472
Meningioma,0,1,41.24285888671875,50.67502270645197,468.1973476057233,0.47574409398963746,0.20686775235360674,0.9093124769410759,9.268836654862271
Meningioma,0,1,37.970703125,44.79410493586868,316.7424897506548,0.4629453899972035,0.19499628573668298,0.921385115674446,7.924047668408959
Meningioma,0,1,40.70013427734375,47.20099258653195,406.14830393339435,0.4470122425977512,0.18175559265071453,0.9091905175874325,8.804164252861014
Meningioma,0,1,35.9130859375,41.10101396883114,318.13383731850223,0.45902211790909436,0.18665884134201832,0.9061657989466777,7.699427394949507
Meningioma,0,1,40.28607177734375,44.712127297736444,376.7077891773546,0.4295954926643211,0.17256189609808725,0.9060654727840427,8.387971225162394
Meningioma,0,1,42.2523193359375,45.322945261525916,419.9987211264089,0.4074025355140612,0.17078472019741567,0.8980546489888843,9.202956316069882
Meningioma,0,1,35.21112060546875,39.145482743264616,311.80245125728715,0.45894708457903244,0.1858955174451367,0.8986220498391873,7.991921214312019
Meningioma,0,1,40.89935302734375,44.997670453714754,434.48875400101554,0.4375997270609115,0.17713504514781725,0.8930873931709065,9.401357560528943
Meningioma,0,1,43.27423095703125,48.170837849881224,511.2278619597216,0.4331204990279184,0.17260204926178932,0.890274846611943,10.15178586997955
Meningioma,0,1,41.21820068359375,47.903260295701934,421.5156520040348,0.4793580903626011,0.19289750291752158,0.9085901004630809,8.859583644949883
Meningioma,0,1,39.390625,46.102585223150044,377.8988167664482,0.4433405336322498,0.17842941378638244,0.9114738141536175,8.654524652800582
Meningioma,0,1,54.9385986328125,49.69826450209851,550.1199121149024,0.28242051412332314,0.0871143029699819,0.8884978968401177,12.167848382573336
Meningioma,0,1,53.31195068359375,47.50048482229457,515.480845110196,0.28315165996445124,0.08701645888172896,0.8855899695343248,11.841037494576403
Meningioma,0,1,49.28662109375,42.27375443663515,412.5737403076821,0.3009102457324418,0.08924109928616908,0.8842508634507401,10.390229870304452
Meningioma,0,1,52.94964599609375,43.85406948363027,476.9140470000249,0.28224983797738656,0.08278768966692619,0.8755413243327359,11.352581142663485
Meningioma,0,1,46.1541748046875,49.50619718006183,525.0618674050796,0.3856710630452848,0.1631643486827013,0.8932113061427864,10.799020301167356
Meningioma,0,1,44.16766357421875,46.67233429804239,472.11131892193475,0.3941943378743694,0.1653988174923603,0.8919388491971135,10.250711427205635
Meningioma,0,1,50.7781982421875,51.64734613292324,596.2517753591247,0.36818239605561565,0.15717882532918154,0.8884762614068716,11.637376411473449
Meningioma,0,1,51.70587158203125,52.682584287449416,553.5786626574219,0.3776590760326134,0.1594349451964356,0.9004899980171825,11.192358775344314
Meningioma,0,1,39.65576171875,47.4025782506649,426.18542105841817,0.46387239909566685,0.19283699219985767,0.9055618724698464,8.953406906815239
Meningioma,0,1,42.35858154296875,48.42483348335153,466.5814571434669,0.4377479409966585,0.1808878219739467,0.9008655581023353,9.53878555804135
Meningioma,0,1,38.39874267578125,46.62132793726472,305.59508917850906,0.48641784273091737,0.19650671975001957,0.9300472737546314,7.485146247637336
Meningioma,0,1,40.70489501953125,45.66306080984015,444.32464378998674,0.4378746140079435,0.18006339845606179,0.8937977237300734,9.107959169044648
Meningioma,0,1,39.244873046875,43.11164985937286,430.42426563766065,0.4376017650450527,0.17861389183886225,0.8845421667383861,8.957451688342154
Meningioma,0,1,34.16815185546875,43.5869938632562,373.796152432205,0.4956528614870562,0.2020612673313059,0.9021279585518663,7.805689794974459
Meningioma,0,1,36.1710205078125,44.32940191403692,375.2093558914262,0.4761108262154441,0.19320933194339773,0.9049755605030239,7.993316701478302
Meningioma,0,1,36.3319091796875,41.89165005235458,327.33756003844906,0.47293871958272776,0.18528557394469988,0.9070986990441683,7.465912404481892
Meningioma,0,1,37.89373779296875,42.37423660175647,353.5415594581726,0.44519284606010395,0.17292435656320565,0.9018808032076785,7.8404390480665995
Meningioma,0,1,35.85498046875,40.492590282335065,350.80157138834784,0.4615223301187226,0.17617323657121706,0.893415004471336,7.564740844326288
Meningioma,0,1,38.9078369140625,49.699350513990275,358.91712557260246,0.48206095155206197,0.21898786684637778,0.9276971542790808,8.930374950595109
Meningioma,0,1,42.07891845703125,51.10250842269862,428.6685711926991,0.45563561067461233,0.2044154617741029,0.9182599625893015,9.918378895353342
Meningioma,0,1,42.52911376953125,48.17328905487964,404.0883197821849,0.4287159433857543,0.18821178304687625,0.9131895543629925,9.679010947867278
Meningioma,0,1,36.51971435546875,47.420451245271025,253.67760298805976,0.5089834032418394,0.2102517658349735,0.9439346137454369,6.755164416579834
Meningioma,0,1,46.23260498046875,50.69191092187532,456.59779659802683,0.40607893076360296,0.17727278689822903,0.9113641906077907,10.335620354836216
Meningioma,0,1,31.8531494140625,41.54073875030432,347.76956031261136,0.5008472350042242,0.19126205807282728,0.8998613574363701,7.574742844799281
Meningioma,0,1,31.1754150390625,42.64211208099492,291.9020507025824,0.5303011608247393,0.2102912420159458,0.920282278448607,6.831032466753325
Meningioma,0,1,29.46124267578125,42.60110288032247,244.65224263655182,0.5542358225173465,0.2285447451092797,0.9330955624217055,6.23903336478617
Meningioma,0,1,27.72418212890625,44.170452159057405,218.62205281445154,0.5886424342787422,0.2543283673938651,0.9444343605718919,5.7432223692579765
Meningioma,0,1,47.29583740234375,51.14343620306672,420.2579460667416,0.42458560321468214,0.1791442086673535,0.9198853682174974,9.400092249404588
Meningioma,0,1,42.2696533203125,45.07300032587033,350.8356994292584,0.43169007269967113,0.17548021859310536,0.9138767852607833,8.65801385509107
Meningioma,0,1,38.54833984375,45.726975423961385,389.81474956316015,0.4537503026432924,0.1916950526911209,0.9071635717293792,8.90285004398269
Meningioma,0,1,42.01953125,47.4181344733079,424.7597328086021,0.4264652988063843,0.1761752137320317,0.9058634766012086,9.340026844117617
Meningioma,0,1,41.24163818359375,45.45063961871107,402.38680024631935,0.42176599509877033,0.17964237329382193,0.9029103936341951,9.004284426538876
Meningioma,0,1,41.8233642578125,44.93523226425682,486.2167565507806,0.3649391787134301,0.15441143967070034,0.8799603370407307,10.408150206926972
Meningioma,0,1,43.21417236328125,45.326846778594835,404.8339952735129,0.41321598334982523,0.17522915084245344,0.9016993266879882,9.107542484617206
Meningioma,0,1,40.94189453125,42.43706758023213,372.2743912363291,0.4199156658142751,0.17575561534636383,0.8968616165346428,8.78166147738637
Meningioma,0,1,37.95025634765625,38.66427518357735,322.20708332045297,0.4132999626240411,0.16560690374724846,0.8924068363756312,8.260964818805405
Meningioma,0,1,39.9459228515625,41.23381998581934,399.182292352915,0.409919541113383,0.16599710551369,0.8828363154059239,9.066649285643233
Meningioma,0,1,36.320068359375,40.859785461552256,344.64264303142863,0.4320849331391411,0.1986952205207121,0.8971670631663669,8.464282721535081
Meningioma,0,1,44.203125,50.39135537261389,479.51927852692756,0.4147145240644291,0.18511883041468952,0.9059406048027627,9.95838907693598
Meningioma,0,1,42.27728271484375,50.015864978524114,414.3266851925117,0.4439365117599934,0.20757589806607046,0.9175527619235108,9.177422557971575
Meningioma,0,1,43.7723388671875,46.67218809003636,448.7915075088659,0.43766397129439716,0.17675107363620834,0.8972681641798864,9.221963471272
Meningioma,0,1,44.095703125,45.637978367008,450.0226826001159,0.4277306407422127,0.17549605885145883,0.8922065714142913,9.166182371428231
Meningioma,0,1,41.4306640625,42.955395108123014,425.51245560699624,0.436021675006534,0.17617210698580354,0.8849595826161822,9.020781545470289
Meningioma,0,1,40.1734619140625,43.80600699510279,419.81844765258506,0.39273455910327426,0.16002381061946436,0.8909733176532344,9.435052448231062
Meningioma,0,1,42.1864013671875,43.94962598984772,468.6728390293369,0.436505677231866,0.18142232145964207,0.8789584502271037,9.699429332453537
Meningioma,0,1,38.64599609375,41.459878873850556,411.0800344101266,0.4446151786979203,0.17693493108657402,0.8807712923059826,9.001612729788992
Meningioma,0,1,40.1131591796875,43.580468268839226,418.3866957422066,0.466202263082396,0.19073388342880265,0.8901965154562701,8.916877450943705
Meningioma,0,1,38.6943359375,44.185323907127476,361.8880059791936,0.4888395957264355,0.2010373843969551,0.9076927183655182,8.163439350317375
Meningioma,0,1,37.2330322265625,45.332252081645834,288.8099662293526,0.5145607870768228,0.21004991340854756,0.9300855893858084,7.137097047632622
Meningioma,0,1,33.47808837890625,39.6931299323469,421.3273935923519,0.5066579796496712,0.2314114063116501,0.866902325640373,8.497473737136167
Meningioma,0,1,36.16943359375,43.46976351567687,475.5068717208536,0.4882155053146371,0.21171271473215025,0.8747753226263122,8.956558862337763
Meningioma,0,1,34.135498046875,40.475169310442425,398.6685441887123,0.4851411053679211,0.21945583702682248,0.8788932408969445,8.459724864763393
Meningioma,0,1,41.85394287109375,46.86975588197777,431.8288537437193,0.39870142632509026,0.16418756989996444,0.9020811522428369,9.604683576556061
Meningioma,0,1,38.03436279296875,44.31579295503597,314.54118103944495,0.43727871873702034,0.1754689618895525,0.9202700741232964,8.019220886099163
Meningioma,0,1,35.00439453125,45.2690171777008,431.95942709471194,0.5012331805626762,0.2197726712936178,0.8951914339715804,8.842170571061253
Meningioma,0,1,39.89874267578125,48.88377517113051,332.22840518733915,0.4391720794433925,0.17681428621795447,0.9308465654823485,8.140655394593301
Meningioma,0,1,36.94537353515625,46.569157261423385,268.37646087796685,0.4588185308674917,0.18668634617103808,0.9384988931131487,7.350241364546279
Meningioma,0,1,41.074951171875,46.518110106373726,504.71341738396063,0.395107882951901,0.1658503499605378,0.8837978102061498,10.165647257077454
Meningioma,0,1,38.9866943359375,43.93491272732588,465.7626707910481,0.4038798879767635,0.1682455697402963,0.8797770661048021,9.887751197378961
Meningioma,0,1,40.06536865234375,44.9054813770102,496.85454879903295,0.4000753168247409,0.16680301454940213,0.8772226119189195,10.129427317450038
Meningioma,0,1,39.98199462890625,44.59974289100028,463.1930537338439,0.40132126353053915,0.1662469371438189,0.8839672368371271,9.62898847282216
Meningioma,0,1,41.0146484375,51.258103925530314,381.3145440666625,0.4674533528605241,0.188904801743985,0.9278368422492155,8.500515618220138
Meningioma,0,1,39.13592529296875,51.246129507031554,315.9988385875786,0.4982870647454489,0.20804654600386396,0.9402133126961062,7.766155270593028
Meningioma,0,1,38.20123291015625,53.5072983571759,234.83248547360762,0.5389194029689948,0.2260515651369646,0.9592785959845438,6.490948345178968
Meningioma,0,1,34.56304931640625,54.03023268795861,195.12837949117053,0.5790788702294363,0.2649068037196986,0.9668554867835407,5.848706619289176
Meningioma,0,1,47.423583984375,46.42261280807548,549.0239291416874,0.31855838045697005,0.09502590495463856,0.8727797094724101,11.312903969559331
Meningioma,0,1,42.3294677734375,41.456611128500406,347.1956211686245,0.4184363302598522,0.1654910707042489,0.8990570738620924,8.335803933327357
Meningioma,0,1,40.66217041015625,39.689687680554314,339.85813221239437,0.4082064199902228,0.16135043791049844,0.8921967418582675,8.201755305855047
Meningioma,0,1,44.79248046875,43.211865098066816,402.0597497132929,0.39209837209146636,0.1577354069819275,0.8923542037122063,8.993148744110774
Meningioma,0,1,45.2083740234375,43.89664222273065,432.93784112183056,0.38111199191482736,0.15639831305517543,0.8876885617450188,9.740569320983397
Meningioma,0,1,44.77410888671875,45.57463038391778,434.9691169148588,0.40240496418216726,0.16055457693287062,0.8954284548700362,9.519419601340264
Meningioma,0,1,38.16656494140625,40.47051338782597,295.80057030430225,0.44540962385383076,0.16989319749639267,0.909907582694256,7.627257918579133
Meningioma,0,1,38.88568115234375,43.9583077180132,332.3689061870838,0.4605268307635946,0.1827428834495738,0.9143051733738047,7.958150521770829
Meningioma,0,1,44.3770751953125,44.47768875199064,349.141510560407,0.3835788165190097,0.16026709545108933,0.9118608525940766,9.06311818483104
Meningioma,0,1,40.90472412109375,43.715357569718044,278.2695353672304,0.40093776834308387,0.16150150353419887,0.9273742763664177,7.921752210692705
Meningioma,0,1,35.17401123046875,39.585568916947366,364.1490601653631,0.400993356198591,0.16632798037944418,0.8841903614767352,8.55661144134906
Meningioma,0,1,53.2333984375,49.26277636837915,551.6871296946566,0.30125164217316147,0.0871864671307468,0.8863336908854811,11.58635866490623
Meningioma,0,1,34.14410400390625,38.27961473743191,342.1637694525846,0.41139170820598836,0.16877004124355843,0.8836332488084077,8.140235319534005
Meningioma,0,1,34.6466064453125,38.21454476184271,331.4757882250575,0.4044358181842573,0.16632470018366752,0.8868540823585676,8.062411843574521
Meningioma,0,1,37.87884521484375,41.00282576169373,388.7661666534821,0.38858732988897143,0.16248968200405278,0.8846999630915723,8.827465885401626
Meningioma,0,1,38.43865966796875,40.94216066098892,396.64809032358164,0.3812694898352626,0.16074804298237544,0.881987413970253,9.081705870443965
Meningioma,0,1,38.16864013671875,46.55305656604093,247.11468267080596,0.5044231000830092,0.20724003029087357,0.94327096928171,6.530316244226985
Meningioma,0,1,44.66778564453125,45.84874022057124,493.33438943447504,0.40520180360720776,0.16812674971115893,0.8829133925098847,10.027962540301221
Meningioma,0,1,44.2520751953125,47.04836620737651,498.10032528275565,0.4223579501085614,0.16915458946780865,0.8878043126170345,9.603078233501268
Meningioma,0,1,42.10980224609375,45.74746744836712,438.4492157227131,0.44166198594279144,0.17598556826385192,0.8956036447214931,8.991675877883992
Meningioma,0,1,37.00750732421875,41.739926212466095,294.4504542720431,0.4948284424707122,0.20497501943325658,0.9158414767635132,7.173134256425535
Meningioma,0,1,40.34625244140625,48.121118140607344,282.5369385114269,0.43761702824786874,0.16934461361896344,0.9392807708816481,7.731569494390163
Meningioma,0,1,50.88995361328125,49.294220774899046,619.2271056066616,0.29395434896201256,0.0873384913450485,0.8727144569755663,12.353038514672736
Meningioma,0,1,45.13104248046875,50.53477181447413,364.4998762420056,0.3974653330596666,0.1388643490657439,0.928903509231124,8.868811854812552
Meningioma,0,1,45.4456787109375,48.31971797207305,385.98057458621133,0.3821327444930292,0.1306699624512047,0.9175971809567197,9.152993055987414
Meningioma,0,1,42.389892578125,43.84075503611791,355.8337860230884,0.3786806140890183,0.11538040588410728,0.9076661875810768,8.611881282357173
Meningioma,0,1,42.41302490234375,42.319580611176015,401.43341210906283,0.3718586733187535,0.1117102893226628,0.8881333303684572,9.08651051677192
Meningioma,0,1,43.4613037109375,42.50595192306926,433.14007680755213,0.3730578044778228,0.11751336666428555,0.8802857165826515,9.35692199900116
Meningioma,0,1,52.28265380859375,41.32010203184576,542.6529889388556,0.23149065385444484,0.041342684109112675,0.8403563864305917,12.079845745630399
Meningioma,0,1,44.7681884765625,43.80086578477333,384.13323342276476,0.31770757443610265,0.07759732474901296,0.9000074828126277,9.003710804297464
Meningioma,0,1,45.476806640625,44.01243913920408,473.37968040395344,0.2961956933631103,0.07276155254124463,0.8779414379339181,9.967746736275744
Meningioma,0,1,58.5509033203125,54.00077624102482,488.75849571238587,0.29132619794981995,0.07923989797732385,0.9161990113165036,11.234251968505564
Meningioma,0,1,54.496826171875,47.461002337250555,426.4408355340683,0.301562781772472,0.08274829297545741,0.905183478619887,10.255552038448853
Meningioma,0,1,43.19097900390625,41.36220344938161,455.85757518005323,0.3369143465132538,0.09769140761479722,0.8668876148201777,10.266169317496034
Meningioma,0,1,52.50030517578125,44.24096035518505,465.84964546105897,0.30124462327872215,0.08709563448602,0.8806974583120525,10.629701958623686
Meningioma,0,1,36.431396484375,39.984935891472226,403.75523356130253,0.3729940944354244,0.1437804555896151,0.8742001193245572,8.943108952625023
Meningioma,0,1,36.17803955078125,40.4656246218868,413.40430208210245,0.41437590752639447,0.16343485836773816,0.8742651438328506,8.734727383518154
Meningioma,0,1,35.93035888671875,39.79086375166568,372.84009610993013,0.41502403089683265,0.15794947083043476,0.8827020314091848,8.086725095325992
Meningioma,0,1,37.7489013671875,43.60739522405116,400.5804405593856,0.4045953585958285,0.13055070149027448,0.8951773465457039,8.634620675492535
Meningioma,0,1,51.7061767578125,49.322269320360384,446.42951821065503,0.37319430400881626,0.13552210555152544,0.9083346052783133,9.622887394213262
Meningioma,0,1,50.78424072265625,48.7058821623383,565.4939989451049,0.35029735603032275,0.1250512692344834,0.8809512590163209,10.822281609408202
Meningioma,0,1,42.15545654296875,40.59769143155608,582.2228995279045,0.2959530676034082,0.08445338545052007,0.8236201336370221,11.710992839955832
Meningioma,0,1,43.1048583984375,41.98089735817384,649.3452608898283,0.28785449503336213,0.07935655198210088,0.8160626833491209,12.567062700533267
Meningioma,0,1,43.0126953125,41.95253822868219,618.4606232611734,0.2854829423870174,0.0745002034130361,0.8245697450754874,11.84208895371057
Meningioma,0,1,30.6961669921875,41.09739283943297,314.5376012588455,0.5500909514055856,0.24949335239720055,0.9074289412816597,7.331001103409523
Meningioma,0,1,41.14581298828125,39.51624487698594,549.1792897062985,0.30909660255411275,0.08435487098150511,0.8243843926207375,10.876495631898639
Meningioma,0,1,47.066650390625,43.94990130053755,602.9632068014967,0.33134433426778553,0.0918331756237858,0.8438821678856236,11.407347111570562
Meningioma,0,1,46.08233642578125,44.179042966232394,726.0161667746204,0.3015688872891456,0.07730020825198716,0.814110268171024,12.46621356524112
Meningioma,0,1,42.91217041015625,41.187808685374264,650.369019409996,0.29601889522451597,0.07729841602996998,0.8084213256367812,11.716313588878513
Meningioma,0,1,42.58868408203125,40.30619738009242,609.9753088139727,0.3188211932965595,0.08382081593722154,0.8123224635457147,10.950277474774794
Meningioma,0,1,41.41741943359375,38.98168536288935,510.12000632600575,0.33517289838113423,0.09000814590343133,0.8321542360680445,9.855976133828165
Meningioma,0,1,40.173095703125,39.632629315152016,446.7464346296373,0.35705219137550903,0.09766964008828649,0.8579703195031659,9.085516698377948
Meningioma,0,1,53.6422119140625,52.88917825190824,475.93262911533986,0.34134135848252767,0.16633319559100704,0.9150176075142169,11.20852869830918
Meningioma,0,1,53.653076171875,50.96575860425781,443.19647960396196,0.329919764161188,0.16098170961169195,0.9147182709524067,11.21481614057115
Meningioma,0,1,37.5155029296875,49.79900155181436,316.35230880232467,0.5285802976696524,0.2285194845193943,0.9366074883416334,7.495768370444086
Meningioma,0,1,33.01446533203125,41.76702173628152,349.365189328091,0.5215127720835551,0.2308073433494836,0.9003738616564925,7.762174668881716
Meningioma,0,1,33.399169921875,47.884435410521526,248.07811846096422,0.5657385134468811,0.2563240075796777,0.9462838134132816,6.430657705066354
Meningioma,0,1,39.58587646484375,53.27725033776704,270.43541912088665,0.5186245840238977,0.23471700737632795,0.9525804396355808,7.338605442837046
Meningioma,0,1,41.6536865234375,50.991124606696395,251.15264067251212,0.46121164300001793,0.18145137705300912,0.9519446420983617,7.317206681289477
Meningioma,0,1,39.1729736328125,51.76489738815993,228.0814888700507,0.49161836300186035,0.19441087073542124,0.9577012281796269,6.900654367716065
Meningioma,0,1,39.02996826171875,45.283918980272496,340.5530744069871,0.4426583586457695,0.18116430026453334,0.9172626143005926,8.215309840777143
Meningioma,0,1,42.83758544921875,46.88798571098172,367.5073420498994,0.42191232893646763,0.17290706254524665,0.9166385422354041,8.492248652467254
Meningioma,0,1,44.87176513671875,46.811040725956765,379.74628786372233,0.417511246450954,0.17005181400947883,0.9135141397329444,8.68302908871537
Meningioma,0,1,43.81396484375,45.11937086494851,372.5282440838811,0.41163750550067196,0.1659971418413806,0.908665809701715,8.708838577834307
Meningioma,0,1,35.79193115234375,36.496285607118345,261.36340464480276,0.4376770586764602,0.1716983818795043,0.9020293719231974,7.048773390516119
Meningioma,0,1,35.99896240234375,40.32268447413608,259.7062699321045,0.44344291693814136,0.17438933335146406,0.9203976911957693,7.178774572393671
Meningioma,0,1,39.12799072265625,46.993519829574055,437.18723080813135,0.4910975980730638,0.2049296889244234,0.9014603071651013,8.776284540851654
Meningioma,0,1,41.9046630859375,45.4433637543516,310.52341642968764,0.43370042145314497,0.17986504893450403,0.9250151486488787,7.875528696370713
Meningioma,0,1,43.04156494140625,45.40218810754942,326.9925676140835,0.4134105782135271,0.1675459853742604,0.9208455582325795,8.27800964586386
Meningioma,0,1,39.1339111328125,42.07399386093589,318.7665589980017,0.4308765261736765,0.1699688750624806,0.9101995943952141,7.902812262656561
Meningioma,0,1,38.68927001953125,41.891811773383374,343.2421357929091,0.4216327579032652,0.16676024521047247,0.9024736157692703,8.072807157333894
Meningioma,0,1,38.99676513671875,42.46562461807937,385.64920777893894,0.4255753397859704,0.16769087215552084,0.8933784198025905,8.854583916200037
Meningioma,0,1,39.391845703125,44.058467755567484,387.9847139421438,0.44130679498697845,0.17427768192346912,0.9003997929083984,8.580730821618948
Meningioma,0,1,40.2242431640625,46.33924174341801,411.65426720704454,0.4548419215717501,0.1935149834897415,0.9045433939849051,9.18969010594413
Meningioma,0,1,40.1585693359375,47.84856561844109,337.41829800462483,0.48672209338370354,0.21489009608664092,0.9266501534756398,8.25431445784892
Meningioma,0,1,39.01556396484375,48.963372086722565,255.04692150013557,0.5256532471566595,0.23984155656726097,0.9470919692716943,6.966562315938176
Meningioma,0,1,37.68011474609375,51.479756337656546,239.8421398132262,0.5601055491306914,0.2619999027870615,0.9550364160934721,6.504199660744039
Meningioma,0,1,44.64990234375,45.64760639636021,498.59602814134723,0.3243834562563501,0.09584338378019433,0.8806616966649047,10.441249191093355
Meningioma,0,1,42.48602294921875,51.24683131356625,293.8513985387881,0.43889561026086565,0.16770317124875683,0.9443262847754075,7.99196420267963
Meningioma,0,1,57.873779296875,50.418907382592245,391.95861455399796,0.31777682943513996,0.08179279920510235,0.9227598933337671,9.934220653598592
Meningioma,0,1,53.244384765625,45.67379767070454,425.60888372172474,0.31857243021380793,0.07830798158246337,0.8977583858695963,10.124313275971295
Meningioma,0,1,52.34808349609375,42.447087552485165,397.63226358097404,0.3234531935131241,0.07554851495086239,0.8891894953060695,9.631728103300754
Meningioma,0,1,48.7987060546875,39.12800611561389,416.4425556742126,0.33060868598104654,0.08758193698171877,0.8633733242611772,9.782383197579657
Meningioma,0,1,45.10174560546875,35.969010803242824,395.1147692530112,0.3092898556821829,0.07349186462053528,0.8465700311730726,9.598300470039145
Meningioma,0,1,48.8148193359375,46.44759322214091,378.5858500701869,0.32567143351192307,0.09152182222275171,0.9123324905027588,9.386949070774124
Meningioma,0,1,48.56878662109375,44.582908959941655,410.33824337184967,0.3176174277812744,0.087119332746996,0.8967692545963873,9.66307001364096
Meningioma,0,1,40.91766357421875,39.35030687159594,558.3293918854225,0.2866465584331782,0.07662398359810207,0.8200421051118796,11.366968562063509
Meningioma,0,1,43.01763916015625,40.907039226685946,599.8043871869811,0.29516792584483165,0.07936479575878819,0.8210542354466428,11.343331983540345
Meningioma,0,1,44.17047119140625,41.799298173013554,626.8203761955245,0.29124572076631416,0.07470055671807987,0.8208808563636761,11.476879524072945
Meningioma,0,1,40.24920654296875,40.380246407216674,396.1495984281468,0.39569858217813003,0.12717894665419532,0.8784251775949431,8.30805960440121
Meningioma,0,1,43.65972900390625,41.59040709383894,549.5126004354269,0.3058863346675198,0.08120138543216637,0.8414243789142553,10.532629139478189
Meningioma,0,1,43.0244140625,41.940893988133645,501.3178086395883,0.3143567783820877,0.08281504764216158,0.8578142034889573,9.767656593907965
Meningioma,0,1,42.60595703125,42.64470858815272,428.329787499475,0.36049788861781,0.13028014617942743,0.8824793004880129,9.53155455139134
Meningioma,0,1,44.46807861328125,44.2169316274717,533.3177666199834,0.3174805198389948,0.10199882169737458,0.8639161483580223,10.971048606161002
Meningioma,0,1,41.508544921875,41.87407065470526,508.7624964156864,0.3161253283506309,0.09746735297251513,0.8552706812213637,10.56067511353892
Meningioma,0,1,38.285400390625,36.11780133098108,467.5323480803634,0.3428773479174466,0.1062149889450665,0.820910411159301,9.30616024513365
Meningioma,0,1,45.131591796875,40.500164484202195,488.03824705310683,0.3380376673797315,0.09773487859753258,0.8511828800238682,9.837016205283224
Meningioma,0,1,44.08154296875,39.39398186016406,451.4960696523379,0.3582312564155108,0.10462398574442262,0.8544720577372713,9.275712008455955
Meningioma,0,1,44.65423583984375,41.48740002361886,450.9356045157862,0.3602435349170614,0.09622098571960883,0.8690642970230266,9.102829022065006
Meningioma,0,1,44.66473388671875,43.45435078337242,405.90591783922696,0.37607182024178487,0.10748140744100607,0.8926652084500855,8.816456746195541
Meningioma,0,1,40.7655029296875,42.49393558974345,368.61425109182863,0.4025419639275659,0.14754977752707454,0.8981366013572614,8.224448319991229
Meningioma,0,1,44.092041015625,45.344235386080975,370.44417034151616,0.37294912859817175,0.10350272262089028,0.9101364575093016,8.637904986748355
Meningioma,0,1,43.52703857421875,50.03921315228567,326.3213677131039,0.40989225922513023,0.12156368516832618,0.9350961026546415,8.051215493057155
Meningioma,0,1,52.3450927734375,49.85260920329205,435.9886858250925,0.31211935443436223,0.0778284190624885,0.9123665083344523,9.826905220217768
Meningioma,0,1,50.6480712890625,49.474579900577915,413.72967485784545,0.32452697414065346,0.08735287925354138,0.9156185191180765,9.595708574230608
Meningioma,0,1,51.12750244140625,50.59560093956815,369.0498650529056,0.3353658193989142,0.0988905736017723,0.9280458952494179,9.213727263392943
Meningioma,0,1,48.97393798828125,50.02075367107464,295.00836117692353,0.33848656235283275,0.10230608725058993,0.9411795217741843,8.485627717350061
Meningioma,0,1,44.15570068359375,50.29503882727373,255.31034125744537,0.37518061113803297,0.1206349717902674,0.9497356582613599,7.65280548139334
Meningioma,0,1,41.91973876953125,41.65667890615324,415.8752969225246,0.294553630471925,0.07407504962747138,0.8804292642237143,9.302035541571989
Meningioma,0,1,22.6038818359375,30.75813019060123,196.43866371328642,0.5812410391708751,0.2978542395949288,0.896780487190991,5.490109527094595
Meningioma,0,1,44.348876953125,53.74416405189687,486.2614237651359,0.4692790796965519,0.20186039804274522,0.9162194365174536,9.931904730998784
Meningioma,0,1,39.016845703125,44.736401995331626,322.33082660701615,0.4559044993146114,0.1972763522222156,0.9197498808245567,7.609665383394238
Meningioma,0,1,75.69891357421875,68.87635837470143,533.8063499994805,0.2636274655681779,0.07316067357534047,0.9436437136345978,11.711276684273273
Meningioma,0,1,55.66497802734375,55.51526332404444,681.1701054535805,0.37680894454234054,0.2729389513443953,0.8905969384620673,12.592357297997301
Meningioma,0,1,65.0477294921875,53.94880491701091,1101.3925725548238,0.28164136366898174,0.19577216844331502,0.8096512658795068,17.360769639510263
Meningioma,0,1,49.238037109375,48.91036677416147,497.0645762776623,0.3967527079796913,0.15710827852064418,0.8928519593645202,9.368054775173114
Meningioma,0,1,82.7476806640625,55.34272264884596,1292.8444037866182,0.22967867868798725,0.03480015131526605,0.782983153082903,16.031615824952187
Meningioma,0,1,76.248291015625,69.27080873909611,1371.7726164828978,0.1923964548725648,0.07351268080504832,0.856736466783602,18.338639833531758
Meningioma,0,1,82.9892578125,47.41656304511808,528.2648671938575,0.21850659492585606,0.03639059525528043,0.8824679921942671,12.359911688574721
Meningioma,0,1,93.01348876953125,39.16588507735961,301.32411073418524,0.309512580463196,0.07847930927301576,0.901420497935141,9.187481351525753
Meningioma,0,1,108.2066650390625,66.20114106738743,1179.302482257434,0.16742142822885892,0.022549080412348255,0.8643195397968484,16.85053961904957
Meningioma,0,1,86.59344482421875,87.72030682788842,2087.958266893549,0.40742518209585776,0.3345287532859901,0.8643482903433092,19.26420262997155
Meningioma,0,1,36.9931640625,46.37224608724715,278.74739877999815,0.48917132328216223,0.21702662826123195,0.9355093467069892,7.066525527583357
Meningioma,0,1,66.75531005859375,52.06187633157881,567.3705350223719,0.3848821824605931,0.1868375608172194,0.8944501024530978,9.904958169291936
Meningioma,0,1,105.9407958984375,76.77423550930625,1387.024395959118,0.27913671108137483,0.18000443269754643,0.8809867447670583,16.5807237981682
Meningioma,0,1,67.8145751953125,55.04895430951885,487.20998315829866,0.2987189187902052,0.11529798162891905,0.9192054715925506,10.837676530822764
Meningioma,0,1,34.11004638671875,41.06062307411051,390.3450226978983,0.4424992230695274,0.36731339927675966,0.8846796643513326,9.3574617149243
Meningioma,0,1,87.695068359375,77.1507782720538,1212.2617674299452,0.379421072386399,0.31043599354950935,0.8977581171660773,15.982716012308893
Meningioma,0,1,84.9617919921875,62.33857771551619,754.2421020077488,0.19401844441571864,0.04865971472973275,0.9020786790700337,14.275700020151913
Meningioma,0,1,51.5001220703125,49.100154738020926,546.5600918038533,0.3085422111705295,0.0966679047217185,0.8867747232273211,11.373031617158356
Meningioma,0,1,45.0263671875,44.698523968983565,501.30213568636975,0.3131957347422503,0.10152521269077472,0.8748141102008218,10.93676847119443
Meningioma,0,1,44.87554931640625,44.163891299818644,421.6585579304483,0.3360225403413327,0.11261346720755147,0.8921192527903468,9.795783337661387
Meningioma,0,1,43.64923095703125,44.051185057001035,364.0175344101159,0.3947997616747439,0.12194935783145597,0.9063828335089456,8.403943643825638
Meningioma,0,1,42.54296875,39.70362134891191,486.85485831523874,0.3485653039941707,0.11176801928762545,0.8457023510087289,10.04675644898259
Meningioma,0,1,46.2412109375,44.166165684911654,674.0225887523025,0.3291269503055873,0.11159868578897568,0.827421101039696,11.95540168814857
Meningioma,0,1,46.12689208984375,46.74585934264864,444.6922464001817,0.3837411951228453,0.11727841838807407,0.8984881906402723,9.500519493227484
Meningioma,0,1,53.44659423828125,59.56776545269883,386.6373446849241,0.39916642072402236,0.14421252681917385,0.9457156451387752,9.04809453759686
Meningioma,0,1,49.21612548828125,51.60499651450038,342.9642951942746,0.40628870330737643,0.162604724176172,0.9357901714082912,8.721807623303985
Meningioma,0,1,46.06622314453125,47.102512422447774,290.14141538052786,0.4101588920788425,0.15821816830512905,0.9347446759724476,8.350120391647902
Meningioma,0,1,47.05731201171875,45.39578901349255,344.00510992432544,0.3910241687920053,0.1349789030091824,0.9166259877521379,9.009172869909099
Meningioma,0,1,40.98162841796875,38.779721362457174,319.8657347354087,0.4156343101108699,0.14741558874432598,0.8937418926693532,8.439373929529818
Meningioma,0,1,51.9068603515625,48.3477721521499,460.9122948910555,0.34658849058403873,0.11147336995273888,0.9014418443215472,10.097259909364654
Meningioma,0,1,48.91259765625,43.95546538261405,445.7310600520141,0.35822707345497334,0.13577017803720565,0.8845563119886444,9.689087663332456
Meningioma,0,1,40.5465087890625,40.632058101039995,396.45893533198057,0.39476478770784784,0.12316096805598387,0.8801260868202457,8.53824196710978
Meningioma,0,1,48.32733154296875,44.31766729897566,546.9723315970725,0.3341972195727912,0.11518878294458663,0.8607057496502631,10.75267484519453
Meningioma,0,1,45.8841552734375,41.87631478718701,559.9918925151019,0.2765485256199985,0.07874186045539786,0.840303490210332,11.423302940357129
Meningioma,0,1,43.11749267578125,40.64980524753525,494.32047391834465,0.31747203796469425,0.09581605626457662,0.8505438848833153,10.775990524638416
Meningioma,0,1,52.57916259765625,50.38303802265706,436.1315849702646,0.31077075205783944,0.08372066427895158,0.914101317390932,10.103285788604005
Meningioma,0,1,47.02398681640625,45.442544782316,436.9692331650917,0.3267484670275429,0.08703470292458867,0.8942459826103648,9.785036609136787
Meningioma,0,1,47.02398681640625,45.442544782316,436.9692331650917,0.3267484670275429,0.08703470292458867,0.8942459826103648,9.785036609136787
Meningioma,0,1,45.00927734375,41.979744951542024,416.41097000167724,0.33030400955248257,0.09050999199574071,0.8817938055806886,9.353867645236177
Meningioma,0,1,43.031494140625,39.68116625535005,493.4457511024997,0.29416176994357784,0.07311062921134606,0.8431783966024029,10.498146535356643
Meningioma,0,1,41.11810302734375,38.51616733156628,528.877368477453,0.28192009507318117,0.06626129337006313,0.8216928701375898,10.56157399424277
Meningioma,0,1,28.84698486328125,25.858130388114223,235.84166003880412,0.34458417136042724,0.09387251687733233,0.823584764746719,7.263168608368813
Meningioma,0,1,36.9595947265625,38.00183844020909,419.8798327401824,0.36994615627176586,0.11887378424931949,0.8549357317667761,8.874496127899354
Meningioma,0,1,40.23095703125,28.31010059269423,382.6136085670876,0.2694314912345774,0.05730460598527376,0.7595547428303046,9.631534837288932
Meningioma,0,1,38.859619140625,27.386563718653782,363.22387082276737,0.2607334777384629,0.057311414096744395,0.7560003365439166,9.555681923864352
Meningioma,0,1,34.62457275390625,25.016437158663486,301.5123888841721,0.25774371070782653,0.05577659681198964,0.757386307244184,8.85986179784897
Meningioma,0,1,40.04583740234375,29.920229409823257,450.6117976064435,0.2261944368452589,0.046591861313503256,0.7467681786596454,10.85705968287013
Meningioma,0,1,38.645263671875,28.847628768670198,390.36653201824697,0.27414508758235306,0.06493455248524072,0.7639376355174429,9.44857586199596
Meningioma,0,1,44.30914306640625,38.56904667886979,527.5181919505058,0.2762953887343241,0.06926364930794766,0.8225835006293589,11.510297348720885
Meningioma,0,1,45.33685302734375,39.17168016079985,483.4646634411,0.30565841845123565,0.08324026595134462,0.8423118758921636,10.95466688980364
Meningioma,0,1,48.00421142578125,41.34296365628602,493.36473534671694,0.3047545152698735,0.08227915060459828,0.8555395045872348,11.236281988190155
Meningioma,0,1,48.60919189453125,42.76768201553284,477.87387055639283,0.3194127424490992,0.08974808958607602,0.8693415892766195,11.107160796354073
Meningioma,0,1,58.29742431640625,62.760438648733796,350.69741105895696,0.3769288649811992,0.15616226075572065,0.9556237538120734,9.430589892431433
Meningioma,0,1,47.02301025390625,41.0334621371608,586.3621722712826,0.31268684354084675,0.10557300420889708,0.8255519542279693,11.351685289309179
Meningioma,0,1,55.48101806640625,56.99137845157983,385.70187870070237,0.36260126405348136,0.15141956737086765,0.9407751017481796,9.871408836569225
Meningioma,0,1,52.03656005859375,51.13397875181455,390.6394838102757,0.34595923943876433,0.13823765807036237,0.9254192184025981,9.899791573021758
Meningioma,0,1,58.1329345703125,54.388210314124635,498.5926602752364,0.3273781360917148,0.11620834873692307,0.9157616223262914,10.953804700579505
Meningioma,0,1,36.41339111328125,47.44501411249781,189.28871035870097,0.47172018490742085,0.188905342699028,0.9581970741720268,6.077341037495375
Meningioma,0,1,45.94476318359375,52.26558822090982,275.2861176152524,0.39274569663163267,0.13726321576846903,0.9498295753943748,7.918373082841106
Meningioma,0,1,44.2777099609375,46.9602339796107,293.37753062229154,0.3777555567662888,0.1268335812303248,0.9336970180555122,8.09115350262032
Meningioma,0,1,49.74285888671875,50.361762364201766,408.7191737079396,0.3454759991465092,0.1138903921926053,0.9196081162333518,9.417411838730931
Meningioma,0,1,35.74456787109375,41.04555754254416,396.9171229085169,0.34961163261805767,0.10860559094817095,0.8826557474247377,8.41330626801967
Meningioma,0,1,33.54229736328125,40.45321151974444,435.26636633747654,0.33380506462412235,0.10214521903003214,0.8676437435204034,8.831869226239325
Meningioma,0,1,34.14776611328125,40.8572248315703,449.1702191608102,0.3394378525770737,0.10978107680280316,0.8660951355855679,8.904342043060007
Meningioma,0,1,43.75201416015625,45.55933673428278,475.67250638414,0.3943281349439622,0.14088788379019518,0.8857124238889146,9.313909049694114
Meningioma,0,1,44.74359130859375,50.51676908881659,370.46752053276333,0.3927025468705282,0.13808127288730213,0.9277312022324926,8.663131650483336
Meningioma,0,1,43.69464111328125,43.22899830581922,433.8226147390342,0.33542857017641475,0.09033325115061094,0.8840593743845306,9.353252487755864
Meningioma,0,1,40.07525634765625,43.09113551552446,346.8457333985484,0.36765173787435684,0.11400714987213313,0.906851910318434,8.594749388718444
Meningioma,0,1,55.395751953125,46.4855225333252,522.7477947573765,0.26209725500258546,0.0629155200149016,0.8787653214316489,11.751811202842532
Meningioma,0,1,55.44573974609375,47.67254444962434,527.6718831133645,0.29633437925499734,0.07097246209521495,0.8836920509548168,11.307233985562995
Meningioma,0,1,51.31536865234375,44.350295369381705,422.2504768681887,0.31069975334023753,0.07648128975894423,0.8924943813676213,10.227033555630623
Meningioma,0,1,57.83355712890625,43.53917192132713,606.8589937961927,0.21316135615521586,0.037763703504663404,0.8391771458328476,13.093360803910699
Meningioma,0,1,61.70648193359375,46.384469499164396,604.512991569033,0.23457491895655125,0.045530433399988565,0.8586467061847016,13.03340341446471
Meningioma,0,1,62.779296875,48.52218651375809,585.8159824211116,0.23469722604291549,0.047277899559359654,0.8749563507021522,12.94345588691351
Meningioma,0,1,59.35906982421875,48.178848597305816,488.2390727204004,0.2606910784669003,0.05856815668079285,0.8944469958494127,11.897647967172421
Meningioma,0,1,34.78857421875,46.27727739025544,278.72878009432725,0.45391455238038925,0.16808099126473403,0.9353118759390415,7.52399683315107
Meningioma,0,1,42.510498046875,43.33486088718094,476.182037571166,0.39389129992804384,0.13844369897124897,0.8734991436348987,9.17085478311674
Meningioma,0,1,50.13128662109375,50.62490511811013,324.89276860589894,0.3879921782632691,0.12062242695260564,0.9366897735324593,8.614789596767721
Meningioma,0,1,50.4417724609375,47.91369910267973,396.51998498924115,0.36184833856266224,0.09981313578755789,0.9136922592669617,9.448841300027318
Meningioma,0,1,52.99468994140625,48.47688326975417,529.9172441236215,0.323287109670946,0.07809371249293152,0.887245342105545,10.826628520445748
Meningioma,0,1,45.35443115234375,43.88417957461612,467.6712666238386,0.3290154001332584,0.09843301568919294,0.878715577354285,10.126962691426376
Meningioma,0,1,44.16357421875,54.1420880603034,275.74983252706164,0.42863992524329525,0.17341097495575053,0.9532115966674843,7.770372489964982
Meningioma,0,1,42.9412841796875,43.29957131074894,220.80432990946733,0.39344904397640784,0.11901665098946343,0.9412129494829417,7.183070018484477
Meningioma,0,1,52.092041015625,49.751694970873906,363.27066820154704,0.343816655802909,0.08815998435169578,0.9266679779456288,9.272378775227313
Meningioma,0,1,50.97235107421875,47.4341793622212,396.37063056553325,0.3283854867399063,0.08414515180783794,0.9119066820866726,9.552835851766485
Meningioma,0,1,43.85797119140625,40.49277045554164,339.0414549540422,0.33309309266349474,0.0765169885349373,0.8965624687622905,8.848598240166012
Meningioma,0,1,44.03466796875,40.113611473858754,366.1222848305461,0.3395866796829043,0.08185563899968758,0.8861410283523776,9.057556216675701
Meningioma,0,1,56.44976806640625,45.3811096006784,470.39833081625045,0.27050613543911733,0.06282641658345778,0.8853335312126884,11.534478729114962
Meningioma,0,1,46.56903076171875,43.393387508703434,503.5831844281524,0.3015486250643768,0.07293440857307833,0.8662712393660711,10.502666126427114
Meningioma,0,1,44.253662109375,40.53233104122967,484.42180524991704,0.3030384822388819,0.07109380514739538,0.8525310415283056,10.148220741754935
Meningioma,0,1,35.9305419921875,48.34999464556098,264.9447115105634,0.48906796378663087,0.2043694274464508,0.9436950733431957,7.053494845272022
Meningioma,0,1,40.7542724609375,49.724440069669676,332.6056970122345,0.4524119643181245,0.18161423098368207,0.9330992327026311,7.806950383433201
Meningioma,0,1,49.03466796875,46.94964389432382,584.0107979513658,0.33633247904179864,0.10367959236622924,0.8676670722686786,11.28913321889277
Meningioma,0,1,44.2779541015625,43.658605847693984,526.1993512269034,0.35313989441418653,0.10827322763694341,0.8622060334262471,10.664799235849722
Meningioma,0,1,48.0965576171875,46.84101192658257,541.3062165539183,0.3420988570946364,0.1042027469633671,0.8768278408316397,10.837975875171779
Meningioma,0,1,47.82513427734375,48.034613533076424,534.8273549633903,0.3599907601029378,0.1208023173366452,0.8843495619773319,10.742080331818372
Meningioma,0,1,46.6346435546875,47.83751450446337,478.7189685747351,0.364736394415269,0.1232052137000669,0.8956712435344003,10.189870172710583
Meningioma,0,1,47.13665771484375,49.143535674539685,448.2277986275486,0.3655250955747552,0.12562700179063782,0.9074734544336497,10.011468085437624
Meningioma,0,1,53.42413330078125,41.6702504382647,473.92517263164916,0.26261328345047796,0.056340576091023824,0.862827985690755,11.499170021778749
Meningioma,0,1,48.02813720703125,52.03704924322777,425.7319883585899,0.3774529262522627,0.12947518293732024,0.9216714427073157,9.824901599023516
Meningioma,0,1,37.62274169921875,37.274677201175535,351.3621755407928,0.4027889945747776,0.1491469628674181,0.8737427157354682,8.488304136765201
Meningioma,0,1,56.38250732421875,46.41850363433558,468.1707012359922,0.27750216706820896,0.06224355414637746,0.8911154585482144,11.327703471814473
Meningioma,0,1,53.22808837890625,41.33783309426958,436.1817493674503,0.2817348248484933,0.06315155418409754,0.8719005261777364,10.84810562980605
Meningioma,0,1,49.17559814453125,38.386599144817694,447.14099397343836,0.2683998249871332,0.05698940387517197,0.8477679510014914,11.09166488254955
Meningioma,0,1,45.91839599609375,39.49173381249569,442.4855754047894,0.3197842661773861,0.07828562862834851,0.8579031220293526,10.16725586966885
Meningioma,0,1,48.4307861328125,42.02340010882287,456.8039139516259,0.3058228503836053,0.06793557317316634,0.8704773725100112,10.20400365800825
Meningioma,0,1,49.70068359375,48.67323944236658,399.07526015838914,0.3787703874698344,0.12716405759200283,0.915886140150713,9.857085112608832
Meningioma,0,1,48.6126708984375,43.95400400821958,388.8944134255886,0.3810001011012648,0.14266181741369802,0.8993142271264863,9.410394684071443
Meningioma,0,1,47.76171875,42.847063310693606,478.4657267674426,0.3684166236499766,0.139558804548101,0.8696427036641518,10.2824989634364
Meningioma,0,1,48.71484375,39.50700200467584,559.8703140258523,0.25982488861031255,0.052768974751491206,0.8199715842758277,12.10830440801641
Meningioma,0,1,41.09619140625,37.66186615467197,458.11864619827395,0.3526949030370348,0.13814364376124402,0.8385324175360562,9.836849579949934
Meningioma,0,1,35.751953125,46.635700337723996,205.83942863982938,0.5076744870789417,0.24611535373018295,0.9529501705576033,6.4495154302818545
Meningioma,0,1,45.75384521484375,53.10966475455551,338.8465126384027,0.40985693796613265,0.15944342542052412,0.9401748336928538,8.587227393206192
Meningioma,0,1,44.55462646484375,47.326811577311425,315.0343533968821,0.40899251026323497,0.17063232063965608,0.9298682793606027,8.367171999970203
Meningioma,0,1,45.18621826171875,45.91722477736537,366.94638829907905,0.38378542200015886,0.14757955506023174,0.9131668940700047,9.041956888602183
Meningioma,0,1,38.24835205078125,50.24723691747541,191.13199305698748,0.473639027824697,0.20261520839917113,0.9623672576602205,6.460382284046737
Meningioma,0,1,40.34454345703125,47.1411325716539,220.6889091708249,0.4105656115364289,0.14303797047232603,0.9505497224395731,7.2257377288202544
Meningioma,0,1,51.83001708984375,54.16119265574094,343.4218328593521,0.37045683139970453,0.13062517756452044,0.9416019950811184,8.96587498643879
Meningioma,0,1,56.08355712890625,54.6387364123784,460.09980615281245,0.3237752533805805,0.10734405554446966,0.9230411099088818,10.225334606920786
Meningioma,0,1,46.48828125,41.732249798180945,432.7032466995099,0.3306434912012549,0.09183472255833852,0.8756960154190988,9.805167395491923
Meningioma,0,1,46.50225830078125,37.47438571536333,594.793071437765,0.26025477910023836,0.05509674203733396,0.7873949487915137,11.965597439008533
Meningioma,0,1,49.19293212890625,45.357642614031754,475.4364939511713,0.32844651661048374,0.08611507965197747,0.8844725417725693,10.2550915179966
Meningioma,0,1,44.13946533203125,43.81883975960788,489.8556394925919,0.3751815330428393,0.13324352850575122,0.8726912320401425,9.956127646631348
Meningioma,0,1,44.2274169921875,44.287484291954335,451.06098705172155,0.39110164353012766,0.12945174178042035,0.8852671703344855,9.287256746389435
Meningioma,0,1,53.16571044921875,50.838774567446805,482.54546425505623,0.3648100131056612,0.11874419244708773,0.9067329356753038,10.01325737026582
Meningioma,0,1,39.63250732421875,36.50928145333342,290.05830530413834,0.40905735795155906,0.1482808797110884,0.8911968787869513,7.772545279466134
Meningioma,0,1,50.4132080078125,47.486253267410504,598.935764602078,0.3472878266968012,0.1168310669608757,0.8672799649545957,11.12157485643224
Meningioma,0,1,45.3985595703125,43.177844523444975,539.4467500068496,0.3302013651016013,0.0997669204587934,0.8554524620168419,10.911829163503253
Meningioma,0,1,44.38836669921875,45.929620273576255,462.9070965681642,0.34760112002925175,0.11442053002051922,0.8905818222419803,9.790942968605798
Meningioma,0,1,45.29925537109375,45.91586421226971,363.00852743898,0.3710099722527925,0.118482202925485,0.9140882706613964,9.084713481927908
Meningioma,0,1,41.71441650390625,41.203852882463885,358.7986429723289,0.3725816232090762,0.11849331125320023,0.8944895802167732,8.830205152598621
Meningioma,0,1,39.71417236328125,39.60263939677498,460.470382347071,0.3518805648903719,0.12118747748989664,0.8534618432831732,9.859979016834034
Meningioma,0,1,43.73779296875,43.72584123614662,483.53935784830855,0.36090504451736233,0.11567268144940848,0.8738104819951025,10.17255155213542
Meningioma,0,1,42.71044921875,42.7435764567476,526.563982069443,0.33200463653604395,0.10353062387138433,0.8561866087871793,11.064787102231787
Meningioma,0,1,58.09136962890625,57.628715594428876,411.1005502753898,0.32943525425128417,0.09124202128256045,0.9381835645182646,10.206932800585903
Meningioma,0,1,44.92889404296875,41.5254123777488,503.46011720935337,0.32066609837833526,0.07368102651462773,0.8540211863136784,10.402246632619267
Meningioma,0,1,42.365966796875,39.979240877186314,468.1482817731818,0.3312316275474693,0.0813247779281954,0.8536214047901566,9.916280941937853
Meningioma,0,1,45.81927490234375,43.356864984349464,489.43682151042196,0.34320237811098947,0.08847427179541016,0.86990039342677,10.168827911875594
Meningioma,0,1,48.3695068359375,47.32833456592502,485.7446868800714,0.335582993526566,0.09042721293231282,0.8917117923344402,10.471433927244053
Meningioma,0,1,49.3990478515625,50.53454437189143,427.6151436756724,0.36772464532347365,0.11092527753949685,0.9164448206752798,9.778308384743234
Meningioma,0,1,46.55181884765625,51.30720773715512,364.53377032932684,0.3866480095739478,0.12583203525300643,0.9309994319627891,8.982432773460694
Meningioma,0,1,40.711669921875,49.86713176642304,264.0437621578829,0.4301607171949098,0.14826063179513227,0.94715564863929,7.426197086770289
Meningioma,0,1,52.99493408203125,57.28905588368084,382.1083575683547,0.33018702172596326,0.10647896206679786,0.9419804534541353,9.627522630046872
Meningioma,0,1,48.68475341796875,50.679281488881,375.7164699212848,0.33821941079995493,0.12820470474821125,0.9270619844927209,9.29102749221252
Meningioma,0,1,50.15814208984375,49.75535317231781,424.69352587930257,0.30722271491373776,0.12086754763409929,0.9143776076547729,10.091177721419097
Meningioma,0,1,50.99114990234375,49.17514668071975,384.7532661472102,0.34575907300482134,0.10011843749954856,0.9205165213797106,9.550475850952683
Meningioma,0,1,39.74090576171875,49.2467325867276,288.2595907653266,0.4646062175914508,0.20431101213643896,0.9408652114025061,7.63195188499867
Meningioma,0,1,45.788330078125,51.87305032616695,357.9354165779272,0.41190275526613507,0.1608305184241605,0.9337192658020491,8.558677425949856
Meningioma,0,1,42.58770751953125,39.95223280398519,452.6956823211026,0.3238466481299421,0.10216323733093643,0.8582317368104274,9.888669816403024
Meningioma,0,1,42.748291015625,39.36451214501851,374.94323622244667,0.348421846137948,0.12005205841766495,0.8789900202143777,8.838520434854049
Meningioma,0,1,45.560302734375,44.03090235963447,398.6145864010973,0.34628433639182077,0.12775437478402346,0.8972982145179937,9.23808459335757
Meningioma,0,1,46.10980224609375,46.1759155551189,333.49773893302313,0.3551541456421796,0.11551200355690924,0.9219254833028029,8.675156405001204
Meningioma,0,1,49.81719970703125,49.63199134640803,476.13690305513177,0.38133967056954404,0.1336427120084017,0.9035565076886204,10.201779645748168
Meningioma,0,1,45.5540771484375,44.02741156616755,419.80310673907604,0.39432701001772374,0.1263163950946948,0.891865973137667,9.458170017903491
Meningioma,0,1,43.94927978515625,40.4612089163377,429.36670094438387,0.38977116469347356,0.12327778812646878,0.8688951144680463,9.634544386277124
Meningioma,0,1,40.41900634765625,38.27667424934904,428.61604824776475,0.3844551351443175,0.13342208907315195,0.8538464791404283,9.601938617940567
Meningioma,0,1,54.35211181640625,50.102208563228814,493.26675081091287,0.3203460090447452,0.08297231855066382,0.9017185041514608,10.57158095956933
Meningioma,0,1,39.078369140625,38.56820967754302,477.3470356433429,0.3758714709967617,0.13078580028471876,0.8398406938570823,10.174245414898053
Meningioma,0,1,39.3353271484375,38.27460697514683,413.6670177989212,0.39462855613764536,0.1362626366096484,0.8590211491712867,9.227454357253253
Meningioma,0,1,44.41986083984375,44.69395766911979,567.6030942179802,0.3829405827905455,0.13848715961385463,0.8582276766508224,10.606647600015116
Meningioma,0,1,39.91607666015625,39.780899882321016,515.0256633287285,0.38111473176587324,0.14013148819747123,0.8376067131324872,10.095933203586092
Meningioma,0,1,40.79937744140625,41.32353881811509,599.1960460874834,0.3571727696266681,0.13951016963752766,0.8249190273537154,11.421523343047976
Meningioma,0,1,46.25750732421875,45.97906586788647,715.9847482117915,0.32628069476165267,0.11258137444563897,0.8309641674291224,12.927460823673371
Meningioma,0,1,41.269775390625,44.37142755809532,273.84041604024526,0.37884534444214113,0.14017015294913834,0.9306247466341628,8.197063276939865
Meningioma,0,1,41.62359619140625,50.4838029733631,289.69323198417237,0.4265135120819674,0.17429555619431208,0.9434285230867543,8.109089097085658
Meningioma,0,1,36.901123046875,51.44117344025737,208.64426411669106,0.5242778739730645,0.2691634883511548,0.9608329944504916,6.489504541510079
Meningioma,0,1,43.22259521484375,46.24902685529432,470.71446206180644,0.3775751048810372,0.12114159925300969,0.8903441099306891,9.938023126047437
Meningioma,0,1,51.23565673828125,47.61504310269218,558.7060147871069,0.31479353480656647,0.07960859197952955,0.8767554156032974,11.188677275793335
Meningioma,0,1,47.1251220703125,44.52551600950665,468.3376921520047,0.3250765271162589,0.09030787730421269,0.881907720175688,9.720514581655125
Meningioma,0,1,44.26043701171875,41.739124615127544,490.3176764049426,0.3236265593658029,0.09863285850721805,0.8593021833920002,9.895630177980035
Meningioma,0,1,53.27069091796875,46.72814005091938,471.10088340495236,0.3049420093918058,0.08071919504467191,0.8919519651731032,10.825335236609163
Meningioma,0,1,55.6260986328125,47.984837667848815,524.8244380512887,0.2899409431089295,0.07723319431040677,0.8857951323104557,11.276373181653867
Meningioma,0,1,61.61505126953125,49.5823186112695,589.8551918081195,0.27568254083329635,0.06908129083298889,0.8795140208172303,12.146546617313449
Meningioma,0,1,55.86273193359375,45.78476301322487,591.2383287189222,0.27580188183930615,0.07556187752078018,0.858483238179395,12.12186996249131
Meningioma,0,1,54.4539794921875,44.43485269544601,568.860272912022,0.27160539467042155,0.06679441611495437,0.8554320485235707,11.872169912309822
Meningioma,0,1,51.97955322265625,42.89841270823814,551.8560415246529,0.24649399357798538,0.061665749195324665,0.8495826414297336,12.241338873304125
Meningioma,0,1,32.52545166015625,49.52023819495288,204.0231518393047,0.5782142363193443,0.2989975976087156,0.9587142004128569,5.56366552967564
Meningioma,0,1,36.70587158203125,48.047431142077194,270.008315887768,0.4994987429790175,0.23308615385068798,0.9418557104303118,6.8379446329214435
Meningioma,0,1,38.0616455078125,50.03334687426718,208.90258000441332,0.5356774520931425,0.29407591221257795,0.9585148906023347,6.452624518531138
Meningioma,0,1,39.60546875,46.194466072016795,327.50791203931317,0.46314909471671994,0.1880430716399997,0.9236056119501562,7.701220675879961
Meningioma,0,1,39.80804443359375,44.965453929694675,411.53546068036076,0.45795411562469024,0.183451689559479,0.8986556452314982,8.37639911998696
Meningioma,0,1,39.25274658203125,43.214620684932726,483.2838468607303,0.4193125812504163,0.14939050655693925,0.8711224037328437,8.944643697882116
Meningioma,0,1,38.1527099609375,41.72960556306614,513.6586262274734,0.4393860133775571,0.16032922265149668,0.8530599355053485,8.804548363003875
Meningioma,0,1,39.8502197265625,42.254017611894035,610.3907011681962,0.42087511547221373,0.15097496481264944,0.82960641903821,9.809708178011107
Meningioma,0,1,53.88824462890625,51.55318948606624,399.6074862970618,0.31840388414291343,0.10504190293823787,0.9248735718195007,10.094392161441688
Meningioma,0,1,54.096435546875,51.2094182601665,449.8864839488182,0.3154346694746518,0.09315933976573063,0.9142494429504515,10.29565667334594
Meningioma,0,1,55.690673828125,50.281857137173674,537.720455366768,0.30645066240593577,0.09033163661315949,0.8935823648619559,11.080505102417774
Meningioma,0,1,54.345703125,49.46394649662763,603.1534047756505,0.28209597496152683,0.07335880649901201,0.8767066586199188,11.937777547431612
Meningioma,0,1,42.1033935546875,40.275066537220475,505.3451457294118,0.33078117677210345,0.0984899389383091,0.8444323002015641,10.192262868901743
Meningioma,0,1,46.20050048828125,48.9495579737318,375.547144555288,0.38641321534832074,0.14448635408210467,0.921837304547928,9.29757177483239
Meningioma,0,1,43.75848388671875,41.451032181271515,510.0704920824479,0.34785034558016187,0.1057643529892054,0.8517295112579495,9.99949079976377
Meningioma,0,1,44.85302734375,42.59674914486069,479.33298389648894,0.3557907385527344,0.10789475519913339,0.868072980982658,9.549710900203898
Meningioma,0,1,42.20025634765625,41.134068534155084,389.9154571395534,0.37143452484649087,0.12110341711081044,0.8849799098002259,8.853744250458048
Meningioma,0,1,48.10858154296875,46.99335178409809,417.0586808166351,0.3609135842150487,0.11200279765381295,0.9057175668475564,9.40454632862488
Meningioma,0,1,47.26007080078125,47.88422726836821,358.4693554700167,0.36272626886121395,0.10903964715692852,0.9220239611219734,8.952958374667826
Meningioma,0,1,47.1885986328125,45.706471051541364,399.51602787976344,0.37347904782932984,0.11436643808252604,0.9045196053628074,9.197077202749087
Meningioma,0,1,49.82421875,47.92528552396648,550.6447587856866,0.33958888755627137,0.11157799441381643,0.8802708675990769,10.795186344280161
Meningioma,0,1,46.90576171875,46.088495791701206,548.1837675199565,0.3175531790148983,0.09534534562504698,0.8711830095091908,11.052732921873414
Meningioma,0,1,48.75885009765625,44.0136754487711,423.60640020504013,0.2871261362018318,0.06772818612422551,0.8906133954969968,10.156837305863178
Meningioma,0,1,44.302734375,40.02650369920621,396.7693600231422,0.30295768518527816,0.0707212361314991,0.8760756456296247,9.73405724936542
Meningioma,0,1,47.03985595703125,52.724720744788875,381.1836913518288,0.39891448813795105,0.1537303396662903,0.9316881890000988,9.286808214242939
Meningioma,0,1,46.55023193359375,41.96725834089338,457.6252844498456,0.2956213119594047,0.07430675385830682,0.8699856983742758,10.356947428739726
Meningioma,0,1,47.2550048828125,42.90188162679018,514.929591956909,0.2841591611537959,0.06889900941091019,0.8600602558509818,11.021556304832615
Meningioma,0,1,45.11578369140625,39.814251763071105,432.8147022153907,0.28246562331131014,0.06925752214954507,0.8633107027695446,10.175423053972096
Meningioma,0,1,41.87017822265625,43.30916072442161,451.9781731712577,0.3145281835304656,0.08794291835324011,0.8799272270217214,9.391633107486133
Meningioma,0,1,49.6846923828125,51.21156805059081,342.6641700315214,0.38527691626637134,0.13775632055160492,0.9348444612561365,9.038350467327213
Meningioma,0,1,46.57025146484375,46.64248919311795,372.518576666111,0.3654131023450248,0.10457778362141965,0.9145693475697624,9.179914793424304
Meningioma,0,1,54.19189453125,53.018969719541786,558.0352559104487,0.3415275971722146,0.10601414624922867,0.9008970116225777,10.833438483284857
Meningioma,0,1,40.8909912109375,39.49112905844134,416.20351855552155,0.37557894658910423,0.11570012187872697,0.8667398203788244,9.054869383177047
Meningioma,0,1,39.3817138671875,38.46581683821896,445.1237099857469,0.3492961074852585,0.10408718168600435,0.8498407719815798,9.395170505185561
Meningioma,0,1,51.9295654296875,48.81168893278848,304.9582287485289,0.35143852940848586,0.10094386303130297,0.9359875697057969,8.807607439434532
Healthy,1,3,69.7490234375,60.50274903380745,1088.4636160992666,0.2514241660544331,0.12089190915151446,0.8509520003588394,16.72422926096094
Healthy,1,3,41.97772216796875,49.815330890063166,789.0099788716514,0.2099372050304664,0.07296031706996178,0.8417215954645589,14.335563803942359
Healthy,1,3,55.1300048828125,45.91401736215213,436.53071088958154,0.4411761930504469,0.3045730194551709,0.8962984276485771,9.067155821812271
Healthy,1,3,75.95703125,79.34008511361051,1646.3702990104605,0.3928055459508163,0.32243378154951374,0.8690389734036461,18.624885566180815
Healthy,1,3,49.855224609375,48.26243602940613,441.8122920816884,0.40154859066619036,0.1756530962656562,0.9050588827987046,9.648924903320019
Healthy,1,3,53.4398193359375,58.96898736676008,1504.9441143963481,0.4968459657241361,0.4074304121295667,0.7848344255095532,15.820480336276146
Healthy,1,3,49.145263671875,42.42329091823053,301.7795183559419,0.22833742893761705,0.06655318028124835,0.9162983153761839,9.537945529016898
Healthy,1,3,77.1591796875,82.83960746615956,1200.8021739523197,0.39915262708016414,0.2914464385073859,0.9128217727615419,16.677412264984895
Healthy,1,3,53.5535888671875,53.300007551510966,1063.5311934492686,0.3225104523528515,0.2320410557903465,0.8127851450175978,16.74019635148886
Healthy,1,3,95.16412353515625,49.51108229485775,509.6513427870925,0.11872477601098694,0.0183210734961137,0.8944681058670656,14.101256132200579
Healthy,1,3,47.49713134765625,67.7220270000063,761.9516464424598,0.6125350322422908,0.5598243628068607,0.9174624366617579,8.958872605246222
Healthy,1,3,29.61279296875,36.103671152875165,498.72035510093133,0.3961156588880239,0.22494813784753742,0.8094638369687674,9.72796488952461
Healthy,1,3,29.61279296875,36.103671152875165,498.72035510093133,0.3961156588880239,0.22494813784753742,0.8094638369687674,9.72796488952461
Healthy,1,3,32.041748046875,32.69289533733716,401.4249975297266,0.39934161817731756,0.14404350814639993,0.8122858068092902,7.591467620435928
Healthy,1,3,32.041748046875,32.69289533733716,401.4249975297266,0.39934161817731756,0.14404350814639993,0.8122858068092902,7.591467620435928
Healthy,1,3,52.5888671875,53.55697000593607,985.2528699278243,0.3542374178278107,0.1631798519158041,0.828963558703133,14.611297730410863
Healthy,1,3,55.46563720703125,55.02640227316471,791.6036566996233,0.39741987800263906,0.17608689516105402,0.8695890302249725,11.564178362733424
Healthy,1,3,53.76953125,55.23095803057906,1171.295718673717,0.43905806797680363,0.23287996866742847,0.8089454142268486,14.225317774857002
Healthy,1,3,57.9420166015625,45.64372536580746,579.3065219529309,0.2730859001008398,0.09022981477412867,0.8602136226566109,11.81572654942263
Healthy,1,3,58.7735595703125,48.96119361893844,801.8781657603488,0.3079517946868364,0.11128658506599878,0.8331561139091126,13.015151643586103
Healthy,1,3,53.9945068359375,28.650845389007916,393.6436421779391,0.36493143030903236,0.11885428362651948,0.7567996603194771,9.080252621443261
Healthy,1,3,57.671875,52.65228796295917,905.187683941941,0.26200516803127233,0.19724526054902772,0.8366678448004097,17.168443317358538
Healthy,1,3,69.1319580078125,56.95399557097146,476.65862610639664,0.4057437085319083,0.17101936255308287,0.9264498399847023,9.920747857122212
Healthy,1,3,31.330078125,40.28575825229862,447.97748814253146,0.50270794519469,0.29324684946933355,0.8626660629532392,7.848787994451866
Healthy,1,3,29.61279296875,36.103671152875165,498.72035510093133,0.3961156588880239,0.22494813784753742,0.8094638369687674,9.72796488952461
Healthy,1,3,30.430908203125,36.39103070774503,477.7427583371334,0.40801745940961703,0.2297911506832822,0.8202961479940422,8.66344153000888
Healthy,1,3,30.47198486328125,35.86073760096029,419.6006711271707,0.4856636897417203,0.21641325292020097,0.8374252499347603,7.893088657271841
Healthy,1,3,56.36224365234375,49.41356477264358,827.6497993231611,0.4848188451583405,0.2533876735505338,0.8317828181351585,10.932689904443759
Healthy,1,3,56.23345947265625,50.27346118487028,898.3776162358325,0.4536699716379183,0.22658195568104433,0.8230893917903708,11.03360661018338
Healthy,1,3,53.4398193359375,58.96898736676008,1504.9441143963481,0.4968459657241361,0.4074304121295667,0.7848344255095532,15.820480336276146
Healthy,1,3,60.920654296875,49.044543421420954,574.9600097990017,0.2839293728087824,0.18889485115999277,0.8798082119476369,12.76413566499162
Healthy,1,3,73.69293212890625,49.43129463708515,632.2122763152266,0.3390279533635719,0.21384724266493507,0.8687025761548792,11.78119357020049
Healthy,1,3,54.45355224609375,45.5031701315438,826.2288933172703,0.281609249201291,0.08382468850189961,0.7999734629473356,14.16511311147798
Healthy,1,3,56.918212890625,51.60942136246773,499.1911216791872,0.34596036022676324,0.12080948350186158,0.9064629731864721,10.81791120613622
Healthy,1,3,59.3096923828125,45.64896003790328,244.5889730842078,0.1983481103149125,0.05168670046026516,0.9411569474532538,8.993963706677727
Healthy,1,3,50.57177734375,44.273159429438586,445.6078345633915,0.2092729163687373,0.06167322863623346,0.8866340960631913,10.244992400142225
Healthy,1,3,36.2261962890625,41.971083880617314,602.7534411280504,0.2336262127252532,0.0612934551701967,0.8285480188700944,10.709757923423158
Healthy,1,3,52.7923583984375,56.32498994573524,1359.3246560206885,0.41297864889804886,0.18268597226131217,0.7870452969927657,15.261492667519516
Healthy,1,3,71.203369140625,67.16192208172271,434.5081848640718,0.38911091794136876,0.11513316658822105,0.9522636657139072,9.018054993141938
Healthy,1,3,43.26263427734375,39.82566293260566,604.618847577611,0.27497890304663924,0.0862210833598287,0.8093303090433208,12.572366133014949
Healthy,1,3,56.29461669921875,58.1683730590807,763.7926468823455,0.41180290629751437,0.178459723204332,0.8879142248716453,12.231690830571683
Healthy,1,3,56.6136474609375,79.2038572310102,651.9669936528302,0.6024325079429096,0.5271580809511622,0.9483092727677312,8.022278388307702
Healthy,1,3,44.0169677734375,57.03118219332387,532.3683535141274,0.5842921035066959,0.5034747144151679,0.9185659569222318,8.693552156636601
Healthy,1,3,52.73138427734375,43.99563772751309,543.3100325888714,0.22160497505926702,0.09069492929927021,0.8588627794320883,12.454962480238716
Healthy,1,3,23.7916259765625,24.00453729475131,218.17059806386365,0.3879550066778462,0.25805288519163666,0.810708847553936,7.740425461319944
Healthy,1,3,36.91558837890625,41.469308012100264,483.66391428102395,0.3670667571714404,0.27899380293519643,0.859727375153326,11.771733707531459
Healthy,1,3,31.97235107421875,37.942300840307965,254.7701781341326,0.4367871892578271,0.28843223469087675,0.912194045663276,7.962737198912603
Healthy,1,3,32.3310546875,40.96975884843077,443.87758402475777,0.4332652692698691,0.3223335920214432,0.8684621301515383,9.811036336917475
Healthy,1,3,39.4501953125,54.20559737768073,599.0078642072507,0.5745927734049036,0.514570776084781,0.8987050822376346,9.542519370196507
Healthy,1,3,61.34326171875,60.871617779388295,987.029418453579,0.2419298511534698,0.06072522371573374,0.8671203446270169,16.529323031305612
Healthy,1,3,41.045166015625,55.13783364704171,679.4991734125615,0.5335915413702454,0.4746785170214233,0.8888625048018312,12.072320722768962
Healthy,1,3,56.99188232421875,47.39489548659614,406.1311182740121,0.31952702069080763,0.10759224644421311,0.9098495509815798,10.153461084267136
Healthy,1,3,54.7567138671875,32.96396242403996,65.680258094896,0.4682966168173717,0.1265743084487877,0.9699524034365667,3.523332390414999
Healthy,1,3,76.572998046875,81.09692562662188,380.9495402546065,0.2340308661639769,0.0764532123415555,0.9712100462621441,10.827856776808568
Healthy,1,3,95.32354736328125,81.90038291661932,965.2249267624461,0.3079230532570729,0.18890562026003174,0.9275804510284131,14.30547800158229
Healthy,1,3,89.40179443359375,75.80829494342441,870.1523927931305,0.29293816397742073,0.16451471822625213,0.9237892080536314,12.525208257448567
Healthy,1,3,67.8551025390625,82.77181120593985,806.2875110439118,0.5282838092107474,0.4480587377201075,0.9413970804771429,10.383758244080507
Healthy,1,3,63.1910400390625,82.85849181473706,727.5255682700073,0.5737966362286262,0.4896604962247761,0.9472930284116599,9.18581945757774
Healthy,1,3,78.22509765625,53.86197561343857,751.5729822593694,0.12799507037536736,0.021207127441475463,0.8704017640438108,15.4337474182784
Healthy,1,3,84.990966796875,59.70946435235365,558.1568988216906,0.2559311711687375,0.151958517580072,0.9211987567336046,13.937570476705343
Healthy,1,3,62.45928955078125,57.73110235043866,1356.7829918162747,0.19364306071450457,0.046644247207503264,0.7966361558596412,20.511911047263773
Healthy,1,3,54.253173828125,46.17380087655501,522.5593207983884,0.4084390558762323,0.2199959111219027,0.8777083247197236,10.13204645940646
Healthy,1,3,64.18414306640625,41.725290217954154,248.2737537975175,0.26167519571982434,0.09331068871550555,0.9282537889116026,8.570293851525438
Healthy,1,3,33.5531005859375,35.32968142103957,170.2610447408533,0.4427827360907948,0.2615956506479488,0.9319181312140885,5.866964929242737
Healthy,1,3,54.9774169921875,44.36004344961249,1082.6973685550104,0.3632905127878736,0.1641031594005674,0.7253726461889418,12.951364656636796
Healthy,1,3,34.41851806640625,39.88590082130916,166.8226345984106,0.5312599012998769,0.4550072898442796,0.947734309501851,6.493268142786833
Healthy,1,3,43.6788330078125,57.089739923190265,451.13591952974053,0.48096156914698823,0.39082301129433017,0.9311528036592228,10.257365420982554
Healthy,1,3,73.0162353515625,55.811552781779504,619.4593464460964,0.293791580724697,0.13394971937025543,0.9000853803405766,12.277146730075728
Healthy,1,3,43.0867919921875,61.496599097417814,1486.1036368404912,0.5117362046317501,0.46899517692665815,0.8045648179092921,17.176285969763942
Healthy,1,3,44.279052734375,42.37470196799177,432.7383163673042,0.36079585413952775,0.12421146315756815,0.8797514576276932,9.384866011920407
Healthy,1,3,43.05328369140625,45.78662410019722,480.4818572137711,0.47933185387798893,0.3624939773064547,0.885634634732029,9.445638485027956
Healthy,1,3,102.9893798828125,56.57840772079861,1068.4161949653594,0.13344926343168745,0.024917010013499767,0.8336688184473106,17.7132348952221
Healthy,1,3,86.744384765625,77.12890515533934,951.1023695916349,0.33342662555385294,0.19572870022625227,0.9202266365307519,14.457946357301315
Healthy,1,3,55.552490234375,55.742341810840216,1155.2974646068233,0.3586684845763657,0.21459075431643518,0.8141738198695161,15.507899566582585
Healthy,1,3,52.7144775390625,43.747473647710365,516.8824017492295,0.226312104726797,0.09353078097808674,0.8641766079118266,12.110581580539346
Healthy,1,3,66.07745361328125,44.22786367499787,611.4498914271911,0.1649148947339609,0.027282809817608902,0.8430149598051693,13.470170795811782
Healthy,1,3,56.24603271484375,37.627186043130045,519.6015530547097,0.16937350388019648,0.05077467283275269,0.8152266299126079,12.563218329562636
Healthy,1,3,86.744384765625,77.12890515533934,951.1023695916349,0.33342662555385294,0.19572870022625227,0.9202266365307519,14.457946357301315
Healthy,1,3,55.552490234375,55.742341810840216,1155.2974646068233,0.3586684845763657,0.21459075431643518,0.8141738198695161,15.507899566582585
Healthy,1,3,52.7144775390625,43.747473647710365,516.8824017492295,0.226312104726797,0.09353078097808674,0.8641766079118266,12.110581580539346
Healthy,1,3,91.11724853515625,75.44805526525086,869.3629436400145,0.2770594313761031,0.14266860293849826,0.9230689861024622,12.595005018135843
Healthy,1,3,56.24603271484375,37.627186043130045,519.6015530547097,0.16937350388019648,0.05077467283275269,0.8152266299126079,12.563218329562636
Healthy,1,3,62.0054931640625,54.208800817174385,769.5984350055934,0.2788946161304527,0.1796315845554861,0.8688805555640939,14.417879503730045
Healthy,1,3,70.93597412109375,56.09270750949204,1108.8410923503031,0.1871018067997602,0.03753842905411985,0.8236488498148823,16.740758711988207
Healthy,1,3,60.3046875,48.92981348778287,833.4340425244219,0.18935741492697591,0.0471028816576864,0.8251828225793898,14.63653880432906
Healthy,1,3,59.73193359375,44.34287642034474,584.5585420429255,0.288286939613568,0.08474660973066915,0.8507272521104579,11.133641146189541
Healthy,1,3,34.08056640625,29.989031658197494,305.50794122294303,0.2863828190045297,0.11879078756799816,0.8306782653823839,9.434374685156289
Healthy,1,3,65.169677734375,42.453790865840475,661.4971793577206,0.16996565085535703,0.03023291543133341,0.8134709492232689,13.691532066659473
Healthy,1,3,82.750732421875,51.99593160777517,871.6999476148644,0.2577256215610576,0.1616162239603222,0.8385945579649533,15.2464864578187
Healthy,1,3,59.6497802734375,65.30333763073247,1402.8390555495735,0.3273929873230138,0.22008557552971358,0.8358548855065828,19.932571353429125
Healthy,1,3,78.7813720703125,59.360570242245906,873.7387552120059,0.2125016798535419,0.0664517122049651,0.8756515914233473,14.919607393904176
Healthy,1,3,42.220458984375,38.274933871598925,582.689491269682,0.5887976016943848,0.47413502386112844,0.8024520024959685,8.043697251457893
Healthy,1,3,74.17449951171875,66.23594619228155,1510.5681908125,0.20653078912812647,0.1099250232504832,0.8275195421158705,22.313359404067278
Healthy,1,3,50.5552978515625,46.77691684966114,456.2071041486422,0.28098862217937737,0.11241789065067011,0.8955844966547066,11.000224992638682
Healthy,1,3,60.67742919921875,55.42712798735056,537.4611311293583,0.27088114650912615,0.09513115158280495,0.9125645229721012,11.741921940876415
Healthy,1,3,108.65960693359375,85.46626361352435,1052.3620092788706,0.25113779705870437,0.07525724796414639,0.9273671120108603,15.753516811723195
Healthy,1,3,95.95037841796875,71.68754966148674,341.3359052890464,0.22510762812064009,0.06518008393176979,0.9665783288394629,11.262631556514549
Healthy,1,3,40.91900634765625,42.00324310963975,135.95190195068798,0.48913048471395437,0.3885569433249419,0.9615206489102862,5.6037862700728684
Healthy,1,3,55.98388671875,58.68362469009917,572.0561452295624,0.4772455557559665,0.2800291421571016,0.9170238986833388,10.171636687024517
Healthy,1,3,97.142333984375,75.68595896592431,1403.0447799531125,0.33106690505151426,0.2264777556957876,0.8768176104482482,17.595153358278587
Healthy,1,3,47.52618408203125,53.80566292893317,305.7527146851445,0.48253618737260406,0.3961200943442518,0.9473533505468046,7.6795007730646265
Healthy,1,3,71.76861572265625,61.9769420556557,1073.8916666507325,0.30825178464711067,0.2433366279161675,0.8595673758992963,17.915822722273894
Healthy,1,3,73.71600341796875,78.80879407266355,1141.5193537263667,0.4198062730243393,0.3401141303148888,0.9082343163277597,15.197417597962076
Healthy,1,3,50.43048095703125,25.531812763709166,335.29355641916305,0.16630067027123321,0.025562290170712324,0.7403704425948244,9.379166723177592
Healthy,1,3,14.30908203125,25.102357364420644,158.45974811482026,0.7388230378742444,0.7034956257150283,0.8753764623243679,4.298093447749685
Healthy,1,3,57.90826416015625,47.25343536065229,909.4505069480725,0.590888875877832,0.5485193515810662,0.797941495276867,11.329166166146772
Healthy,1,3,44.9658203125,63.72622050915757,1297.104417412328,0.3601018930864469,0.19231411107290713,0.8413283839981451,17.542776210557186
Healthy,1,3,43.77862548828125,50.933030427615485,993.9056337528755,0.26272745414845583,0.1368412020053656,0.8092051891640346,16.22267574613581
Healthy,1,3,43.7125244140625,55.44949599260903,828.7916178255807,0.42660470016103574,0.2094710427364567,0.8658859492055063,12.18593498124708
Healthy,1,3,48.2039794921875,58.03644037928254,916.9434997231201,0.4352554885160336,0.21428294969578388,0.8644328333125627,12.729621334244932
Healthy,1,3,42.27783203125,57.546096135673366,1040.4806445787422,0.3959471264465895,0.20403113021008443,0.8438269598874921,15.298392549913666
Healthy,1,3,39.87420654296875,55.977377403614014,939.0042759501829,0.45120560474744376,0.224336227704096,0.8511051770190656,13.906631567172523
Healthy,1,3,98.06500244140625,75.35250484296054,832.084636345133,0.25772405836572243,0.13997212900295522,0.9261617211470616,14.991052001636422
Healthy,1,3,32.2467041015625,38.000289772953835,258.14157062301115,0.42869888564512226,0.27449091680311516,0.9112993879066988,8.041401672647773
Healthy,1,3,93.15191650390625,74.89041264567263,1066.1051197573279,0.3136826861101948,0.18248608070234296,0.9045271557799424,15.820270117105625
Healthy,1,3,68.8043212890625,65.14580188920387,1633.2774062348117,0.2753032589767762,0.15870913749745302,0.8083097201992308,20.872857847282013
Healthy,1,3,82.42822265625,76.71429451398578,1235.6656389018453,0.18279341567805615,0.04351008896257377,0.8949825281425497,18.158345410444273
Healthy,1,3,103.2359619140625,91.00445135652252,1094.5081731181572,0.31381293201031263,0.230364305622757,0.9337278942823567,18.95068326074551
Healthy,1,3,75.0699462890625,64.85587981501097,1140.0320724706119,0.30449741981533973,0.21444717152138895,0.8638815500091712,17.677896035482828
Healthy,1,3,76.56744384765625,83.68769016128081,2135.5663153091064,0.349977533703305,0.2854410652269239,0.8479677515987377,25.429578152133338
Healthy,1,3,69.9874267578125,58.94629845613044,888.8339350898952,0.20962616238874163,0.06791577873309337,0.8715546816717176,17.422034117508375
Healthy,1,3,86.309326171875,65.79590299192282,1387.967177231562,0.08766229335278448,0.013820418627150666,0.8399376679596375,21.68066497071011
Healthy,1,3,76.56744384765625,83.68769016128081,2135.5663153091064,0.349977533703305,0.2854410652269239,0.8479677515987377,25.429578152133338
Healthy,1,3,75.0699462890625,64.85587981501097,1140.0320724706119,0.30449741981533973,0.21444717152138895,0.8638815500091712,17.677896035482828
Healthy,1,3,105.45062255859375,72.3378971603351,1747.692573717432,0.12813637935498853,0.02559753223435471,0.8347729421930334,24.002332149198875
Healthy,1,3,69.9874267578125,58.94629845613044,888.8339350898952,0.20962616238874163,0.06791577873309337,0.8715546816717176,17.422034117508375
Healthy,1,3,41.8436279296875,48.18802904745899,916.0807965758097,0.32195473538163233,0.2197323875056047,0.8034448995212402,14.304369507178695
Healthy,1,3,66.59466552734375,64.99395121615497,1624.27538650812,0.2741064109514692,0.15560704284919852,0.8086353987828536,20.682918893185338
Healthy,1,3,54.65557861328125,39.89302669011484,393.1333870910487,0.2892337647245609,0.12821644837581764,0.8768158954700571,10.393311470217867
Healthy,1,3,72.1298828125,83.65968982577022,2232.040498554393,0.3855509649795023,0.2885033703442281,0.8411446647464874,25.283327367444254
Healthy,1,3,82.42822265625,76.71429451398578,1235.6656389018453,0.18279341567805615,0.04351008896257377,0.8949825281425497,18.158345410444273
Healthy,1,3,103.2359619140625,91.00445135652252,1094.5081731181572,0.31381293201031263,0.230364305622757,0.9337278942823567,18.95068326074551
Healthy,1,3,82.42822265625,76.71429451398578,1235.6656389018453,0.18279341567805615,0.04351008896257377,0.8949825281425497,18.158345410444273
Healthy,1,3,60.67425537109375,55.459042119739884,995.3170788062365,0.3219558695849872,0.23742851173421128,0.8386387832775438,15.080467199999738
Healthy,1,3,39.94342041015625,47.86586619810138,907.7733776797252,0.3551254594443424,0.265503064649237,0.8027059257709762,13.879476118329535
Healthy,1,3,56.03497314453125,70.14039133832948,855.9929491813473,0.523190982950131,0.45623166834631435,0.9133957966270413,10.259235838785461
Healthy,1,3,75.0699462890625,64.85587981501097,1140.0320724706119,0.30449741981533973,0.21444717152138895,0.8638815500091712,17.677896035482828
Healthy,1,3,54.65557861328125,39.89302669011484,393.1333870910487,0.2892337647245609,0.12821644837581764,0.8768158954700571,10.393311470217867
Healthy,1,3,59.7763671875,47.99643224132835,467.65259393021836,0.220606755796333,0.07643043350119812,0.8988128701138189,12.08265682156436
Healthy,1,3,40.5751953125,39.53788031058368,435.0149106665916,0.36239709217986116,0.179982294693783,0.8610601050583941,10.452487440132188
Healthy,1,3,63.16259765625,47.50691050153251,616.6799416763481,0.3285513526633914,0.17983273072125958,0.8621357386741332,11.869981017306804
Healthy,1,3,37.09857177734375,46.6851584180119,994.7697432857362,0.46776539307414866,0.36472491288026565,0.7721444751437283,12.752866173702849
Healthy,1,3,35.3492431640625,37.634918126860335,678.7668203188736,0.38341749217575793,0.2856299449438015,0.7608197172784898,12.445926809823748
Healthy,1,3,35.3492431640625,37.634918126860335,678.7668203188736,0.38341749217575793,0.2856299449438015,0.7608197172784898,12.445926809823748
Healthy,1,3,39.37591552734375,52.504258184053114,500.08564566354084,0.6191504186694722,0.5626604111969031,0.9097904829850458,8.088461825361955
Healthy,1,3,43.84173583984375,41.2478134933593,773.0642884372787,0.31000804861546827,0.1228164354052143,0.7728592451496288,14.223227208175018
Healthy,1,3,40.501953125,54.59286674741424,611.4394303594486,0.5661072552967059,0.506589302368448,0.8980383403807224,9.731612724945764
Healthy,1,3,9.74041748046875,23.874891345088308,317.18579693412414,0.8178397591494075,0.7946384450459206,0.7247637371566021,5.088394497101949
Healthy,1,3,43.54730224609375,41.66460037738139,856.5576562404256,0.2663153079325665,0.09214743217421932,0.7534385340741026,14.972921445844843
Healthy,1,3,35.3492431640625,37.634918126860335,678.7668203188736,0.38341749217575793,0.2856299449438015,0.7608197172784898,12.445926809823748
Healthy,1,3,57.88836669921875,50.90701902828332,845.855578582375,0.23504873155095787,0.07158027791140147,0.8369950946748898,14.949384527677429
Healthy,1,3,35.7991943359375,60.03281438564948,1438.951780372619,0.6261900672232539,0.5919650904377136,0.8019498297974177,15.025732715530928
Healthy,1,3,55.60040283203125,51.53921398751641,743.5625686603868,0.39402984666407903,0.30576024630647547,0.8598629893574741,13.035984654002007
Healthy,1,3,42.4866943359375,53.28656561378702,1042.3807163632193,0.492223219974285,0.4305273883738243,0.8172802763595138,13.901054583361912
Healthy,1,3,52.9345703125,71.56050840713223,1916.2284421213844,0.5158102501423615,0.4264191119632371,0.8140070048029109,17.718479476025237
Healthy,1,3,30.792724609375,47.400745712899955,568.7328504267449,0.44065912229267035,0.2630658923071284,0.8744100947667267,10.405953077532931
Healthy,1,3,62.44403076171875,48.9668172008382,1212.4430664487413,0.19148393000533634,0.05156966355684441,0.7464192661753933,17.296086435924302
Healthy,1,3,79.75274658203125,76.2414551502205,831.3515293203151,0.34407254204196536,0.24654353533698314,0.9284149981380152,12.935826723216886
Healthy,1,3,47.973876953125,56.54401179377759,557.6552165839876,0.44001261658696456,0.22577081602789603,0.9132196881161747,11.052089549493692
Healthy,1,3,39.87420654296875,55.977377403614014,939.0042759501829,0.45120560474744376,0.224336227704096,0.8511051770190656,13.906631567172523
Healthy,1,3,75.12298583984375,67.3616915193382,829.2078944081413,0.34538519540276946,0.271111201281536,0.9083241687117463,16.235001298130562
Healthy,1,3,49.24127197265625,51.307810413398485,1060.0112556867593,0.22466548520532545,0.06934109492079171,0.7992848444399114,16.111436746313657
Healthy,1,3,98.3367919921875,55.15749798394875,1336.3498690006825,0.12827172892331692,0.028071100071357685,0.7790475060206632,20.581246924215147
Healthy,1,3,73.30316162109375,63.53370994656667,720.1308224414405,0.27830427355250287,0.117217243357634,0.9104300415686571,14.852502431569407
Healthy,1,3,57.88836669921875,50.90701902828332,845.855578582375,0.23504873155095787,0.07158027791140147,0.8369950946748898,14.949384527677429
Healthy,1,3,65.32904052734375,77.28461089036999,1268.2563741459178,0.4485478074253228,0.3191660804427946,0.8942708932949177,17.2105802727276
Healthy,1,3,70.84893798828125,48.17675859221134,835.5888703965766,0.17481505733163152,0.04211014657786732,0.820312655750282,16.54896217605087
Healthy,1,3,46.33148193359375,62.34178055395801,1181.7877999743037,0.5644147945597375,0.5224156895160216,0.8488070488416474,14.508206782041544
Healthy,1,3,82.33447265625,78.07815982160542,868.3389445061016,0.375309698365865,0.27744961638577537,0.9286230386840767,12.413335451671967
Healthy,1,3,72.57293701171875,53.958741902061234,644.8423313839656,0.2501818286135774,0.10337411524160457,0.8883701165132831,13.82445355125251
Healthy,1,3,77.71307373046875,68.50287801874465,1719.2304468323223,0.2065043904744966,0.05774557060247231,0.8166699568775833,21.31310801293884
Healthy,1,3,58.3330078125,52.153948742819935,1035.3887774691207,0.37788196766477444,0.14594168197527047,0.8096598153975476,14.078508504675149
Healthy,1,3,52.119384765625,46.53232983565283,202.9091416034584,0.3350574562339048,0.11479273306339507,0.9531504747644799,7.763718617281582
Healthy,1,3,63.53118896484375,45.1736774750902,769.8465217204682,0.1387795878652095,0.03200024048613008,0.8099969129002997,15.650444390734194
Healthy,1,3,57.7850341796875,40.52383052572088,527.4519678258523,0.21501642037906277,0.05222559972466641,0.8377510519007643,11.869075597527027
Healthy,1,3,35.0601806640625,46.0853426269729,636.0992603822364,0.5226835082391104,0.46727573794923416,0.8510988591795776,11.142491663891512
Healthy,1,3,37.98223876953125,42.262608077025796,386.29386787294465,0.46875293288952985,0.2353214972623827,0.8922387890700793,9.294620350960503
Healthy,1,3,37.24884033203125,36.363145483927106,389.85651645525684,0.26984652377342216,0.09046372573863218,0.8528809717755796,9.800040881332544
Healthy,1,3,36.1566162109375,58.51045440002023,1109.8073539899754,0.596631886489163,0.5603015987546911,0.8391615006888214,13.822272042984611
Healthy,1,3,37.01605224609375,44.02881079831338,457.69225160723,0.4764442140345063,0.38508122278703244,0.8828690765188748,9.9105426609304
Healthy,1,3,63.1910400390625,82.85849181473706,727.5255682700073,0.5737966362286262,0.4896604962247761,0.9472930284116599,9.18581945757774
Healthy,1,3,97.142333984375,75.68595896592431,1403.0447799531125,0.33106690505151426,0.2264777556957876,0.8768176104482482,17.595153358278587
Healthy,1,3,43.84173583984375,41.2478134933593,773.0642884372787,0.31000804861546827,0.1228164354052143,0.7728592451496288,14.223227208175018
Healthy,1,3,53.44439697265625,57.67868240864297,1269.331972761875,0.48714913187608266,0.3106052018290042,0.8102640184463159,15.037097749979715
Healthy,1,3,82.3280029296875,63.43388484169456,701.8259731598789,0.3002287722674266,0.09343986665810039,0.9127102895473953,13.747709386045845
Healthy,1,3,48.3468017578125,57.23844824969459,750.9321087745232,0.4836332893045997,0.23441148321959893,0.8858297495783735,11.70562280577893
Healthy,1,3,70.5400390625,73.19299378530903,1371.9106062356586,0.35593280675942307,0.31521157647295456,0.872085335620352,20.520823322902434
Healthy,1,3,48.3468017578125,57.23844824969459,750.9321087745232,0.4836332893045997,0.23441148321959893,0.8858297495783735,11.70562280577893
Healthy,1,3,50.00152587890625,53.5876061084409,655.1849515770484,0.4445277392009493,0.3183224674992017,0.8860446746503727,11.652490394826378
Healthy,1,3,57.7850341796875,40.52383052572088,527.4519678258523,0.21501642037906277,0.05222559972466641,0.8377510519007643,11.869075597527027
Healthy,1,3,79.01116943359375,53.5664077916448,839.7816675321942,0.25855436933843773,0.111940045985857,0.8527812515595378,14.74025266019473
Healthy,1,3,53.4931640625,41.3864009281501,446.4692837823719,0.46127696860050427,0.21173411961833444,0.8701938749364468,8.365498723185796
Healthy,1,3,81.32659912109375,81.64594680924083,1493.551455017318,0.4047140809649128,0.3585769113682427,0.88796528116238,19.219356438717078
Healthy,1,3,65.9854736328125,50.197213936946056,1184.178601166016,0.1630132394231856,0.036564263986496134,0.7641316986700633,19.564216265154904
Healthy,1,3,12.97772216796875,30.26632161186826,508.17443153642864,0.7356119665181369,0.7086233099045512,0.7254441707785569,7.698596084693056
Healthy,1,3,32.1832275390625,32.68690990344784,406.39131438814104,0.48342548514571054,0.1904477409827397,0.8099391150511966,7.496269941759335
Healthy,1,3,42.54168701171875,61.02932661048286,1390.2146014413056,0.5323922636743948,0.48710297304975353,0.8143768895128967,16.233954924945348
Healthy,1,3,29.683837890625,35.411728221341555,407.49526159213906,0.4610031410373891,0.2172677337982883,0.8381214396806614,8.838427434668336
Healthy,1,3,18.76837158203125,26.641385585451594,386.330752497475,0.5495568583164538,0.4794997897445738,0.729507361092719,7.770318603137783
Healthy,1,3,35.45269775390625,36.75210863419968,560.9038551241767,0.39948431093691794,0.2627724713695971,0.7926508978427458,11.204726952423771
Healthy,1,3,12.97772216796875,30.26632161186826,508.17443153642864,0.7356119665181369,0.7086233099045512,0.7254441707785569,7.698596084693056
Healthy,1,3,60.32623291015625,65.92310514020568,1546.847479453083,0.33480968695753843,0.25871248915444534,0.8223765415227401,19.736984333347436
Healthy,1,3,32.14117431640625,37.94739502325118,253.02697114381223,0.42821375778732834,0.27480353954781384,0.9128045623929323,8.00364359713166
Healthy,1,3,86.80474853515625,50.29896362363314,949.410816938962,0.23082940984822609,0.1439952994437248,0.8122480381324223,16.392290768958826
Healthy,1,3,46.67034912109375,37.064150531402206,127.99678229044474,0.3609542868826006,0.11623501516260232,0.9531069999543382,6.027390250093166
Healthy,1,3,40.88641357421875,38.67915620821306,227.15299826304727,0.3649866715252727,0.1868427596959717,0.9240716776258469,7.795184648963594
Healthy,1,3,41.25555419921875,45.87703090872905,153.24936183467454,0.45300942484955964,0.20502774851342465,0.963712478654497,5.487511334398087
Healthy,1,3,36.316162109375,33.34601448667585,129.67469842752965,0.37582636213342124,0.13011005142203014,0.9415693263474353,5.833183822617952
Healthy,1,3,42.8037109375,42.392693069467384,431.08137649483456,0.38667849309991653,0.21167757414186217,0.880057346471999,9.792481346682413
Healthy,1,3,21.8233642578125,31.409245441886124,265.2358663936383,0.5612057287372667,0.4627581988116465,0.8664811926422309,6.750419953965564
Healthy,1,3,35.08404541015625,36.62952862816249,307.89481739513406,0.3471247008478924,0.16815025939590394,0.8854891006332485,8.765724902544205
Healthy,1,3,47.539306640625,36.854838144217105,215.6925216467733,0.26969509567370054,0.07231048057212941,0.9201259092390357,8.371302394948833
Healthy,1,3,47.55877685546875,43.10023306437143,379.079552698204,0.3942844932111589,0.24212918397432753,0.897709193994726,9.091581690976614
Healthy,1,3,40.5478515625,54.68710517958762,615.4263453059375,0.5673373887316608,0.5121352515376818,0.8977269964701128,9.7612128193022
Healthy,1,3,48.8328857421875,57.709229153277214,892.4291887140178,0.38914629182043087,0.29420118786443855,0.8664979253953885,14.073836940645121
Healthy,1,3,106.782470703125,76.58131095666187,2047.310991048093,0.24624343938964494,0.15884867036029882,0.823372104727166,22.292400698085835
Healthy,1,3,101.73773193359375,75.36377923666274,2064.6577711831087,0.26652194600315976,0.17720422714640954,0.8172356629961468,22.36692617916883
Healthy,1,3,75.497802734375,58.70360531025351,962.843267077254,0.24296577640362682,0.13866293675764949,0.8593754399034277,17.09295077965293
Healthy,1,3,45.596923828125,54.13251093878028,914.9605806361944,0.32981070208825225,0.18731483688968592,0.8454821887378238,14.686194970049058
Healthy,1,3,65.9854736328125,50.197213936946056,1184.178601166016,0.1630132394231856,0.036564263986496134,0.7641316986700633,19.564216265154904
Healthy,1,3,92.51434326171875,40.65471466563602,583.8597680711548,0.24244844304833538,0.03504913866998408,0.8213301292752467,11.54509709800768
Healthy,1,3,94.336181640625,75.79857095524711,836.9776912171906,0.25835513953484246,0.1267545563192664,0.9269244818369723,14.960231400932965
Healthy,1,3,43.54730224609375,41.66460037738139,856.5576562404256,0.2663153079325665,0.09214743217421932,0.7534385340741026,14.972921445844843
Healthy,1,3,63.16259765625,47.50691050153251,616.6799416763481,0.3285513526633914,0.17983273072125958,0.8621357386741332,11.869981017306804
Healthy,1,3,67.8551025390625,82.77181120593985,806.2875110439118,0.5282838092107474,0.4480587377201075,0.9413970804771429,10.383758244080507
Healthy,1,3,62.779052734375,43.438326326235945,338.19956822727886,0.26131826127546187,0.07261849940931954,0.9098996983086654,9.994008511455005
Healthy,1,3,67.8280029296875,69.02876779444017,1020.9140214493018,0.2955636480110059,0.18057277620711995,0.8929728189766085,14.577558401212546
Healthy,1,3,39.51519775390625,42.24958265886882,422.2647327795262,0.3492406549481849,0.2263587338775862,0.8819175192769724,10.534840194681651
Healthy,1,3,50.52783203125,44.46946186828214,416.68083668204963,0.21194844180631225,0.06396844426273929,0.8949954949185408,9.924168278025359
Healthy,1,3,32.1832275390625,32.68690990344784,406.39131438814104,0.48342548514571054,0.1904477409827397,0.8099391150511966,7.496269941759335
Healthy,1,3,76.4241943359375,85.49430242795084,1569.120726351207,0.46338250734114644,0.4055216239342284,0.8929531701518327,19.390914172457727
Healthy,1,3,29.61279296875,36.103671152875165,498.72035510093133,0.3961156588880239,0.22494813784753742,0.8094638369687674,9.72796488952461
Healthy,1,3,61.73773193359375,44.781367237857,652.775032792319,0.2138686419767674,0.059857109133551266,0.8360720795062531,13.493636995087822
Healthy,1,3,101.314208984375,65.10275477996842,581.6092759451483,0.47135319138556975,0.3433909995960517,0.9314005281086777,8.224504870885138
Healthy,1,3,70.50567626953125,55.161728145151976,1239.9011458884438,0.172213517580938,0.04874459350143447,0.7963598908331502,17.56859441844182
Healthy,1,3,53.4931640625,41.3864009281501,446.4692837823719,0.46127696860050427,0.21173411961833444,0.8701938749364468,8.365498723185796
Healthy,1,3,43.71630859375,48.62993992667436,353.8444763218171,0.48247140287542056,0.2679954027880846,0.9254330258832957,8.511437085375194
Healthy,1,3,52.9345703125,71.56050840713223,1916.2284421213844,0.5158102501423615,0.4264191119632371,0.8140070048029109,17.718479476025237
Healthy,1,3,50.1690673828125,54.06849659851098,290.2841231972093,0.48936200510040323,0.31648372135015873,0.9506369377423571,8.112553596202224
Healthy,1,3,70.50567626953125,55.161728145151976,1239.9011458884438,0.172213517580938,0.04874459350143447,0.7963598908331502,17.56859441844182
Healthy,1,3,63.155517578125,56.78087148870885,971.1862351733728,0.2437219008487678,0.11883606611285513,0.849095723978887,15.61445065468443
Healthy,1,3,61.21978759765625,47.02289399974374,397.32530895924396,0.3028377173381853,0.126995605179698,0.9096902155306118,10.498866196951893
Healthy,1,3,57.88836669921875,50.90701902828332,845.855578582375,0.23504873155095787,0.07158027791140147,0.8369950946748898,14.949384527677429
Healthy,1,3,68.4771728515625,57.27791449317022,489.4915147018629,0.40238715864200014,0.1701274585737736,0.9253237066041021,10.057949529963059
Healthy,1,3,27.34210205078125,34.39942271436227,503.85969589913014,0.49146029746913855,0.40411192600232193,0.7880633687007407,9.701141480408829
Healthy,1,3,47.02490234375,62.07201403811766,1518.3531433822811,0.5730404422517563,0.5249337465171399,0.8039866566992221,13.045051203385151
Healthy,1,3,85.03656005859375,79.70289032620083,988.0151378389703,0.3830536244342981,0.2833062867437299,0.922081002188579,13.616199009743056
Healthy,1,3,75.00750732421875,82.84684726850799,2495.2765984170915,0.4419281458137803,0.39095842184136453,0.8186145897082397,22.251697132305544
Healthy,1,3,107.8216552734375,83.63467634129515,1397.122873105383,0.11646688682004981,0.02515670581270661,0.899362401889566,21.112970765007706
Healthy,1,3,52.808349609375,46.20396662459321,869.7910391173616,0.453635994529707,0.31140031025125936,0.797766412858358,11.899313130659051
Healthy,1,3,90.802734375,39.243518415661725,575.7724326620853,0.213882670721398,0.07724172639410457,0.8109752580728475,12.215380438573957
Healthy,1,3,37.70159912109375,32.84067253929853,396.4428932842518,0.44118259421364564,0.24890746992100618,0.8159109731824168,8.704884253518985
Healthy,1,3,44.38433837890625,50.13338338099019,580.304321675165,0.5150894573659722,0.3211276484729826,0.8851241322564002,10.814419218684119
Healthy,1,3,29.1910400390625,38.27428033227372,159.38542752477414,0.5794587192265233,0.49800987581538436,0.9458824671091328,5.528371232524109
Healthy,1,3,31.25531005859375,58.99894327440651,1339.0405446907214,0.6888662931289155,0.6439754191354943,0.8093967020576526,11.877955177787287
Healthy,1,3,29.90472412109375,51.66550924791841,1140.826530313432,0.46636950476636696,0.36963515256513196,0.7887153317364524,14.08669857574337
Healthy,1,3,53.9462890625,64.5817933184046,879.0929687017813,0.3978351111305185,0.2711441410399361,0.8951000737442388,13.92199754712329
Healthy,1,3,56.03497314453125,70.14039133832948,855.9929491813473,0.523190982950131,0.45623166834631435,0.9133957966270413,10.259235838785461
Healthy,1,3,44.76336669921875,52.39120375363769,621.8503025171037,0.46979947345496464,0.1947190243620322,0.8875742874048443,10.257064018035564
Healthy,1,3,55.821533203125,48.131267450986066,622.7323608437387,0.2810291980653509,0.07299536748638245,0.8658982465299793,12.437934364152012
Healthy,1,3,29.315185546875,32.301622230099234,351.4631823404676,0.46147119746956267,0.22316687169943492,0.8320799885055667,8.599938871753597
Healthy,1,3,47.36016845703125,46.799804038874896,954.6689553028866,0.28736869568173157,0.19092370857618313,0.7820821354497839,16.66956392116115
Healthy,1,3,53.0452880859375,46.14494138044708,846.7576547146191,0.31053511150847307,0.19995412507107307,0.8005916007878682,14.262711357455473
Healthy,1,3,55.72137451171875,42.83710307170131,439.83828757115106,0.2978259017958042,0.16863634885098402,0.8798085509010748,11.911441904916218
Healthy,1,3,58.3583984375,58.19828916801107,1358.159920964657,0.1267199542838482,0.02869122965463742,0.7942451666835859,18.353736500445308
Healthy,1,3,61.36883544921875,56.400841655203216,1128.9467707140752,0.2070276470739587,0.0493444851241556,0.8226497272130867,18.047134867710614
Healthy,1,3,44.4425048828125,52.63432165784805,463.70634319402086,0.5119622419128717,0.22562626995774238,0.9166964437046137,9.106343048625025
Healthy,1,3,50.1690673828125,54.06849659851098,290.2841231972093,0.48936200510040323,0.31648372135015873,0.9506369377423571,8.112553596202224
Healthy,1,3,67.8551025390625,82.77181120593985,806.2875110439118,0.5282838092107474,0.4480587377201075,0.9413970804771429,10.383758244080507
Healthy,1,3,63.3531494140625,52.97645171094391,1128.627900927894,0.21466177285668497,0.0657682784586096,0.7983738271252148,18.06222802289702
Healthy,1,3,58.3583984375,58.19828916801107,1358.159920964657,0.1267199542838482,0.02869122965463742,0.7942451666835859,18.353736500445308
Healthy,1,3,45.27960205078125,34.92870995665554,361.0121946494222,0.2709427433803102,0.10280009249953355,0.8510735842526658,10.458240494606923
Healthy,1,3,48.57440185546875,49.665726671117504,975.0943835638903,0.27166054594016575,0.09374393576800258,0.8025438975925386,15.229517677787186
Healthy,1,3,37.26763916015625,44.425674879716034,294.0517902051847,0.5165504998567444,0.4373096111400623,0.9257798932485028,7.892204307847
Healthy,1,3,45.9202880859375,50.32173336775828,864.871399028139,0.23735495598848208,0.07774300649736218,0.8304069939726786,13.7795460864386
Healthy,1,3,58.72064208984375,42.88541092712651,477.8008656525641,0.20185135529007991,0.04835266747700462,0.8691678217897363,12.412230953369452
Healthy,1,3,29.683837890625,35.411728221341555,407.49526159213906,0.4610031410373891,0.2172677337982883,0.8381214396806614,8.838427434668336
Healthy,1,3,42.3057861328125,58.97799841954078,1218.3758963379878,0.5624580058118238,0.5254752864001608,0.8259231224168974,14.03062999876259
Healthy,1,3,59.100341796875,37.46485253760416,578.9070206422471,0.30041662618154746,0.11658794334326993,0.7917885224183854,12.853479175710007
Healthy,1,3,53.4931640625,41.3864009281501,446.4692837823719,0.46127696860050427,0.21173411961833444,0.8701938749364468,8.365498723185796
Healthy,1,3,30.04144287109375,47.25128066187894,451.7295835529876,0.5960260332025865,0.428753906514675,0.8995839374685188,8.284535764385236
Healthy,1,3,86.2611083984375,52.214551943964366,437.2559598830745,0.34558445814811056,0.26988278444653024,0.919710755300375,12.023719527909272
Healthy,1,3,43.54730224609375,41.66460037738139,856.5576562404256,0.2663153079325665,0.09214743217421932,0.7534385340741026,14.972921445844843
Healthy,1,3,80.66680908203125,45.29873047169578,406.77522630049094,0.36312880074681897,0.26460045119957637,0.90066255372846,10.67123417059421
Healthy,1,3,69.10845947265625,56.77834779250535,1163.3041045537232,0.2681428025366219,0.08563024234937831,0.8192204094345426,17.388003072884146
Healthy,1,3,84.68084716796875,50.662857270409035,407.8720192714312,0.3532483375432621,0.27035173756809516,0.9204469945674005,11.27364977776952
Healthy,1,3,30.4630126953125,48.353651964525696,844.2561130670505,0.6048786195540153,0.4308582530943524,0.8203172266379639,10.537660958135943
Healthy,1,3,91.9306640625,59.215110187848346,498.3259579019924,0.3664094966220191,0.28698856872870504,0.9289054603710571,12.629396922858076
Healthy,1,3,44.54345703125,65.41822663550941,717.8475133592257,0.594491683570885,0.5554507420492099,0.916702638676394,10.769667601837005
Healthy,1,3,80.85174560546875,64.86642999926346,837.1108294601262,0.24454247606483545,0.09659999293213199,0.9003864446272403,16.02995005599713
Healthy,1,3,66.312255859375,39.957532463543856,254.7908850856876,0.25564194478985175,0.08932880411903983,0.9194015244499225,8.765565058474138
Healthy,1,3,63.1910400390625,82.85849181473706,727.5255682700073,0.5737966362286262,0.4896604962247761,0.9472930284116599,9.18581945757774
Healthy,1,3,35.75762939453125,37.09365007812673,279.0215003594309,0.3666838201567978,0.16604367209035156,0.8991051347349972,7.144748129340579
Healthy,1,3,85.7530517578125,62.93612331664686,821.6903346894424,0.20576791816266818,0.06057032415006368,0.8958113673089382,16.774642990695636
Healthy,1,3,39.37591552734375,52.504258184053114,500.08564566354084,0.6191504186694722,0.5626604111969031,0.9097904829850458,8.088461825361955
Healthy,1,3,83.83734130859375,68.90049734817515,861.3656418564834,0.21271704346656645,0.0631026559210316,0.9092030606163037,16.480187811941754
Healthy,1,3,70.45794677734375,57.49615573157284,1303.8744974601054,0.18009846620069572,0.03655043947572485,0.802739200044992,17.725848772012156
Healthy,1,3,87.9586181640625,66.90872942075573,793.5385882961091,0.24417007722185102,0.12347797702102398,0.9112080430734311,15.86190828631997
Healthy,1,3,29.61279296875,36.103671152875165,498.72035510093133,0.3961156588880239,0.22494813784753742,0.8094638369687674,9.72796488952461
Healthy,1,3,82.29522705078125,66.2831492219074,796.209824888588,0.23613627126206238,0.08829275640315917,0.9093456416701404,15.481362423665779
Healthy,1,3,67.4871826171875,63.76988110468235,1578.022592506339,0.33832170867307376,0.25514900606166535,0.805643904912178,19.192329712786677
Healthy,1,3,72.2833251953125,69.63212696550315,680.7065075186739,0.30588517176837005,0.13055109768588385,0.9301292585913215,13.255414717863985
Healthy,1,3,61.43316650390625,81.10892305115495,847.3271514044077,0.5710838277355279,0.4859467946276165,0.9359585785349059,9.812640711219945
Healthy,1,3,54.71246337890625,45.54452610727288,903.1944856703426,0.25765603102362655,0.0733897289549103,0.7821281781995808,11.97133947393034
Healthy,1,3,55.95794677734375,52.99263152256756,888.4946612081995,0.4500903635993486,0.20054382481579675,0.8426625679776256,10.932060215684256
Healthy,1,3,89.36285400390625,72.04459349401552,1107.2973495676588,0.2348008803285181,0.08384742372531365,0.8934890944647693,18.53996598228047
Healthy,1,3,58.0228271484375,54.84321439745059,518.8069634616741,0.380644253126278,0.20180527526364783,0.9135441541854913,11.36037390434332
Healthy,1,3,90.10736083984375,73.41127363821734,955.9128657282945,0.2720148447304283,0.10849776141081681,0.9113369042768389,16.75863606024448
Healthy,1,3,41.09539794921875,47.15398870399119,963.5741196952181,0.41790867660587055,0.3422506908108658,0.7840567402175127,13.409385607835093
Healthy,1,3,67.3778076171875,45.30202692198587,1170.3061566124866,0.32180329197116864,0.21966607521022424,0.7169488137319734,17.792751023004513
Healthy,1,3,112.54913330078125,65.25695737857673,1590.7024522021466,0.2515210425764887,0.1826835050015419,0.8121963873014705,24.33173602285261
Healthy,1,3,101.6387939453125,50.032667784316125,919.4675752672619,0.25524776704483065,0.13814824948147705,0.8137477247196714,15.750757200734569
Healthy,1,3,105.5614013671875,50.59654161914053,1021.6413917673165,0.22882960948816836,0.14462806799081157,0.7987667912742751,18.547653149996513
Healthy,1,3,92.12890625,75.23427592396773,879.4336203907446,0.27076078591228686,0.1336275918961083,0.9218750549542784,12.696044392089624
Healthy,1,3,86.3050537109375,49.35191889165132,1059.1020847785044,0.28119548238433256,0.18618674139910407,0.7825476506618735,17.278730397306372
Healthy,1,3,105.72003173828125,57.705470387101506,1121.5436061889945,0.2784091181129882,0.1996646498353615,0.8306118595146939,19.038104404337588
Healthy,1,3,47.07733154296875,56.2757921667267,321.99960244848836,0.5076554369513572,0.3239105920578287,0.9494541444476177,8.439264702749533
Healthy,1,3,71.237548828125,61.50553730667168,1225.3289995410125,0.3093410471516166,0.20543545103103703,0.8375331150645335,17.611323886713254
Healthy,1,3,75.2047119140625,66.39070562381119,1628.7868697303488,0.2875392810223928,0.1808328275952863,0.8147114758443963,21.466793121091015
Healthy,1,3,40.77789306640625,40.456858135181555,629.007749167937,0.36900140912657997,0.1656673439330832,0.8080683303207715,12.403572732928279
Healthy,1,3,50.45611572265625,56.16971073673361,1167.698621272496,0.4323234793742893,0.1493804224015247,0.8165250775278813,14.25834676669628
Healthy,1,3,98.29241943359375,71.34790680068828,1165.0128175571501,0.2183054996576429,0.08323233475595597,0.8851262451854298,19.219942533639106
Healthy,1,3,79.57049560546875,88.8329218202329,761.1558985853426,0.501482279751289,0.4046473126785604,0.9518872236396708,10.00524966675034
Healthy,1,3,80.10400390625,76.2370645635416,831.7628242171222,0.3439874454452779,0.24648635472148822,0.9283535359195003,12.979413900235025
Healthy,1,3,63.1910400390625,82.85849181473706,727.5255682700073,0.5737966362286262,0.4896604962247761,0.9472930284116599,9.18581945757774
Healthy,1,3,54.9774169921875,44.36004344961249,1082.6973685550104,0.3632905127878736,0.1641031594005674,0.7253726461889418,12.951364656636796
Healthy,1,3,93.2332763671875,74.72252154264602,819.8695688134158,0.2640515307315518,0.12656166657444354,0.9258835197508155,12.424522720139958
Healthy,1,3,32.67669677734375,38.06746624424443,258.4207684431269,0.41823426352590515,0.2626375918854,0.911509183218786,8.106518634913
Healthy,1,3,68.2625732421875,66.94669164409368,648.5982149778044,0.34090232815720667,0.24978112219176304,0.9275968180444125,13.919216018121926
Healthy,1,3,99.7357177734375,61.566625049159434,926.6765162907463,0.23272310074296193,0.05505162427525731,0.8781520344199588,14.932957764356155
Healthy,1,3,77.5299072265625,81.21121796242568,386.7466975247004,0.23081431623931312,0.07530821844091358,0.9708511506173427,10.968105053398896
Healthy,1,3,56.99188232421875,47.39489548659614,406.1311182740121,0.31952702069080763,0.10759224644421311,0.9098495509815798,10.153461084267136
Healthy,1,3,67.8551025390625,82.77181120593985,806.2875110439118,0.5282838092107474,0.4480587377201075,0.9413970804771429,10.383758244080507
Healthy,1,3,17.3743896484375,33.45285633603774,196.2164905072211,0.6838057233291506,0.3902449560331968,0.9131603476397692,4.336487145630939
Healthy,1,3,33.5531005859375,35.32968142103957,170.2610447408533,0.4427827360907948,0.2615956506479488,0.9319181312140885,5.866964929242737
Healthy,1,3,37.62939453125,45.655777881121274,471.556988528117,0.5199093479465893,0.45914221759139906,0.8873408469969668,9.791660692697882
Healthy,1,3,54.9774169921875,44.36004344961249,1082.6973685550104,0.3632905127878736,0.1641031594005674,0.7253726461889418,12.951364656636796
Healthy,1,3,64.495849609375,41.5617082556266,246.53686839796543,0.2626726808531691,0.09288019386282498,0.92816997390668,8.548700491932468
Healthy,1,3,44.279052734375,42.37470196799177,432.7383163673042,0.36079585413952775,0.12421146315756815,0.8797514576276932,9.384866011920407
Healthy,1,3,36.72747802734375,44.01873532271387,460.0249856867615,0.47503642639736476,0.38591419533461735,0.8822193792982624,9.938110192627795
Healthy,1,3,32.3634033203125,37.85607017843916,266.5868580565551,0.42649460046765036,0.2767414943986211,0.9078599136299588,8.25119495551559
Healthy,1,3,40.5478515625,54.68710517958762,615.4263453059375,0.5673373887316608,0.5121352515376818,0.8977269964701128,9.7612128193022
Healthy,1,3,77.51824951171875,81.20217137309398,383.1813501205676,0.23232392452542042,0.07577071743108602,0.9711114013403178,10.888640996033255
Healthy,1,3,66.00048828125,40.122616322741145,253.73888357152828,0.2589387681898274,0.09029227553023281,0.9204151811882123,8.730452523405297
Healthy,1,3,43.54730224609375,41.66460037738139,856.5576562404256,0.2663153079325665,0.09214743217421932,0.7534385340741026,14.972921445844843
Healthy,1,3,42.220458984375,38.274933871598925,582.689491269682,0.5887976016943848,0.47413502386112844,0.8024520024959685,8.043697251457893
Healthy,1,3,41.045166015625,55.13783364704171,679.4991734125615,0.5335915413702454,0.4746785170214233,0.8888625048018312,12.072320722768962
Healthy,1,3,56.99188232421875,47.39489548659614,406.1311182740121,0.31952702069080763,0.10759224644421311,0.9098495509815798,10.153461084267136
Healthy,1,3,70.40557861328125,68.48844419259385,1202.7911586372397,0.25195523787785645,0.0964939136563266,0.8718763184883112,16.92454197408715
Healthy,1,3,77.10052490234375,79.43853012288088,1075.2792960274546,0.40934929797628866,0.28851435245150175,0.9148783974315235,13.540288455578226
Healthy,1,3,67.8551025390625,82.77181120593985,806.2875110439118,0.5282838092107474,0.4480587377201075,0.9413970804771429,10.383758244080507
Healthy,1,3,32.31597900390625,40.96039374810207,443.29624591677043,0.4358785098527261,0.32629172599655654,0.8686161257460079,9.79954088423912
Healthy,1,3,54.7567138671875,32.96396242403996,65.680258094896,0.4682966168173717,0.1265743084487877,0.9699524034365667,3.523332390414999
Healthy,1,3,61.28558349609375,52.39743909027523,832.032739213985,0.35077755190486337,0.2446506174287518,0.8479593026249506,13.252271481106511
Healthy,1,3,108.77703857421875,84.74726850559637,1144.5151894250484,0.24349237966097131,0.07461939966836433,0.919686196212589,15.646839906962576
Healthy,1,3,43.68902587890625,47.40540577567253,390.05683413324397,0.4781489275189848,0.23567228974814056,0.9135193053068394,7.547673857067224
Healthy,1,3,75.11297607421875,82.21175448658254,1207.568791559586,0.32525076147832366,0.19947355970385608,0.9108538871582164,15.651768069162776
Healthy,1,3,94.9940185546875,74.37727043779572,1802.058669070703,0.2374669319605849,0.09462747326987764,0.8357684678926809,19.701360418348287
Healthy,1,3,29.0601806640625,41.10932501145024,671.8563476502777,0.5995946490877035,0.5265722841903401,0.8024551175536274,8.587605690837286
Healthy,1,3,33.48443603515625,57.34327317537885,714.1068819169546,0.6398872949671655,0.5629316627343778,0.8923478309924087,7.43030871218053
Healthy,1,3,45.5291748046875,36.041004187108136,121.50263573184405,0.16460174407651293,0.040782542783536664,0.953368331740854,7.236727371892675
Healthy,1,3,43.61810302734375,54.62607681750363,549.6192269651476,0.41095294839775415,0.21689095755706556,0.9083204051856244,11.983023833237807
Healthy,1,3,68.2625732421875,66.94669164409368,648.5982149778044,0.34090232815720667,0.24978112219176304,0.9275968180444125,13.919216018121926
Healthy,1,3,42.92559814453125,45.719325590283034,474.0916864373359,0.479443391695506,0.35585986650522394,0.8868240737727118,9.396056186644616
Healthy,1,3,43.711669921875,57.19408791070912,456.28335606680355,0.4861976240106749,0.3913057473206051,0.9306221547948187,10.251803816109376
Healthy,1,3,69.9874267578125,58.94629845613044,888.8339350898952,0.20962616238874163,0.06791577873309337,0.8715546816717176,17.422034117508375
Healthy,1,3,103.2359619140625,91.00445135652252,1094.5081731181572,0.31381293201031263,0.230364305622757,0.9337278942823567,18.95068326074551
Healthy,1,3,39.9625244140625,47.925269757432204,910.2316847760271,0.35738830198567567,0.2668765108259998,0.8026826354637403,13.847548476349228
Healthy,1,3,69.9874267578125,58.94629845613044,888.8339350898952,0.20962616238874163,0.06791577873309337,0.8715546816717176,17.422034117508375
Healthy,1,3,103.2359619140625,91.00445135652252,1094.5081731181572,0.31381293201031263,0.230364305622757,0.9337278942823567,18.95068326074551
Healthy,1,3,60.67425537109375,55.459042119739884,995.3170788062365,0.3219558695849872,0.23742851173421128,0.8386387832775438,15.080467199999738
Healthy,1,3,82.06549072265625,76.21930443581921,1227.357306714868,0.1827335635337904,0.043580745982476354,0.894330403871991,18.12471155411409
Healthy,1,3,70.7003173828125,47.86024255352328,660.4320157742677,0.15475502668487323,0.025487882875610043,0.8553120995519261,14.209468024406442
Healthy,1,3,56.99188232421875,47.39489548659614,406.1311182740121,0.31952702069080763,0.10759224644421311,0.9098495509815798,10.153461084267136
Healthy,1,3,71.835205078125,82.58677929377134,1957.0250778398588,0.3867248879738503,0.32101814962858743,0.8570552664578268,23.842605419593546
Healthy,1,3,66.12542724609375,48.99890213153537,969.6892762068616,0.19282693968493786,0.04573997783145298,0.7974674815506628,17.84554243327571
Healthy,1,3,83.062255859375,52.52785748255847,973.2192748215116,0.24400884679154625,0.1624188735772967,0.8234534056593622,16.422673493786817
Healthy,1,3,61.7032470703125,41.38797148680365,491.0368972183802,0.15710004803029584,0.03750749042170566,0.8566161306958388,12.911844421346537
Healthy,1,3,55.748291015625,41.031840508999046,404.39643472649175,0.2246295155905496,0.05498140749118904,0.8796064008268899,10.454458365948646
Healthy,1,3,61.6446533203125,63.304381946742915,1951.1770602451902,0.2052333051798836,0.09647262408222956,0.7557540820578905,23.71364273979074
Healthy,1,3,98.73126220703125,57.26264580601966,713.3536774066915,0.1560924623016205,0.02187510112620366,0.8907850869248605,15.54340698915997
Healthy,1,3,68.775634765625,57.23058232116574,871.2930358362283,0.2682959906375506,0.06671354882492823,0.8682205776193952,14.552243823239989
Healthy,1,3,57.61114501953125,51.32583328509761,735.1635664991452,0.179973827496093,0.03922891796806507,0.860652921092618,14.737611115849784
Healthy,1,3,92.3961181640625,66.1359541270157,1089.715244813497,0.20523388269870996,0.041371686031397965,0.8765571287514222,18.260693810453436
Healthy,1,3,50.37945556640625,59.57247584429589,460.39092277021996,0.37300663004072154,0.19046168879936834,0.9355188055028263,10.409084931452904
Healthy,1,3,39.17822265625,42.26429468060317,550.6818803911789,0.35082018701881224,0.24924774177242437,0.8461926634744616,11.661071841676332
Healthy,1,3,73.30352783203125,62.76766879806405,1171.5794948154262,0.23980713865174338,0.11691371849749443,0.8509040832427286,17.606433142556398
Healthy,1,3,120.798095703125,56.4297118907138,717.5596461779763,0.08481686819454548,0.011719243058963394,0.8861739875354595,16.91659469647264
Healthy,1,3,62.74700927734375,52.50025364606614,636.5742859572678,0.19301257651923576,0.07746021143139326,0.8842142366823277,13.961336020330235
Healthy,1,3,79.61309814453125,41.075744948418354,603.7919222557741,0.1617133857572599,0.04823913534517969,0.8183268744324099,12.90993852300321
Healthy,1,3,67.88812255859375,54.74366865985918,567.0004174110506,0.21938578964632713,0.05807589543103553,0.9050576581495747,12.654573695867288
Healthy,1,3,65.58782958984375,57.146301765682075,719.8410976784539,0.14176481510057143,0.02613591428647783,0.890151608314966,16.382572370617105
Healthy,1,3,43.67034912109375,39.741024558191185,946.9724490582748,0.2978929364914033,0.16921915810455718,0.6995408352571643,14.529700117995434
Healthy,1,3,64.428466796875,54.84964142317478,526.6111985544854,0.2504918308807943,0.0773893410827815,0.9122650761092385,11.984108714312368
Healthy,1,3,37.62939453125,45.655777881121274,471.556988528117,0.5199093479465893,0.45914221759139906,0.8873408469969668,9.791660692697882
Pituitary,0,2,41.34967041015625,48.726227262943745,684.3288392124991,0.43242129864168555,0.24550989189865746,0.8563764677173349,11.443446925958328
Pituitary,0,2,43.12445068359375,43.35784572546397,573.5129413150377,0.3064297899061967,0.0930304341070659,0.8474572994585511,11.23708581011083
Pituitary,0,2,53.9659423828125,45.319561004162004,591.9544559441417,0.2780730608766239,0.08186429154032332,0.8554374500718952,11.904993407644398
Pituitary,0,2,53.01104736328125,40.545999659707284,493.7237622014902,0.20607105826800315,0.06947502708742763,0.8487936611561944,12.596416852991453
Pituitary,0,2,55.97857666015625,42.108857168957535,499.08753497200087,0.21384079830170344,0.0700307958003451,0.8582626685702931,12.58057666896724
Pituitary,0,2,53.692626953125,49.564834871049754,560.0548227620761,0.2949997460066558,0.09341416511629108,0.8859138362972725,12.1776750389454
Pituitary,0,2,53.9149169921875,49.35801935206015,552.1688131384897,0.294805569921353,0.09126298969275266,0.8865550520572568,12.051530458531216
Pituitary,0,2,47.2794189453125,42.77978821295388,423.31201659283533,0.3144074545401747,0.09599863859044336,0.8841994797704261,10.559019758665558
Pituitary,0,2,54.31634521484375,48.18079493337648,546.8567421744999,0.28554834000097373,0.08686919731839154,0.8820008528099741,12.110799791913596
Pituitary,0,2,47.7574462890625,44.02899330761135,410.7234110289034,0.3378244253723216,0.10356536271450215,0.893955284948687,9.908719227595656
Pituitary,0,2,50.17730712890625,44.95118875277391,448.59981898875606,0.3239710311465799,0.09916807833115181,0.8888185372352789,10.637482126527868
Pituitary,0,2,55.17156982421875,48.00014032802677,509.2546463765471,0.30656256742422816,0.09392307595918434,0.8892157051730548,11.565495138804142
Pituitary,0,2,40.67755126953125,39.95194829807819,493.6051308978259,0.32523899549724267,0.1016166493714288,0.8452771231632519,10.289411008510665
Pituitary,0,2,55.69342041015625,47.8053578271561,527.0580740146506,0.30208484659410906,0.09057584853459044,0.8843766977375813,11.52255278729434
Pituitary,0,2,59.7098388671875,50.23076664600223,578.3913439351081,0.2931090397337081,0.0854913578529453,0.8850267187482213,11.956724034543196
Pituitary,0,2,57.04730224609375,47.1285760651763,519.3829189416797,0.2945704389449658,0.0840419254694375,0.8826503989837764,11.347830988631866
Pituitary,0,2,54.97064208984375,44.35444676886078,464.66912326017206,0.29551091392054923,0.08313611510707966,0.8813766850165363,10.909928351107745
Pituitary,0,2,44.33056640625,36.30343385735617,366.5173723863455,0.24368104827314685,0.05721420464760387,0.8604900801544682,10.222734476719875
Pituitary,0,2,55.06884765625,39.56089885237748,674.3878760453607,0.17467211607403235,0.030380221901165565,0.7820681078385037,13.814423820255504
Pituitary,0,2,51.57281494140625,37.52608234531594,578.3115329434386,0.17341988157743954,0.029562768995376163,0.7923107676860417,13.191132577579141
Pituitary,0,2,54.50970458984375,38.21630209301635,593.845254835101,0.19012174193943143,0.032440179231445834,0.7941676779747491,12.707822357052258
Pituitary,0,2,71.125,52.056634432861316,751.0653947519899,0.22454941296201042,0.046807156417200055,0.8604645201814235,14.349009959740604
Pituitary,0,2,68.76043701171875,50.309051412327776,714.843314667203,0.2143059641163636,0.0460457220470939,0.8578285412986013,14.508397747266244
Pituitary,0,2,40.1138916015625,38.776356238269166,477.867009007514,0.3277133664978067,0.10283808532464701,0.8409207622347477,9.974310636122315
Pituitary,0,2,65.925537109375,47.786518392152665,632.3611929841911,0.20621788862598683,0.04445002355821284,0.8605236138912651,13.765465277026045
Pituitary,0,2,57.869384765625,42.15490963645189,486.70409072464224,0.24540609828863072,0.05369801835378892,0.8620757496431738,11.7471754826335
Pituitary,0,2,58.7926025390625,43.869153634302904,574.850736760142,0.25524567578926705,0.057554699285109444,0.8497322212633202,12.378351276235183
Pituitary,0,2,60.690673828125,45.06767665887347,570.8350248146503,0.25137858404781255,0.05472964065471082,0.8585360603195229,12.24482432168124
Pituitary,0,2,62.2744140625,48.074757048597526,807.0852703933435,0.17434740569993076,0.09020766370971794,0.8265475144560577,17.022909166915017
Pituitary,0,2,86.818115234375,51.88043668764541,718.49352534656,0.25041314330619363,0.13091399230334633,0.8655244568313645,14.401717936250794
Pituitary,0,2,72.36004638671875,58.028340268477905,1403.8055042792726,0.1782419751354851,0.10026668873760496,0.7909163758765004,21.936752244602893
Pituitary,0,2,70.453369140625,40.838805151804046,828.5632358882633,0.1467146267631555,0.020745546931122977,0.7395473838502993,14.245651393647723
Pituitary,0,2,59.2432861328125,39.64822757139206,762.6401119248533,0.11908113859999148,0.0189703188705748,0.7546150889684187,16.29867675751176
Pituitary,0,2,64.65301513671875,37.97829129654775,723.1397631741197,0.14645316253861151,0.023134498815567055,0.7452049979609818,14.126680905706795
Pituitary,0,2,46.44036865234375,43.025076533388514,540.5127381192964,0.31654128981364205,0.09606994838115401,0.8536775196140979,11.369427012292853
Pituitary,0,2,48.09356689453125,50.430693591067055,683.1109608470517,0.3297820157616035,0.21263304689082255,0.8659120791824454,13.384184979309802
Pituitary,0,2,56.566650390625,74.79753156771865,1511.8384889507115,0.4600713544884178,0.38028948890390624,0.8656348241498,16.883296391595934
Pituitary,0,2,79.75860595703125,41.10037099596381,669.8045343161887,0.11934419976498575,0.024391805790897433,0.7972796951822084,14.901495728774712
Pituitary,0,2,101.0191650390625,59.66951319205041,1032.2597922658874,0.10659334483210646,0.018391958348032995,0.8528047453203627,18.86232618168748
Pituitary,0,2,48.89947509765625,50.5434162719084,665.2973064580208,0.31021011413229554,0.15496363239576277,0.8699601089978612,13.3707981595674
Pituitary,0,2,51.04083251953125,35.28628701021216,597.5603973239835,0.24567714882625022,0.09946058437411963,0.7593227156684504,13.16278108337609
Pituitary,0,2,38.70001220703125,33.14132167171805,423.18829752506855,0.17578591208011266,0.03945655710278682,0.8070152889598918,10.563309150056615
Pituitary,0,2,71.42230224609375,61.00564153417729,809.0970205066816,0.16266818005891148,0.066012474078466,0.8908008337978581,17.787799974040322
Pituitary,0,2,27.0120849609375,36.17624636718608,380.40514731815824,0.5009158629330576,0.27001905976077156,0.8554675527732252,7.876688050251969
Pituitary,0,2,42.6864013671875,37.90079174994235,644.167134654649,0.20861059660671705,0.06042746945668863,0.7749298807730008,12.483307193178135
Pituitary,0,2,49.1513671875,46.354572321227636,655.6056994341527,0.3041286291751748,0.09320564923056487,0.8471805941670967,12.521157663410737
Pituitary,0,2,58.26898193359375,44.20173148418361,662.5297676885111,0.16806073801177585,0.030467896658747877,0.8296266015468625,13.313786865856425
Pituitary,0,2,54.12335205078125,42.138207390259694,562.2210852976996,0.26906689788844784,0.0604179840049898,0.8409823850338256,11.248237234756797
Pituitary,0,2,53.1888427734375,40.27038719084621,526.9152246390938,0.26317141575895225,0.05982637648922752,0.8366817827385489,10.968669472496114
Pituitary,0,2,53.80902099609375,40.67282898622523,537.9536432823392,0.2564218224535734,0.059981691774997785,0.8365286017946687,11.125496243181011
Pituitary,0,2,50.9808349609375,39.21485132372559,518.9206877945528,0.2563942281888269,0.0568149440814692,0.8305049489959622,11.127284801445619
Pituitary,0,2,62.13702392578125,42.3317783045342,472.39059932812506,0.2771996819665655,0.05411279700714432,0.8667711334065348,11.176161242948593
Pituitary,0,2,59.18719482421875,40.92686293809061,446.06969249880467,0.27803388320600114,0.05400745022001391,0.8655078353279135,10.763463472240385
Pituitary,0,2,60.44500732421875,40.987393894068035,437.9682885108381,0.2638668466419156,0.052168573330738266,0.8682347445463143,10.766813053158252
Pituitary,0,2,63.87188720703125,43.474095204057974,486.9825730003547,0.23049622571268413,0.04220058833968605,0.8698343127859349,11.630662718357893
Pituitary,0,2,64.86328125,44.144898680003486,554.9727942972129,0.21628764034736642,0.04021155947362337,0.8561552928936617,12.571518353975561
Pituitary,0,2,47.5546875,45.032433922457145,620.1642814380297,0.3087217819214717,0.09400985908686318,0.846846831487167,12.144787484889058
Pituitary,0,2,66.38934326171875,45.76942665381647,587.0602041790721,0.23298249734930893,0.040814511831710934,0.8585657654085135,12.593805824331747
Pituitary,0,2,65.8671875,45.66109111376138,595.2972740047713,0.24866966176409644,0.04710681012495696,0.8559016551550493,12.61178828217168
Pituitary,0,2,52.0198974609375,34.09439582610752,529.4477675596445,0.1908164221516697,0.034108654465769175,0.7698986249249665,12.247156955252432
Pituitary,0,2,50.0335693359375,33.39494548343914,514.0015657453641,0.19479875156471457,0.03665030457076444,0.7671316895047037,11.9698541350218
Pituitary,0,2,50.98248291015625,34.97891382518681,571.6666304192537,0.17492183121018784,0.03379672171220431,0.7640965628053721,12.950117509611275
Pituitary,0,2,52.247314453125,35.866980642438044,590.0876966324829,0.1707725798145609,0.032533079744573715,0.7683717559837732,13.205579454128992
Pituitary,0,2,49.36309814453125,33.65296645819885,534.6917972625498,0.19592268348210629,0.03682211586622705,0.7614898769766848,12.022079673066662
Pituitary,0,2,49.71044921875,33.24395501607326,515.4515649461441,0.20093034060510734,0.0363214591699154,0.764469867898294,11.660982474309677
Pituitary,0,2,50.8935546875,33.705539254352495,521.1824234977056,0.20018570604333372,0.03687628668456663,0.7683300352848692,11.968900640927304
Pituitary,0,2,51.23907470703125,40.565145618933,689.5408125504475,0.21751961584632792,0.04978866832546677,0.7898411297584045,13.07517151753194
Pituitary,0,2,46.76531982421875,44.50620365729509,610.6330106098567,0.30248562938032053,0.09132341029541816,0.8456343826664678,11.951062769314573
Pituitary,0,2,49.39434814453125,40.03022777273443,685.605794371826,0.20249630131722782,0.04703698642141328,0.7855801841984119,13.529882001171817
Pituitary,0,2,47.59576416015625,37.8835767816676,607.9494131059283,0.20805462418318255,0.048084419346752186,0.7876102512260212,12.86513362479998
Pituitary,0,2,51.09954833984375,38.99344727592145,594.2344957307696,0.21806044567516905,0.0472097538090552,0.8037242656236667,11.940321611113125
Pituitary,0,2,50.84857177734375,38.5525774392352,578.7115195988777,0.22897438976373677,0.05161803359335393,0.8044326628268669,11.653857303809456
Pituitary,0,2,49.26483154296875,37.55949861261719,568.9594233407759,0.23579537882507462,0.0536419777142529,0.7974772404086627,11.598751424066425
Pituitary,0,2,50.486083984375,37.94857426526567,570.8085327186842,0.23668704267966056,0.05367343344886087,0.8008630845957305,11.724082010665132
Pituitary,0,2,45.18902587890625,33.11070555635684,470.22376256475593,0.2457198119006862,0.04447226483985151,0.7838282234743652,10.543599891888114
Pituitary,0,2,47.30841064453125,34.2850871337506,517.3338641287137,0.2281872984070512,0.04116439638068115,0.7780811093425553,11.170515841032579
Pituitary,0,2,46.21405029296875,34.263204505130005,530.1055704690016,0.22366857055145828,0.04075576712949288,0.77253606252717,11.433590601557192
Pituitary,0,2,50.06878662109375,35.60598234636951,550.5549597193472,0.2204823790241771,0.038971438341286156,0.7808635971965355,11.621531625876768
Pituitary,0,2,39.11651611328125,38.948877384125296,452.0767923606753,0.333420485729736,0.10581652531852612,0.8509604508684288,10.35052363464218
Pituitary,0,2,43.25494384765625,31.31521135375963,424.78110359740185,0.23462621731775285,0.04154197894850864,0.7816016714947507,10.489800131944794
Pituitary,0,2,51.62823486328125,35.97014191702302,544.5733318576529,0.23476726504248233,0.04079124549076524,0.7874383963372119,11.6196103485967
Pituitary,0,2,53.687255859375,45.35296785278368,520.4286907754112,0.27425181038506385,0.06569421550437858,0.8733051705504793,11.017822008301382
Pituitary,0,2,47.77947998046875,40.76823925983028,432.7648856001267,0.27860335110102763,0.06924969018795679,0.8696564975367929,10.246724649700194
Pituitary,0,2,49.84991455078125,41.84530046654315,466.6897046372686,0.26137152400254887,0.06604200974724565,0.8664840415859345,10.64909261849869
Pituitary,0,2,53.26470947265625,44.2330689568823,509.60662507658765,0.2643183750632262,0.06494016756617228,0.8694752997103272,10.906846387912587
Pituitary,0,2,55.30743408203125,45.993790218677745,548.2613314914778,0.26729225040708376,0.06437608881346442,0.8701696201468411,11.381153027932278
Pituitary,0,2,48.8201904296875,43.13579057214611,553.184666885029,0.2921363821939349,0.08352790704849858,0.8512048227521236,11.713818810451478
Pituitary,0,2,45.5028076171875,42.66676972993852,606.9756959514717,0.28584060392945243,0.08462439382157733,0.8333765957442782,12.443049979851477
Pituitary,0,2,61.45001220703125,37.34082351569029,503.9090630134803,0.17429109396509973,0.026265864856059817,0.816760213572391,12.364192119010239
Pituitary,0,2,42.826416015625,42.207721084966266,537.9616537710389,0.3322694748510419,0.10767030750450864,0.8489336985895386,10.831190978789493
Pituitary,0,2,53.4510498046875,33.12961415934585,410.3293541040516,0.18298469091195782,0.027877653018925384,0.8105753870436926,11.36965127836589
Pituitary,0,2,63.04278564453125,38.53757852978575,544.9730706336902,0.1501241408333503,0.02267942834181104,0.8139914755103286,13.70950350494571
Pituitary,0,2,56.03021240234375,33.978710056638235,437.8591742261975,0.1463980127319705,0.021410724436582877,0.807726677368987,12.675973789448689
Pituitary,0,2,60.97918701171875,36.883049888337766,509.3200397963744,0.16102910658588404,0.024380728765850148,0.8101288592529002,12.822461433986495
Pituitary,0,2,46.28607177734375,34.561368176946154,377.65676186434035,0.22586266307340652,0.04203191419848536,0.8407993572407775,10.438320169609963
Pituitary,0,2,50.12518310546875,36.26242231375613,423.3897532443907,0.2099755947180258,0.036653455757563444,0.8376773155324139,11.085843409969092
Pituitary,0,2,50.607666015625,36.94948125298942,463.0112036162026,0.21426763144247105,0.038687626012846824,0.8290462695716234,11.347358600968288
Pituitary,0,2,54.1083984375,38.4040294157356,460.8553466873003,0.22591212961677584,0.038479105208863176,0.8423398407334375,11.039081148475804
Pituitary,0,2,57.55828857421875,41.13802297720888,539.9018490811007,0.21272018877559784,0.03627759565661202,0.839112040306,12.07591249167001
Pituitary,0,2,58.4942626953125,40.785309799039744,499.06848240654574,0.23036376439979542,0.04002698431675918,0.8485135965900357,11.41370539381815
Pituitary,0,2,38.47222900390625,37.97396389435663,443.14648607037196,0.34869982334308336,0.10774113632576351,0.8462711092534292,9.712022623265012
Pituitary,0,2,59.42205810546875,43.484180226191334,564.7920513419789,0.21635361408891163,0.0378212071380169,0.8494889005564665,12.370080677662747
Pituitary,0,2,65.71307373046875,49.078326567313646,586.7189608247163,0.2250638701670165,0.04491313961190886,0.8774431080070846,12.531816114415001
Pituitary,0,2,64.6380615234375,49.52445099779435,592.4617481032542,0.23373687687416544,0.044411604219943196,0.8785351695639789,12.05028379588141
Pituitary,0,2,63.34429931640625,48.67578034565102,550.7129837463448,0.24058228237669418,0.04957753745187291,0.8831538372862497,11.752766028970807
Pituitary,0,2,66.4718017578125,42.53397149604449,530.1097413093805,0.2253042200427679,0.04171607736581026,0.85170398180663,12.208446233299922
Pituitary,0,2,64.96917724609375,41.08274228349491,482.92265339222706,0.21473932451373923,0.03868874995211358,0.8550746789335946,11.913698007084648
Pituitary,0,2,63.01092529296875,39.72286890121914,466.546940269705,0.20503589727929647,0.03839524904251775,0.850158711361908,11.999365830763988
Pituitary,0,2,63.01092529296875,39.72286890121914,466.546940269705,0.20503589727929647,0.03839524904251775,0.850158711361908,11.999365830763988
Pituitary,0,2,65.652587890625,41.455366306988196,525.5167064904955,0.1892842350124439,0.03666685562322933,0.8450208667920683,12.867123925655392
Pituitary,0,2,46.84783935546875,36.539747915176726,434.5742078515782,0.21989489666120396,0.03959496114657751,0.8365955646461382,10.312320296516317
Pituitary,0,2,40.41937255859375,42.1124864712809,531.6589387710932,0.36647671465893694,0.2349862110509237,0.8502317740715881,12.27025999364702
Pituitary,0,2,41.142578125,47.02862646953538,497.8529364325225,0.4931188540305522,0.2716282459216681,0.8877717038885953,9.016749963188754
Pituitary,0,2,48.5430908203125,36.8424011576881,446.27169859030846,0.21373840944848135,0.039033898314514766,0.8347904747513287,10.467001644941519
Pituitary,0,2,62.12872314453125,48.867019211146186,648.019784578709,0.2561000485220531,0.05567166779737329,0.8637432046032836,12.489215369057133
Pituitary,0,2,62.50628662109375,49.33400032845586,665.2400872458788,0.24798962425838544,0.05358877621468301,0.8627974656418187,12.750839423555304
Pituitary,0,2,58.9298095703125,46.33995111561222,588.5356793761158,0.2434154040896922,0.05132048643140596,0.8624124156024805,12.176077203718254
Pituitary,0,2,57.236572265625,44.89242719982138,558.1330986451637,0.2241336133141601,0.05465275448262592,0.8609512660482829,12.558656113407324
Pituitary,0,2,53.98828125,42.697621699618246,506.3217208231829,0.26171748968668235,0.06121241984581464,0.8605968018969377,11.250343664750929
Pituitary,0,2,56.33477783203125,44.797355099389925,547.2016067235836,0.2620011462884845,0.058853585770722805,0.8631625571493942,11.527998141934917
Pituitary,0,2,53.76513671875,39.03402106082104,605.3544809863663,0.17728795725004098,0.03209970518928001,0.8000560910970609,12.87205899021303
Pituitary,0,2,52.23236083984375,38.48485903754002,614.0154456598584,0.17673046791778038,0.03183370243496828,0.7914876576620531,12.969697076114205
Pituitary,0,2,37.2186279296875,27.227604753584608,328.4909204935841,0.21060131068754312,0.038879753886606166,0.777109660065904,9.74731304540795
Pituitary,0,2,36.20318603515625,41.36432325548596,406.1408543520821,0.5226419934260703,0.2732917791189859,0.8816528172733966,7.677627206817981
Pituitary,0,2,42.0223388671875,30.425800883024433,391.81467557469625,0.20655874013033343,0.038114221775149504,0.7870006004810927,10.343959734795241
Pituitary,0,2,40.037353515625,28.986408220937065,344.4740043894404,0.23169830185232146,0.044170799975316866,0.7936989207895346,9.513642085878455
Pituitary,0,2,51.84417724609375,37.39727236711033,563.8736017277241,0.19248505763902726,0.03374577887507366,0.7970712120888023,12.142587812520489
Pituitary,0,2,54.99017333984375,34.83565578097614,536.2075325791754,0.16136385537846096,0.02863056652416669,0.7766324156887533,13.152294828028282
Pituitary,0,2,56.65911865234375,36.10066997523351,604.1980040562231,0.14458658731856194,0.024790685312818327,0.7657365301003899,14.270458224511616
Pituitary,0,2,55.039794921875,35.544220414024494,500.22153516186313,0.19791866136238487,0.035660958137705145,0.8000605228341005,11.737375224751373
Pituitary,0,2,61.8489990234375,46.26717403344421,584.2204169799691,0.2363758243829255,0.06042486356266185,0.8628256060076055,12.528696612082104
Pituitary,0,2,61.49273681640625,46.49773254489381,622.7876102198303,0.23132617544882583,0.05748093829983277,0.8553103891209729,12.885334040200785
Pituitary,0,2,60.7861328125,46.04502496798838,621.0148286859828,0.21726897664284267,0.05515469943166257,0.8528154174951535,13.094466634247334
Pituitary,0,2,60.1456298828125,44.86673962038912,607.0518423967287,0.21023089420092086,0.053901166141358724,0.848383634389277,13.248151500210824
Pituitary,0,2,37.83209228515625,43.254427528831684,466.71635330777565,0.5240189891036117,0.27339046543969076,0.875628744089851,7.915634542207575
Pituitary,0,2,58.12823486328125,43.102800543660244,563.2139277951112,0.22087278770033342,0.05514310744506,0.8475385783534601,12.678652630744242
Pituitary,0,2,60.20892333984375,49.01298622123758,648.3373199090947,0.28757312489488623,0.07752551775727004,0.8646305399022868,12.225411380511616
Pituitary,0,2,53.73883056640625,44.59776108668377,538.9514780006732,0.3068997006629883,0.08520864051409832,0.8641857043294441,11.089727378674628
Pituitary,0,2,55.96875,45.98232692729281,569.631264555563,0.282528619765909,0.07310429182015682,0.864930703404996,11.504888201183869
Pituitary,0,2,56.687744140625,46.86500186278241,599.9954909441753,0.2560370830455357,0.07082878824683193,0.8630683896834138,12.245312693751716
Pituitary,0,2,58.02764892578125,47.68112086357067,640.0560000378598,0.2799787599429978,0.07445122393658246,0.8588476571346783,12.243032614972835
Pituitary,0,2,58.6766357421875,47.68223856961725,627.9208444902056,0.2916803080445059,0.07445057328465048,0.8614657493414328,11.98548276784183
Pituitary,0,2,60.00146484375,50.14257745694878,555.0953863431856,0.28513967095059,0.06974603197117524,0.8893375686856473,11.274007005046451
Pituitary,0,2,63.97918701171875,51.370056302239924,590.1868548112851,0.27435797529761724,0.063262203387375,0.8877535402016735,11.750828767283801
Pituitary,0,2,51.849853515625,43.40519161526913,490.433154542141,0.27596538039333113,0.06619197718201722,0.8695466622215751,10.81863474273922
Pituitary,0,2,33.641357421875,39.645932507236395,349.2945768782731,0.4762619803490266,0.25941877362036314,0.889267960630942,8.637523782861305
Pituitary,0,2,54.70465087890625,43.299382628237474,446.5032071744291,0.30336453630366295,0.07260577841941843,0.8804402401786631,10.202221759913133
Pituitary,0,2,62.0706787109375,49.96247746970165,634.4009828957915,0.2707857055248236,0.06125698023691985,0.8724964330419208,12.035566274258823
Pituitary,0,2,60.038330078125,49.18625535020351,630.5122847433945,0.2665445597404981,0.062163825823577726,0.8693203427384372,12.0662696559781
Pituitary,0,2,57.2811279296875,46.140898241415385,555.990177703074,0.26338392742034533,0.06263990846743614,0.8689753372541089,11.557649580144068
Pituitary,0,2,57.00848388671875,45.90971325640561,559.5485608706238,0.24765757177202702,0.056883512186693845,0.8668156138424962,11.694331154288543
Pituitary,0,2,53.17108154296875,43.71654793811134,505.1845971348746,0.263772503918093,0.05806349564629139,0.8674952086204712,10.955034167881937
Pituitary,0,2,54.8253173828125,44.60993874038332,524.547178824884,0.28133858352845265,0.06415711136200047,0.8678142639295989,10.924544517058829
Pituitary,0,2,58.189697265625,47.2478326667502,580.1033276871888,0.27478014076296914,0.06256287569398114,0.8696601349799813,11.62794682230108
Pituitary,0,2,56.8568115234375,39.83801282211334,649.635592818127,0.1929258736754044,0.03264838913780223,0.7930332534730883,13.000955915975661
Pituitary,0,2,56.958740234375,39.6364353049871,655.4060862809924,0.18556245294335116,0.030902302723769218,0.7889729360349788,13.280567272073496
Pituitary,0,2,30.6385498046875,35.44239064916733,274.1055346251672,0.49294162423718463,0.26014689846654665,0.8912321458816449,7.317949471837226
Pituitary,0,2,58.26898193359375,44.20173148418361,662.5297676885111,0.16806073801177585,0.030467896658747877,0.8296266015468625,13.313786865856425
Pituitary,0,2,49.16937255859375,39.73153544890761,458.43461202943325,0.22723913498161896,0.05263895977962614,0.8542746834281219,11.414270176197824
Pituitary,0,2,50.59820556640625,39.905760558895686,468.10479244010594,0.22427879081903407,0.04879921295786653,0.8524075071600913,11.611302695262882
Pituitary,0,2,50.59820556640625,39.905760558895686,468.10479244010594,0.22427879081903407,0.04879921295786653,0.8524075071600913,11.611302695262882
Pituitary,0,2,44.94207763671875,39.999763512238275,415.16425552387193,0.3010468900646302,0.09179610434083654,0.8700044098890003,10.441959165169369
Pituitary,0,2,50.857421875,38.95920321603448,456.03254691670503,0.22234836640939248,0.04886363531558857,0.8490114390170487,11.354000848627846
Pituitary,0,2,48.86322021484375,43.10837717200282,477.36859545990364,0.2908674003269818,0.0885990468152365,0.8712907156931613,11.129832497947405
Pituitary,0,2,51.1468505859375,44.28269357808318,507.3231952636422,0.28286345071621827,0.08500079236197221,0.8703166275655366,11.561405068123934
Pituitary,0,2,52.98504638671875,44.713082259221615,512.1783594622519,0.27739601676240383,0.08254456540082958,0.8714970926034264,11.606786131542348
Pituitary,0,2,54.49847412109375,45.25328293960913,525.710810351374,0.27720200248804755,0.08259954965153431,0.8711700608505428,11.807748756123843
Pituitary,0,2,31.74664306640625,36.651921662222996,303.6524156798707,0.5056980105274849,0.2605636684687968,0.8873247697063367,7.359063061876913
Pituitary,0,2,65.2530517578125,37.91620660874358,633.4165943332491,0.1811417679500707,0.02820874773283836,0.7758010852941084,13.061229966211128
Pituitary,0,2,60.8353271484375,35.86713535364873,591.6192440393236,0.1846877338971199,0.029543264790671594,0.7661005725193807,12.635375696533751
Pituitary,0,2,60.8353271484375,35.86713535364873,591.6192440393236,0.1846877338971199,0.029543264790671594,0.7661005725193807,12.635375696533751
Pituitary,0,2,58.343017578125,35.43675959703387,599.4800635695598,0.1651109576968027,0.0264850621418592,0.7577636661603508,13.458142166285647
Pituitary,0,2,53.8248291015625,33.5821793841256,560.9320122625145,0.16134600905812457,0.026383009689836923,0.7480429074356157,13.29283966380557
Pituitary,0,2,69.56512451171875,42.32314601356418,563.6276904663742,0.1961869305805376,0.03049468804228086,0.8400154824311221,12.827549319162419
Pituitary,0,2,61.9608154296875,38.101266020723635,468.01898378410544,0.20571760078638712,0.032122628366629644,0.8364731648871477,11.748406766345887
Pituitary,0,2,61.0933837890625,37.209461348465396,451.9569137888685,0.198569988273533,0.03193469119762578,0.8344191029535084,11.635929217171977
Pituitary,0,2,62.18194580078125,37.27392843450261,464.55892469992295,0.18989816942453056,0.03026686282091604,0.8301438766158362,11.910121738213302
Pituitary,0,2,59.9046630859375,36.60262312008874,470.6446504065319,0.17040610161290168,0.027350798516520926,0.8218006662575341,12.396531964940117
Pituitary,0,2,55.68682861328125,39.94825458374883,494.529519566907,0.23950803838491846,0.06988627727305399,0.843544363461618,12.165923714661234
Pituitary,0,2,57.7069091796875,36.895431457288666,501.65672602053394,0.18498497376830986,0.029366534311088283,0.8134987780006522,12.36336928533362
Pituitary,0,2,59.20306396484375,37.02005649505786,477.84429322769574,0.2029601895740857,0.03236920847270548,0.8233440966754708,11.823736795912188
Pituitary,0,2,59.73358154296875,48.30484107321022,459.1538981125333,0.26075383577505323,0.058703909438095385,0.9013038864594967,10.712157885254339
Pituitary,0,2,66.4991455078125,53.047912814335525,561.9650791567933,0.2338860252540071,0.054490979745764855,0.8997756130078507,12.235789620018155
Pituitary,0,2,62.39892578125,49.44165708085381,484.1402374992837,0.2320738007036474,0.05384366027499743,0.9005763058510667,11.625275609927538
Pituitary,0,2,67.08856201171875,53.24671746624609,571.9400076144684,0.23197413109313303,0.05446617342944719,0.8987333435715532,12.395208407605852
Pituitary,0,2,46.0076904296875,36.19598702881445,552.7639580201605,0.2070031203835668,0.04147079160289318,0.7882523079873769,11.69601363421592
Pituitary,0,2,46.52838134765625,36.547901067349855,581.2260030458159,0.19298327841667068,0.03911524987618682,0.7816862171020793,12.314676301228854
Pituitary,0,2,46.67041015625,36.84742432149969,614.27926817579,0.1699419803061903,0.03311201629905129,0.7731350537558941,13.19539435954018
Pituitary,0,2,47.81927490234375,37.40903833934031,602.6546884930362,0.18028489424540023,0.03518800619050868,0.7839608591377425,12.776393283256725
Pituitary,0,2,51.9976806640625,37.61974526599686,455.1522994296458,0.2516979785375198,0.07085685305589243,0.8376497747255345,11.416598208197492
Pituitary,0,2,51.10345458984375,41.9044378544079,657.5444663194729,0.234227868285645,0.055554189924016194,0.8123695264485004,12.662211820518763
Pituitary,0,2,50.78857421875,42.15725016556269,694.6003031225539,0.23326805419727695,0.05807428546523518,0.8042403816977921,13.122877222318355
Pituitary,0,2,50.11102294921875,41.81663453001049,647.708217244631,0.22321319072938503,0.05284147755692278,0.8144754209450955,12.705391879535144
Pituitary,0,2,40.84197998046875,33.47331964143919,396.9278420275916,0.28978801459673037,0.07700176459030654,0.8224688087158992,9.70934027024366
Pituitary,0,2,49.0406494140625,41.24854765397973,593.2350470717163,0.26123354508343677,0.06467142663418057,0.82541552720679,11.667038263765118
Pituitary,0,2,50.04095458984375,42.324249949133495,613.4961429142229,0.2645179085671375,0.06551936344458455,0.8285161276412542,11.653432627178889
Pituitary,0,2,45.6004638671875,29.988265360889745,336.59429952455923,0.2660901742521515,0.05409680457488456,0.8109329780931572,9.395337009424459
Pituitary,0,2,53.3388671875,35.496800762064964,476.52856486185675,0.23072561187464447,0.0448168878741525,0.8090763609072624,11.287003175569724
Pituitary,0,2,51.107177734375,34.5115892452105,475.905166572089,0.23087477555302877,0.04648468307327609,0.7984218524989507,11.480823434303936
Pituitary,0,2,49.833740234375,34.16646182369063,466.249266049349,0.22850757162662802,0.0479119507699933,0.798619812649277,11.306092069216223
Pituitary,0,2,50.78753662109375,37.43705933374999,440.0130230534347,0.25747615398312795,0.07057127388271107,0.841619935685277,11.158949063992905
Pituitary,0,2,50.7935791015625,35.53016424218654,482.2669308776508,0.2229723802195686,0.045104865689322524,0.8074887198376416,11.46676720697283
Pituitary,0,2,53.00885009765625,36.739668008396286,489.6075935863239,0.22336112053869148,0.04458750937397091,0.8171862536570872,11.596120172710107
Pituitary,0,2,48.027587890625,33.71438508069261,376.90130924405383,0.2540736488749275,0.05358364184678755,0.8329969891279129,10.047151699772783
Pituitary,0,2,54.51544189453125,45.49861300067721,594.9135018348773,0.2638632316036057,0.05801827465906587,0.8559423552428373,11.293042859524208
Pituitary,0,2,48.9693603515625,33.775977974961265,505.3496400118206,0.19865392919870523,0.0343730335617755,0.7765990790179316,11.420053261982424
Pituitary,0,2,43.5155029296875,30.681723678149115,466.0737473311297,0.1883848810273706,0.030685975290404954,0.7506452984512095,11.452139658186569
Pituitary,0,2,59.43011474609375,43.70163620136306,660.0790443456625,0.18451363650048175,0.032035178769933316,0.8261527379426112,13.301230508712441
Pituitary,0,2,59.6248779296875,43.126943527703645,647.0218723602216,0.17947292847991633,0.030815007911195257,0.8249445210267762,13.193368578144907
Pituitary,0,2,56.29962158203125,41.01623969602909,611.5700740659954,0.17774204086212453,0.03169088497327102,0.8171248854012308,13.089094299283808
Pituitary,0,2,53.9317626953125,39.79769834884376,621.5442277643087,0.17022803185019564,0.030468609383830024,0.8026678617653992,13.599709883015077
Pituitary,0,2,39.882568359375,45.312384200770296,617.2728435340857,0.3825576637367699,0.2523727405996938,0.8500938815837749,12.307650548897048
Pituitary,0,2,55.9122314453125,40.60953115111797,628.6619747185548,0.15677100974593824,0.027138704056367514,0.8081486964284496,13.979709853952578
Pituitary,0,2,56.8603515625,41.02133329650901,604.8864752300507,0.1686411850541651,0.029025658583305008,0.8190896385569557,13.412559602464466
Pituitary,0,2,54.55926513671875,40.36555258261455,553.9697994005971,0.18890122983992666,0.03504335547896615,0.8289939452048276,12.59293334211807
Pituitary,0,2,43.92230224609375,31.83626446415619,423.13777783809024,0.24506827332467715,0.04204597147984221,0.7896454668020614,10.23355034991392
Pituitary,0,2,49.68890380859375,33.07629207722143,461.4813591541645,0.23374791903559153,0.03877795921174046,0.7866647831471119,10.808379534728596
Pituitary,0,2,42.6220703125,29.09539244509547,387.27399731755503,0.2251129916367568,0.0397312678474195,0.7688836763078009,10.175994980896792
Pituitary,0,2,45.45587158203125,31.0678717052215,426.8912316809345,0.20673947668680626,0.03392195020816701,0.776687103706953,10.816319546702353
Pituitary,0,2,51.18408203125,36.13209780424406,584.420455778468,0.2030776075391999,0.03397787025541142,0.7742244439528528,12.402947282458193
Pituitary,0,2,55.932861328125,38.088435132415704,634.9471530076481,0.2265698120235187,0.03827074613637654,0.7788383911222441,12.453997966590816
Pituitary,0,2,54.317138671875,36.87027093903012,621.8747345620308,0.20807136059354817,0.03405874881161708,0.7688707423268994,12.76563614064848
Pituitary,0,2,39.561767578125,40.639995347879506,472.90817030859523,0.37452565013588335,0.23626447857263413,0.8569050342859033,11.407626838692677
Pituitary,0,2,37.1500244140625,41.624282410990254,530.3844106985998,0.3848140071911596,0.25456749252850025,0.8473159546732034,11.412202738469826
Pituitary,0,2,61.065185546875,39.72756526960504,685.0961181141805,0.21465624074513254,0.03550283882822744,0.7801891734736248,13.305100188326687
Pituitary,0,2,60.666748046875,45.74821656755923,679.893768963393,0.25703423826060445,0.054352498863552985,0.8366121241513111,12.496924575881671
Pituitary,0,2,58.35931396484375,43.99475879226424,644.0573556850898,0.2549104728718593,0.05456533823095955,0.832635110853039,12.188744119676924
Pituitary,0,2,58.35931396484375,43.99475879226424,644.0573556850898,0.2549104728718593,0.05456533823095955,0.832635110853039,12.188744119676924
Pituitary,0,2,55.03076171875,40.98459875327145,572.6632730883236,0.25010533879525826,0.05543041213986537,0.8284386947434577,11.647691682103211
Pituitary,0,2,49.80999755859375,38.05049674946246,520.7148569492944,0.26114710298271115,0.06075631595768143,0.8192000123996471,11.077098486229158
Pituitary,0,2,50.8292236328125,38.2531435146541,516.5912237371828,0.28319588092326614,0.06411057254993921,0.8224103990426022,10.65916424801681
Pituitary,0,2,54.64825439453125,40.64276646522727,564.2417614913898,0.28324290373480915,0.0642591269464487,0.8280891381850422,11.183415015268428
Pituitary,0,2,54.44110107421875,40.83869365051488,549.1259514355503,0.281344736050134,0.06152937720204546,0.834306251429807,11.161563241096161
Pituitary,0,2,56.96209716796875,44.174834270305055,625.8100467568831,0.2583949382783667,0.06397251727832654,0.8387995159297943,12.208771491763057
Pituitary,0,2,36.64935302734375,40.257983465838464,496.681163878033,0.38558133134715666,0.2549335779803653,0.84708667190927,11.165521198231662
Pituitary,0,2,53.25469970703125,36.858308704275984,662.4696018963053,0.18670814871855923,0.03499460833589703,0.754135502992273,13.501990906326998
Pituitary,0,2,51.72967529296875,36.904051827028255,638.3594521369437,0.18149503181905532,0.03483985396627752,0.7639437597958296,13.531671528188355
Pituitary,0,2,55.37835693359375,40.20192681652548,765.3788989844479,0.18997213684217668,0.03616141287236284,0.761671052029175,14.315475521577643
Pituitary,0,2,62.33172607421875,45.34737213413628,689.2043260102914,0.2518028897612481,0.05338107383366266,0.8311894916103815,12.616304240422355
Pituitary,0,2,59.79193115234375,44.4121238949292,686.6084476622856,0.22633498187756218,0.04551420263898636,0.8248423400940641,12.938569744328388
Pituitary,0,2,58.41705322265625,43.18755743153855,640.4705695583942,0.2256237825889127,0.04868770370305445,0.8271296507752366,12.615939505317858
Pituitary,0,2,60.19610595703125,44.3463643518062,687.0739477417256,0.23900471590658856,0.04843195825861926,0.8240965680176964,12.860492455361342
Pituitary,0,2,63.71209716796875,46.89370913243683,756.0290244136102,0.24450273273197223,0.0491535114980588,0.8268790764507858,13.252657649848057
Pituitary,0,2,52.35302734375,39.985770242548504,704.7986085816706,0.20645085063446889,0.0434010630776368,0.7784595210650764,13.241670186466802
Pituitary,0,2,48.5660400390625,36.872688076921214,606.4630577347722,0.19190659743343652,0.04099297511920314,0.7757363251647229,13.174443040293768
Pituitary,0,2,34.84002685546875,37.398619233933594,425.33448388777344,0.39214633588189957,0.256082358139878,0.8481859406205312,10.19767141096898
Pituitary,0,2,49.79150390625,38.101921948068494,644.1234888681447,0.19707485340969555,0.03995070790065497,0.7769810490366174,13.448850987547285
Pituitary,0,2,48.872314453125,38.2352999749519,616.5012372173865,0.22015520690857487,0.04613488292885793,0.7882078166722394,12.539764481874078
Pituitary,0,2,57.3291015625,43.177918084714435,774.3034889117584,0.20791438853541383,0.04519087605773325,0.7911615856657587,13.855750899003377
Pituitary,0,2,51.62725830078125,38.99304502353843,507.63489023076727,0.19303836861010085,0.03642786404220592,0.8322222850601254,11.780125521189635
Pituitary,0,2,51.9765625,39.465394905151165,525.7200593893843,0.18185158094157633,0.03408481046202143,0.8304754513920437,12.037958970450259
Pituitary,0,2,52.806884765625,40.39232269718393,593.7023786977875,0.16890927101076897,0.032812892925887696,0.8172593318259247,12.845027904900867
Pituitary,0,2,49.1021728515625,37.82827744400052,382.76986353195366,0.22958491964517555,0.07244050844515416,0.8653707101127905,10.993328931971401
Pituitary,0,2,52.01416015625,43.28796957853489,551.2891832307768,0.2799652245363691,0.08019888283958372,0.8524280622869186,11.437675223007892
Pituitary,0,2,54.6104736328125,44.451940094821964,577.5016598354209,0.26988237763049927,0.07734290399252489,0.8532920957005933,11.7883835259871
Pituitary,0,2,50.89990234375,44.44241539479235,577.9816771470263,0.23378518222728667,0.06255936654219134,0.8535717654089519,12.165882421610146
Pituitary,0,2,46.729248046875,39.89235924575506,593.133898592096,0.22892078294828921,0.05857387358088998,0.8132965764404225,12.761327979688822
Pituitary,0,2,48.23040771484375,41.6742251362027,499.5857961833717,0.248249834135865,0.06685771402260487,0.8560151731401306,11.338618399894312
Pituitary,0,2,49.19598388671875,42.18107857360398,520.0764905944536,0.24388430274744732,0.06377089084890408,0.8536759515043396,11.606362060381741
Pituitary,0,2,46.3603515625,39.43456903076321,463.7797836729012,0.2518767027882113,0.06802737882555822,0.8506853685476427,10.934606943433728
Pituitary,0,2,44.03875732421875,37.25720750476897,402.05695982880695,0.2685430452523662,0.0723867659055701,0.8549389451753171,10.173499718094114
Pituitary,0,2,47.72784423828125,40.050498715429804,449.5277627352627,0.24557535352631765,0.06430610935464866,0.8595965163754344,10.727271384231313
Pituitary,0,2,51.07440185546875,45.445000444912765,535.6976543367891,0.22375759215626706,0.05791545733143093,0.8702970396271723,11.906475840296924
Pituitary,0,2,50.465576171875,44.34225146736879,508.78881377300917,0.22647339589736226,0.05671881219311299,0.8705646297638957,11.480160929073282
Pituitary,0,2,52.38433837890625,45.491491051971394,547.9195750618819,0.22436157617041974,0.05713332468591011,0.8675386849515226,11.99075822761175
Pituitary,0,2,53.4586181640625,42.20410404090125,600.7590223501473,0.22746572760912925,0.07303635455350226,0.830469904891511,12.72243961284942
Pituitary,0,2,52.3079833984375,40.7000673004055,569.0313939808243,0.23143802602202895,0.07342220121082613,0.8272622936516068,12.495127541037752
Pituitary,0,2,46.074462890625,38.93778305731523,574.9892179121026,0.23111166303648556,0.05972749381804894,0.8099682639213531,12.532532748660739
Pituitary,0,2,53.87823486328125,47.759367229002955,478.56592659676124,0.29991685790554756,0.09538080471781488,0.8948081303002298,11.606960991267137
Pituitary,0,2,57.2744140625,48.946037775436835,535.6795839647083,0.2885077347295336,0.09199665300293704,0.8877921274862233,12.179416854928903
Pituitary,0,2,58.69677734375,48.25828589561835,523.3717844701962,0.285233897982734,0.08786468029727948,0.8871022628896603,12.018656951377732
Pituitary,0,2,61.21881103515625,49.22907416672515,539.9712353331633,0.2715643881144713,0.08155441752332193,0.8879828485165544,12.256888310652982
Pituitary,0,2,53.4490966796875,42.55894460949256,419.3094299040603,0.2873996822722914,0.08312786020921585,0.8835738260785191,10.688777178336561
Pituitary,0,2,54.8345947265625,42.21345248594361,406.5016162415556,0.2736272336596438,0.07955835737132325,0.8851342779246896,10.77651413506045
Pituitary,0,2,52.7049560546875,45.04784766171573,620.386366729854,0.21961053245832335,0.059342501413901565,0.8468522838350029,13.30803877623558
Pituitary,0,2,50.27691650390625,42.124974375964264,573.0622620503782,0.22923022726477488,0.06143583205437774,0.8381561630433549,12.571094888285014
Pituitary,0,2,51.88031005859375,42.89659302742929,613.0402243969336,0.21717317228950836,0.05747878599261304,0.8330023837062868,13.178822041239409
Pituitary,0,2,49.2071533203125,40.079156694834175,551.8807446990551,0.2161046184852271,0.05568398154017944,0.8277440503547101,12.657356556902101
Pituitary,0,2,41.17108154296875,34.4629764281794,472.1374387749265,0.24920749751746563,0.06571563131624916,0.8007712710357066,11.15448202771514
Pituitary,0,2,48.559326171875,38.85708830393778,504.10811368503147,0.22413092199787576,0.05774916381930484,0.832479606794355,12.121903384433054
Pituitary,0,2,47.136962890625,37.34414279284258,451.8989149736562,0.2288209611213352,0.058209743640808644,0.8373534901696027,11.341647687202741
Pituitary,0,2,52.95379638671875,41.131571253725994,538.7113968095721,0.20965071758742077,0.05183146459726393,0.8400852863679193,12.322879571541721
Pituitary,0,2,47.43505859375,39.23986989095487,483.2245016014021,0.23925160485987332,0.06132449475000071,0.8428156539268539,11.359094183033283
Pituitary,0,2,47.0576171875,38.7579121910371,487.1155103482664,0.24085946156284055,0.060985611286048645,0.8375572267166959,11.423792644461512
Pituitary,0,2,50.69439697265625,41.21510779080466,570.65279906348,0.22698565257146303,0.05625831180183872,0.8316544041494063,12.370675006976422
Pituitary,0,2,47.1634521484375,38.03930099402355,491.86777940748493,0.23492256250045226,0.058598584053107444,0.8296260627446355,11.343857289278212
Pituitary,0,2,52.01361083984375,37.94033624075365,569.3551695268076,0.2270334770300562,0.08091882806445712,0.8003929978260469,13.029257156172005
Pituitary,0,2,54.91387939453125,40.86068763115144,726.8469334400529,0.21221889030115054,0.07799576255581614,0.7806047302373724,14.759633874738277
Pituitary,0,2,56.10272216796875,39.54350887506446,647.8638357394664,0.21532064911900187,0.07701901156400759,0.7908805606567308,14.011281721783776
Pituitary,0,2,48.02105712890625,39.200641467463306,571.3315772686939,0.2233881798001964,0.054425039152542744,0.8134883703088782,12.402250144345492
Pituitary,0,2,53.90374755859375,38.38190944030703,649.5473726963816,0.2061581260301382,0.07469776165948644,0.7776834071700063,14.078294531590663
Pituitary,0,2,46.17694091796875,39.89237233023632,463.6375840877196,0.2930087202510964,0.08507638942069382,0.8540265127309872,10.71727919237195
Pituitary,0,2,49.4617919921875,35.41477349567129,377.08838941118324,0.20415153226518062,0.04551218134298528,0.8484876371945089,10.785412484888269
Pituitary,0,2,50.5615234375,35.85279928847625,400.65675968464615,0.20278023148474023,0.0447752055347114,0.8429067337327093,11.032701311497215
Pituitary,0,2,50.92095947265625,35.61880826342672,403.3430820455704,0.19687235456041993,0.042255856724608784,0.8397347683104518,11.112732694216238
Pituitary,0,2,54.09564208984375,37.693494231442735,440.81847913699846,0.18372565884973846,0.03970375298307031,0.8435900994840182,11.917825374714294
Pituitary,0,2,53.50732421875,37.34359074323206,403.35567969577085,0.18826100363161374,0.03873221658158783,0.8541653460635734,11.256053973046447
Pituitary,0,2,52.00201416015625,46.0239612922769,542.3648874407917,0.25159157538071397,0.08383754939614446,0.8716531695017589,12.545094433940523
Pituitary,0,2,51.3956298828125,43.99789668316772,527.8668645423927,0.25921791295525387,0.08370802373366402,0.8631839696512212,12.285736169130152
Pituitary,0,2,44.9974365234375,37.95059678269846,403.43049398603125,0.2653416079932224,0.08382482928037638,0.8594254733903033,10.891747783496625
Pituitary,0,2,47.48406982421875,37.845369109395335,583.5507788281855,0.21754779071809346,0.05122241220977634,0.795489349691162,12.522169403715155
Pituitary,0,2,54.23858642578125,44.22569537828901,545.5049132677132,0.24770524173428948,0.07938194476108844,0.8599029319701634,12.480749445875432
Pituitary,0,2,55.18072509765625,44.68541152311186,604.9937712884082,0.22906628277617674,0.07569748091241088,0.8478442580343026,13.326254703292403
Pituitary,0,2,53.42523193359375,41.5542655208636,520.3045836014172,0.23287956618788982,0.07414903903806225,0.8484580940834977,12.360227501706397
Pituitary,0,2,58.85791015625,46.00444819618727,706.2056294660503,0.21684846097937294,0.07286965914227467,0.8322578132745334,14.527770243042408
Pituitary,0,2,56.1510009765625,45.91367660819203,534.4980432422501,0.24841020348854512,0.07855870144884436,0.872577077951711,12.453946864926467
Pituitary,0,2,48.942138671875,39.45406492341151,401.03273340144744,0.2688392590593222,0.08052872758170806,0.8704643692248827,10.675220584817186
Pituitary,0,2,60.10491943359375,47.46988447272503,574.8060414520041,0.2428346771413959,0.07549154208317943,0.8716584166231913,12.836540184800684
Pituitary,0,2,51.5626220703125,39.90671323340845,412.13996237371765,0.2629767485146635,0.07757731920775801,0.8697020352195317,10.787482465590976
Pituitary,0,2,52.30548095703125,39.76153440696938,435.5750783962949,0.259880024404169,0.07583608301994917,0.8612117496140125,11.0112892296108
Pituitary,0,2,52.52130126953125,39.6836847374567,445.79850662049756,0.253563119412453,0.07326686044058586,0.857390074706004,11.251652448618506
Pituitary,0,2,46.4725341796875,36.18509784670465,545.4049248685009,0.2220685869420198,0.0524765161681574,0.7908026155558278,12.041589852712217
Pituitary,0,2,53.16607666015625,40.61132665433355,445.9055874948155,0.2513302522456035,0.07322799494942159,0.8638282068957929,11.153484576501503
Pituitary,0,2,50.0733642578125,37.967069966819444,375.93272562720256,0.25719104862057085,0.0792983548165068,0.8686333912817688,10.474124756844107
Pituitary,0,2,53.58331298828125,41.079539693221015,407.0965553845542,0.2533749962254041,0.07924912491261317,0.8785408732471336,10.80666460161139
Pituitary,0,2,45.5914306640625,34.22383223965493,296.07147984610583,0.27423971577864814,0.08004653227056427,0.87265051854211,9.23170051808907
Pituitary,0,2,46.14349365234375,34.546081414752464,318.7077194271806,0.27397861817303926,0.07879511640435423,0.8654547318618699,9.527501051096403
Pituitary,0,2,51.9490966796875,37.981888758929976,376.19914403503844,0.2498407642532008,0.07451006299953024,0.8685192777228153,10.528699639431283
Pituitary,0,2,49.140869140625,41.11447528255979,496.9921386991746,0.2500127811391618,0.07634165296680777,0.8526482097873257,11.227643748257316
Pituitary,0,2,52.28582763671875,46.075874757740564,525.2769141085811,0.27404151604555926,0.08186974033160116,0.8760166086038526,11.371365484919743
Pituitary,0,2,50.96783447265625,44.154486242286374,491.2696066916164,0.27668399700590435,0.08020868832341232,0.873677203463429,11.0579937292699
Pituitary,0,2,50.96783447265625,44.154486242286374,491.2696066916164,0.27668399700590435,0.08020868832341232,0.873677203463429,11.0579937292699
Pituitary,0,2,44.869384765625,34.13167295695065,490.76527067902646,0.21926165734960182,0.05028830374459988,0.7883685961736417,11.761191506759134
Pituitary,0,2,50.47576904296875,41.54453058176442,449.36987808745994,0.2759013985488028,0.078535167225772,0.8692862155139854,10.611094897972032
Pituitary,0,2,45.40533447265625,37.63762763543779,471.0836893900854,0.223806996422678,0.05459087843327017,0.8333602161342901,11.303048492816886
Pituitary,0,2,47.26190185546875,38.508820693285756,497.4776835882325,0.21894590686065518,0.05198013997314556,0.8318408498242799,11.596334872358428
Pituitary,0,2,46.17510986328125,36.972559148547084,438.51455065414655,0.22579860086902084,0.05324309357049999,0.8391138881609814,10.908589535930114
Pituitary,0,2,49.8790283203125,39.373549261880285,504.94124531613727,0.20663811903393448,0.046926806371985055,0.836588910459177,11.707515020499969
Pituitary,0,2,45.852294921875,35.87660138530259,425.19147672674535,0.21988635423249425,0.04877179862944825,0.8342522367355407,10.792441022382997
Pituitary,0,2,51.4920654296875,39.13162865088443,504.92953492162474,0.20267715598863187,0.04624656419479616,0.8344414932370459,12.17950489026106
Pituitary,0,2,52.570556640625,39.76335365913445,487.7754449962589,0.20003770715343142,0.045534014939963105,0.8450551523137744,12.020759143082124
Pituitary,0,2,54.07421875,40.5489279872241,492.2534410069376,0.19562927527860288,0.043267087028999694,0.8495531078858353,11.998087199300706
Pituitary,0,2,54.30279541015625,43.39813219399966,482.76004244592923,0.22084296528579855,0.07332989267152341,0.8711414935110398,12.384924742507224
Pituitary,0,2,39.1649169921875,40.03221389163202,454.3132587750191,0.37684157225444415,0.2370599096193856,0.8583084694495687,11.104383505643426
Pituitary,0,2,44.5113525390625,33.823276471626855,357.91965716356407,0.25313074943863234,0.0654759921972747,0.8426252901444571,10.07877394270491
Pituitary,0,2,52.55426025390625,41.79769111545109,485.4408417098669,0.222378092959492,0.07289715655773873,0.8602905664047602,12.368264994343907
Pituitary,0,2,52.5345458984375,39.139171978254744,445.836421270541,0.19416288081944427,0.04201268219869699,0.8535421719248665,11.732105093117557
Pituitary,0,2,52.65228271484375,36.4997391821556,591.7473487681995,0.1933364804066379,0.032320602042673625,0.7756994029318485,12.62120079709041
Pituitary,0,2,55.3856201171875,37.55705104581605,641.4756391583841,0.18844422284849915,0.0296439437304425,0.7701707022618702,13.093775793021777
Pituitary,0,2,54.731689453125,36.94041346744441,630.6601941524821,0.19334499334154184,0.033219438396417535,0.7660914803324165,13.138010217428
Pituitary,0,2,47.08941650390625,32.66652238706487,522.439829364082,0.2038047228697662,0.03726429962921021,0.7526530341556487,12.276693475263087
Pituitary,0,2,47.29132080078125,32.44443729802635,494.78373206360436,0.1855107565493051,0.03286946542125657,0.7622626310524705,12.363298324254039
Pituitary,0,2,49.4656982421875,32.9811391139936,485.41342990502596,0.2028553187549637,0.0359334080029163,0.7739865588632973,11.663312443813341
Pituitary,0,2,49.4656982421875,32.9811391139936,485.41342990502596,0.2028553187549637,0.0359334080029163,0.7739865588632973,11.663312443813341
Pituitary,0,2,58.43353271484375,43.249415481852225,520.0758094407332,0.27591114686780344,0.06985427633332969,0.8600319831992731,11.407044618777805
Pituitary,0,2,61.61962890625,46.015815687836906,649.8871427001503,0.19344723191655375,0.04474504929623892,0.8455263878589456,13.718226026297481
Pituitary,0,2,55.21356201171875,40.75941985350742,479.15306619680416,0.2893714112375372,0.07155056862321016,0.8548026701926688,10.763785097883646
Pituitary,0,2,55.44854736328125,41.736531078352684,557.2652798821813,0.23305904490298876,0.05396106271298253,0.8390845401815508,12.24373871404123
Pituitary,0,2,58.47821044921875,43.343272785096524,550.6759046448362,0.25622814255558135,0.05983631491949972,0.8524593723852882,11.774338802585023
Pituitary,0,2,54.36663818359375,41.063573613449364,509.2153809229992,0.2693578698851628,0.06643343491893529,0.8480963543585498,11.291077746219017
Pituitary,0,2,54.3544921875,40.35978113103751,463.0906110015792,0.2957491601649469,0.07292340937234129,0.856894420067522,10.547726290765997
Pituitary,0,2,48.04779052734375,35.867730831365364,609.3233426350292,0.20755279158954584,0.04077355898299677,0.761725513341095,12.49935154167313
Pituitary,0,2,45.513427734375,34.17552657342604,559.033948942957,0.19058419764790333,0.03622379722979525,0.7592568628223043,12.727734205469782
Pituitary,0,2,49.43048095703125,36.59114697874135,625.9241723952816,0.198945694848832,0.03930418167084844,0.7646759326825522,12.775999606688023
Pituitary,0,2,47.7691650390625,35.06552267199038,553.8500748603601,0.22681804832915675,0.045439496801105296,0.7731795217304793,11.604982799810376
Pituitary,0,2,52.12249755859375,40.007667681983726,568.3030212467289,0.21777407051948505,0.04272140638577476,0.8215013877069908,11.721267544098795
Pituitary,0,2,64.32208251953125,47.08085875794715,650.7412783263871,0.18721002101603684,0.04265165604857886,0.8522284394993087,13.816851875892944
Pituitary,0,2,51.054931640625,39.21589301216308,558.0778570190546,0.21163930903775316,0.043828111048047166,0.8175722490591846,11.955290281675587
Pituitary,0,2,51.55279541015625,40.291226772489395,609.452718003161,0.19837360645961605,0.042602030396865956,0.8113821464620252,12.906682184459592
Pituitary,0,2,51.2342529296875,40.02820884694468,601.7549459630834,0.19348406457976589,0.037518169243597216,0.811324927478992,12.677460581485084
Pituitary,0,2,50.821533203125,39.62934358824564,567.9506653388898,0.21568032414861749,0.04300902498313952,0.8182792856179989,11.700422182095517
Pituitary,0,2,63.72161865234375,36.692704611357975,548.8252611271399,0.13667673098381505,0.024422036635794515,0.7930583437904386,13.993946995707965
Pituitary,0,2,60.941162109375,35.342844470841996,510.4658295762406,0.1325942424003294,0.022580356719420075,0.7924512611973031,13.782745389710922
Pituitary,0,2,61.11590576171875,36.509541051991555,598.1539913549313,0.12144771047472278,0.02018063581277297,0.7727005784631304,15.331061529312375
Pituitary,0,2,59.727294921875,36.20062264910028,553.9837593582022,0.13409270093348902,0.02299636033354933,0.7859318438898621,14.187679461297929
Pituitary,0,2,59.48699951171875,35.27477522976925,515.0268999405721,0.14429957351428846,0.026046383725138123,0.7903005876908693,13.358858049748786
Pituitary,0,2,60.02960205078125,42.14727295295549,586.0350054880396,0.2529517482301365,0.057486725870178564,0.8336742632512166,12.25303958029911
Pituitary,0,2,49.03961181640625,40.788507564766725,521.0608188521705,0.24339099520072516,0.06275249917925785,0.8430402505079347,11.625963787085151
Pituitary,0,2,60.18243408203125,42.687775741846544,618.5314755981744,0.23370268029116842,0.04809074811395375,0.8290168033526587,12.647904807529745
Pituitary,0,2,57.9036865234375,41.83659474954516,616.0578004633239,0.21561110230887434,0.047793101882030384,0.8228371962041536,12.947016171377506
Pituitary,0,2,56.178955078125,39.82053958123811,541.6125442720161,0.2340715293520643,0.05287542068939122,0.8278700915421391,11.773700516152099
Pituitary,0,2,57.688720703125,41.214522559988175,560.507284045872,0.25038140764742745,0.053636557446659766,0.8337917934942716,11.587405885750332
Pituitary,0,2,59.48687744140625,43.75857838516516,626.8056076933099,0.25465253493645507,0.05398034457952502,0.8352788332444391,12.164471434412773
Pituitary,0,2,54.98809814453125,32.848648874155465,536.9820853548424,0.18531359229813293,0.03094741017357889,0.7473792193082139,12.244178043044602
Pituitary,0,2,51.3082275390625,31.389879761608295,516.4784596796205,0.1771955594629143,0.02894766773284633,0.734212215623534,12.298859125063082
Pituitary,0,2,51.36248779296875,31.18604998135853,488.8765412843727,0.19861369076006719,0.03361751424887425,0.7449235320044267,11.586180414549222
Pituitary,0,2,38.08819580078125,29.082767165667768,433.2867706751389,0.22842176871150854,0.04134078542498999,0.7426604900274256,10.204477135517466
Pituitary,0,2,36.51861572265625,28.085191360704133,416.2449312477079,0.21853109125838394,0.03930045334174365,0.7350236140128733,10.123339074803855
Pituitary,0,2,49.32476806640625,41.00835568700922,511.3976213265539,0.24807674230244323,0.06461208116489944,0.8475956504787628,11.333151853804956
Pituitary,0,2,39.9102783203125,30.300219110514597,500.51182797682594,0.19205375161767185,0.03316378761237187,0.7261656672929386,11.411117736298984
Pituitary,0,2,62.8463134765625,38.83074140560239,430.96816366292836,0.20445126899085717,0.03156292601717244,0.8553642311132741,11.144576539153999
Pituitary,0,2,62.919921875,38.92348932312783,430.1817970784756,0.20560965054502733,0.032561554053862615,0.8563487502197822,11.162468539781765
Pituitary,0,2,53.80950927734375,34.493546015197545,323.4138748043381,0.22637597677979224,0.03578124118009032,0.8626066083511041,9.629091523808672
Pituitary,0,2,59.18023681640625,44.23721370861563,556.6068194324507,0.23309919183439787,0.04420447908906146,0.8568923642246732,11.86328996876871
Pituitary,0,2,53.50067138671875,40.136409854814055,462.0576922052726,0.23746123074057496,0.051316102914849566,0.8557140155844654,11.053553212576182
Pituitary,0,2,60.2332763671875,45.271191042278886,601.5960484851357,0.20842010789273177,0.03956942466654386,0.8523254302882917,12.656004058103264
Pituitary,0,2,54.437255859375,41.56591525781301,482.19867915522184,0.23851273172199208,0.046830261755139733,0.8596768727255608,11.051392774661611
Pituitary,0,2,66.33331298828125,40.10445861973842,453.4569291678056,0.21012982545567607,0.03202443530888805,0.8570746482082201,11.669330694131169
Pituitary,0,2,64.013671875,38.88586072909193,468.0341666699388,0.19750448993555048,0.030918076968909677,0.8430635446132133,11.992495805305188
Pituitary,0,2,52.57659912109375,44.491334816856025,625.4560298027649,0.256588386930227,0.07965003743370298,0.8415886502981009,12.774405525375096
Pituitary,0,2,49.67913818359375,38.25332864830512,575.505685362999,0.2094333558666733,0.04003742456814768,0.8023063413086147,12.158859333344978
Pituitary,0,2,47.75836181640625,36.42978748447499,524.6688827675082,0.2126759900129666,0.03988341370059091,0.8011785594087046,11.67569551545476
Pituitary,0,2,50.6695556640625,36.88111953853688,637.5651382748681,0.21101652633805848,0.043327558586087556,0.7639190940069458,12.620543377806689
Pituitary,0,2,48.1204833984375,35.60127719411571,619.9465837447904,0.18877100927350027,0.036839088879433726,0.7538874249306137,13.139098731323752
Pituitary,0,2,49.04595947265625,36.13419540640527,629.4767562504486,0.2025354817866853,0.04259272852712741,0.7571422997477827,12.987343013749788
Pituitary,0,2,50.424560546875,36.80559772280111,626.3649481088617,0.2082162047452169,0.044035256726668526,0.7667723021534056,12.582444785984494
Pituitary,0,2,57.6510009765625,42.5019835414193,646.2012479221091,0.198158856897959,0.03990690400581359,0.8198769477409139,13.24597083959948
Pituitary,0,2,46.6148681640625,34.14774652029413,438.1785136148805,0.21680679235446243,0.047572399098387744,0.8107454837464518,11.256169012339079
Pituitary,0,2,44.20654296875,32.580252346041576,395.5878796054828,0.21518347186795372,0.05027321150067415,0.8123696143582785,10.860205462599403
Pituitary,0,2,56.01629638671875,41.027053949979134,623.1388495199611,0.20231195165118326,0.041207661161910145,0.813558276072508,13.07083586823575
Pituitary,0,2,53.92724609375,44.43015750953681,608.0117114844356,0.2548713748763526,0.07831703525340153,0.8454629657564715,12.545460864360678
Pituitary,0,2,48.9295654296875,41.75035723212877,533.7350831577231,0.28394958490181466,0.07697809058177806,0.8464738128834794,11.185046393531348
Pituitary,0,2,45.7974853515625,39.99923404448257,570.5487762968355,0.2599779522563574,0.06454194633149807,0.8213637456944112,11.83825075853399
Pituitary,0,2,45.01300048828125,39.4420422482148,616.2851265820468,0.22659745802643325,0.050938389621140154,0.8016146316546794,12.871373356029421
Pituitary,0,2,44.1385498046875,38.51820754838786,543.9084514888348,0.27503387841273974,0.07304379678084211,0.8163722832015012,11.284303748296058
Pituitary,0,2,45.11090087890625,39.294714072282055,531.0332289180747,0.28826498681456614,0.07330037355056981,0.8277210002436148,10.88856470681787
Pituitary,0,2,52.42669677734375,40.372715718528404,669.7512446041211,0.214124877456149,0.046990978092446414,0.7935115393038792,13.013636394461665
Pituitary,0,2,49.8111572265625,38.946549566971214,639.9518509701788,0.2074469065749275,0.044920303207175855,0.7881347482613954,12.917878777165232
Pituitary,0,2,44.63873291015625,35.80109188191684,590.5481864480037,0.19910723515608897,0.043297356669377784,0.7688561288124441,13.029583504481023
Pituitary,0,2,48.7142333984375,39.57346131410694,681.1024594432813,0.19826494639527056,0.043213797377586564,0.7820020917044905,13.53875770642318
Pituitary,0,2,44.93511962890625,37.24210312438451,434.7203913080176,0.26740055198373586,0.07513622567616021,0.842906234957197,10.647229224147008
Pituitary,0,2,52.13775634765625,42.22239448376402,540.7884835496862,0.25697388156747236,0.07757833778342023,0.8477012421414155,11.879879482416511
Pituitary,0,2,57.64306640625,42.21764305973307,497.44359054348286,0.20837481487484472,0.045773424277037275,0.8595757552912375,12.02798579034783
Pituitary,0,2,52.35504150390625,42.63902305211856,496.0593537359564,0.28717030624688933,0.08853728241812371,0.8628703880416995,11.754269289789915
Pituitary,0,2,51.77374267578125,41.81424307963085,494.4527933236174,0.2867825329579882,0.08702068750373222,0.8578430994460144,11.693484828377276
Pituitary,0,2,52.54693603515625,41.509839396643855,505.49913781083313,0.2819063655462634,0.08543787279212894,0.8524418260801263,11.880172893159582
Pituitary,0,2,54.59857177734375,42.06819705581149,541.7564078097516,0.27306624747142116,0.08123092159526542,0.8459095948191959,12.184241602859487
Pituitary,0,2,53.794921875,40.771403068781204,535.3314983153966,0.2726319361402699,0.08002236594837794,0.8377330425477838,11.98377522145781
Pituitary,0,2,53.55523681640625,39.4410594256883,511.2840441228261,0.2573399128455572,0.07514469896704462,0.8341709824374131,11.87633590892294
Pituitary,0,2,52.2261962890625,41.2678463085942,502.0502386278753,0.2568428853184016,0.06922080110772674,0.8520412195321045,11.359957341009615
Pituitary,0,2,55.9246826171875,44.43074943392916,589.709708517147,0.24331870249501783,0.0625737774667286,0.8501228103502212,12.348690998164644
Pituitary,0,2,47.44671630859375,37.649191736175325,417.40061961377916,0.2823455264399991,0.08286386241175041,0.8522415743196798,10.310693762013427
Pituitary,0,2,53.56085205078125,41.66884255179211,518.581570487417,0.25630082722035225,0.07536310499023463,0.8498321024472443,11.66649152439052
Pituitary,0,2,52.33819580078125,44.03538273573156,547.0283818888671,0.23184942600907726,0.061767186774208394,0.8586145591448181,12.225435478216273
Pituitary,0,2,53.15557861328125,44.41296408472624,562.3152209820818,0.22448263785628236,0.05909893931507742,0.8571642991281887,12.569551303166689
Pituitary,0,2,53.57720947265625,44.62331377707545,561.6534092561128,0.2217654036819442,0.05620145297731211,0.8586782507237112,12.420281766346315
Pituitary,0,2,55.7786865234375,45.61970854197193,565.1157048252356,0.22022303028252743,0.0576383794492431,0.8638618213166409,12.34627723161848
Pituitary,0,2,56.2269287109375,45.08131506737467,550.5020493947925,0.21641469726181253,0.05295015907231164,0.8641192283622504,12.13233853811601
Pituitary,0,2,46.61505126953125,38.53437766759464,442.7250933877326,0.2348187051458728,0.05880687949420106,0.8505334339817885,10.520162149700301
Pituitary,0,2,52.02490234375,42.884930917458064,544.4585639367244,0.2203249186488947,0.05407136818827468,0.8516295022899794,11.67260749756004
Pituitary,0,2,50.52667236328125,41.79330179248643,503.6256207278607,0.22316501289655663,0.053697891949060904,0.8555130750634701,11.082481477464096
Pituitary,0,2,50.0423583984375,35.85586397169516,335.4315047575652,0.17855816515157757,0.036948169010465146,0.8685632367404581,10.739882960235487
Pituitary,0,2,53.03643798828125,36.957765339033166,352.8277165499927,0.17781541658053956,0.03747963885153659,0.869784826480911,11.040038396483942
Pituitary,0,2,47.6600341796875,41.70181830332485,551.1988076359673,0.2773964744336209,0.08609873246670854,0.8411588230246458,12.039969130720937
Pituitary,0,2,54.91046142578125,37.597485305546144,374.0543653900093,0.16517838083857928,0.032408209730270386,0.8664937598784359,11.46152407929903
Pituitary,0,2,59.1497802734375,39.99967989923874,424.9865577192444,0.15808089720898655,0.030686168718396543,0.8659318001864261,12.15473087586902
Pituitary,0,2,51.73138427734375,35.07200393960453,325.69262094385886,0.1739052693014685,0.03355784740973258,0.8663088944151538,10.712305983206432
Pituitary,0,2,53.64105224609375,46.265752984099876,630.2384391566525,0.26602005060923106,0.08445169887228117,0.8523513538036204,13.031772883859936
Pituitary,0,2,53.9993896484375,46.044860191101634,643.5325326276527,0.26460039773295857,0.08344170700960972,0.8477530849735735,13.10667266647203
Pituitary,0,2,45.52996826171875,38.64745068793965,464.1755158120207,0.28921621670067266,0.08655934347709555,0.8441221747995916,11.047545134153927
Pituitary,0,2,48.850830078125,40.950726504716556,508.62953787632216,0.27121250726972634,0.08179031544409326,0.8478271303890947,11.683954610097999
Pituitary,0,2,54.999755859375,45.390408507863285,604.078472539836,0.25725333402504813,0.07783262314950595,0.8528211017595355,12.838107262153612
Pituitary,0,2,55.6456298828125,40.81509052057654,610.924589079714,0.20571096108436024,0.04704869708661739,0.8155358790492191,13.106699912620023
Pituitary,0,2,59.06622314453125,42.414584971489724,616.8723250337864,0.19384010614457023,0.04339099210190135,0.8273158130420112,13.354675826540658
Pituitary,0,2,44.98785400390625,44.24879899317111,520.8450599948835,0.3702022706317357,0.236090415753443,0.8669121395176229,11.797386743212524
Pituitary,0,2,52.43048095703125,45.032151883243124,648.6532346385924,0.26142793647885537,0.08117241056005653,0.8396487615761421,12.981409044851048
Pituitary,0,2,46.50433349609375,32.86379147047038,382.58852939584125,0.23947550613486202,0.05804241931735756,0.8216254155937439,10.260559396119543
Pituitary,0,2,42.2967529296875,36.31325400200796,437.05852472647143,0.24057078287924,0.06526534607019599,0.8340713053623524,10.833719542440164
Pituitary,0,2,46.50482177734375,39.164232852867016,511.21850405816224,0.22244055200825133,0.0587652838341997,0.8329994298455061,11.82039956658171
Pituitary,0,2,44.84124755859375,37.202342498940055,460.0297136805726,0.2237350266940753,0.058369522107222724,0.8333937771706164,11.257544518996468
Pituitary,0,2,55.32379150390625,42.395640545752514,471.7196940488143,0.22500931117121264,0.07706345067968402,0.8679242705402004,12.114158697068682
Pituitary,0,2,59.32928466796875,43.67217443799424,492.2664094469383,0.21964265720319687,0.07466254766957282,0.8699200680624025,12.362151200866297
Pituitary,0,2,60.77423095703125,45.04285874091564,563.3462396925463,0.20507160564723198,0.07224459662755583,0.8601450031233067,13.366600194139421
Pituitary,0,2,61.526123046875,44.14401315767005,508.72710391129397,0.20788865056387543,0.07185591385707424,0.8683482941196399,12.541600993359594
Pituitary,0,2,49.0611572265625,40.854804297753056,501.2949025000182,0.2703098163479405,0.07870680662470748,0.8493253691618674,11.347710379015663
Pituitary,0,2,53.26751708984375,43.82808772878541,588.0430737385657,0.2389664881324534,0.07318255755048286,0.8463493800755134,12.558582488260223
Pituitary,0,2,50.976318359375,43.587690559164294,641.4874025920799,0.26099586737363056,0.07980904998968087,0.8307304226875951,13.026110044409254
Pituitary,0,2,58.48651123046875,46.6935060737502,662.9242376649701,0.23314284044052802,0.07122480911456967,0.8472702812760015,13.236203156001741
Pituitary,0,2,56.783203125,45.57237435968256,650.8557894069797,0.23208694317124018,0.07247820764525037,0.8426113488762251,13.239849417200514
Pituitary,0,2,56.623046875,45.033304690434974,627.7652734642224,0.24350336525276894,0.07358087096961437,0.8444663366094691,12.951178414077166
Pituitary,0,2,55.58709716796875,44.592657572697235,609.6141629354402,0.23994630486876592,0.07295702901776607,0.8458669960241971,12.859226659861145
Pituitary,0,2,54.46417236328125,43.72396614448287,570.8565011974442,0.23320964299428693,0.07154648432561572,0.8498312844251268,12.560951450029323
Pituitary,0,2,58.532958984375,43.67546818440787,598.5001235159405,0.2167174035853448,0.07148803315540561,0.8420489451582726,13.356077126218251
Pituitary,0,2,56.28387451171875,40.84012505107419,492.86442994766065,0.22992437100638713,0.0721771244755163,0.8510842467809735,12.119760747335286
Pituitary,0,2,54.5838623046875,39.8188852969736,483.22403902234663,0.22617239797826996,0.07149013237047142,0.8464913927885167,11.998512602495229
Pituitary,0,2,58.3133544921875,41.62120005854935,521.694480342138,0.22618056765829564,0.07115087680417155,0.8481683603295672,12.433949766338204
Pituitary,0,2,49.9443359375,35.15379265229103,375.3822121160199,0.23639738985929737,0.07055937994650166,0.8467712370618586,10.634218159062119
Pituitary,0,2,54.23602294921875,45.63826881866903,664.8736654232059,0.253464902232025,0.07778358517598541,0.8399148457604335,13.350089633774719
Pituitary,0,2,48.38818359375,40.67521622394564,433.7574368664877,0.2497487777886449,0.06710467473427735,0.8685933371152628,10.877997802871736
Pituitary,0,2,52.0970458984375,43.30730523347977,537.8401715515041,0.23482274592885158,0.06013043991201407,0.85626714831935,11.878032799035669
Pituitary,0,2,51.82708740234375,43.020708031078364,526.1249870430062,0.2336240524885536,0.059691389522059386,0.8574817061034988,11.622649928894907
Pituitary,0,2,48.02374267578125,39.46711676718041,435.62304069925233,0.24228543066358454,0.05916221673041008,0.8597376217479027,10.545038730703434
Pituitary,0,2,50.138427734375,40.594943843932626,466.3739238377403,0.23692072927262442,0.05744623065549793,0.8579998754253875,10.908780258967871
Pituitary,0,2,42.03204345703125,35.040526705389006,338.64702893471474,0.2672076780518769,0.06834703065188515,0.8617208358348917,9.260532271065248
Pituitary,0,2,53.1097412109375,42.08705394996108,554.5303855100595,0.21911849427091423,0.05426352953096415,0.8429266817506194,12.467396290262755
Pituitary,0,2,52.0377197265625,40.72837260479147,538.5372993715323,0.22256630529515592,0.05463334985412555,0.8371036053427485,12.100717263935797
Pituitary,0,2,46.33624267578125,35.68923984571999,424.7045262997176,0.2500549044839528,0.06478467866025853,0.832635744195252,10.65423451159495
Pituitary,0,2,48.30242919921875,36.61846049975925,443.7690460264172,0.2375400921523798,0.05788766671218869,0.833821100535159,10.944680026079736
Pituitary,0,2,49.04052734375,39.07611878990602,522.7764889475607,0.27507497072920895,0.08428183371766403,0.8278862715960578,11.738985169377703
Pituitary,0,2,45.91943359375,34.4910520165801,398.6525632934458,0.24305164794878503,0.05853751630432193,0.8317099657097158,10.293879497916109
Pituitary,0,2,52.473388671875,38.960476452822874,506.26801309467135,0.22469278729759798,0.05135704666989038,0.8324606048465442,11.585418854432566
Pituitary,0,2,52.69140625,44.31717991832384,534.0322573809904,0.2406945967659312,0.06525312630551165,0.8637148509792627,12.164443098418849
Pituitary,0,2,51.53948974609375,43.09068667880077,529.7995917437809,0.2379793929917627,0.06302950345697986,0.8569595761529978,12.077943237919087
Pituitary,0,2,51.94927978515625,42.48865086540346,490.78115736315306,0.230699792337127,0.05795804658158655,0.8636271952663991,11.562822957678422
Pituitary,0,2,34.86199951171875,39.12970233455674,426.8503138999131,0.41220053495806047,0.20935253704562448,0.8610938902544756,9.855352378674993
Pituitary,0,2,36.73980712890625,40.68764685747676,460.72875635993273,0.3987624454325767,0.20627553788255576,0.8613137172791028,10.204956788821363
Pituitary,0,2,37.81494140625,41.22114647123266,488.9273375500692,0.39044405326872017,0.20395252324248542,0.8565825039245252,10.529415910395922
Pituitary,0,2,35.17095947265625,38.05916939332085,409.02856607281433,0.3957831460583719,0.20373537765989402,0.859236516850746,9.626753198820028
Pituitary,0,2,34.6734619140625,36.886927875247956,363.5882551179606,0.40041808154122843,0.20312795114715515,0.8667440230307839,8.892468413844016
Pituitary,0,2,45.97344970703125,36.299406870153014,446.6081670874703,0.28873802302620466,0.08559270044896858,0.8295585199850762,10.843641863065917
Pituitary,0,2,52.4925537109375,44.550311909485735,611.7531738736158,0.23310511196183703,0.06113668875786882,0.845592030522595,12.509288635766307
Pituitary,0,2,48.76983642578125,40.84148527843514,532.2755484105347,0.251021916957963,0.06762444323569435,0.8401489320777406,11.535457774041792
Pituitary,0,2,48.7802734375,40.61850382584558,550.4665950113811,0.24274953122257512,0.06399914069523763,0.8328445339238276,11.897578943596775
Pituitary,0,2,50.62664794921875,48.9992571127527,710.1063170135353,0.2910491615330588,0.08897713038327604,0.8519680741372047,12.837676288635867
Pituitary,0,2,32.44354248046875,45.493119125245755,506.420580505325,0.5011042137475464,0.2999610577803308,0.8783994066750739,10.210711054236372
Pituitary,0,2,29.41339111328125,41.15138922124308,430.0354367037592,0.5193762353683866,0.3047319932349728,0.873801149443695,8.899375251876823
Pituitary,0,2,27.02081298828125,36.925799145084355,359.66197338649897,0.5392356910150436,0.3134898072859201,0.8688759542811921,7.769671961219792
Pituitary,0,2,29.05291748046875,38.56778219285388,379.8863174445689,0.5370933161905055,0.31105617653361345,0.8729927986546568,7.860139103091818
Pituitary,0,2,39.47283935546875,43.860542485291674,577.495862702774,0.3369482857151399,0.11333966528938742,0.8502439705024933,11.422091031684056
Pituitary,0,2,40.864013671875,45.27616742636379,638.4020090463287,0.33021339336880784,0.10848493141083812,0.8446320326657484,11.752326457779917
Pituitary,0,2,51.55316162109375,40.04819613522927,531.2446079267729,0.2655849827728634,0.08062285940205806,0.8333524965358419,11.937263140152501
Pituitary,0,2,38.12640380859375,41.37553490622679,558.8550175538815,0.3481288380292864,0.11493425052009458,0.8370649215825825,10.77197710645586
Pituitary,0,2,41.41851806640625,44.41537090037564,647.6094980316135,0.3290949079621485,0.10775513118271386,0.8361052433058956,11.827934640246214
Pituitary,0,2,43.71240234375,45.77908273976631,680.2268570007158,0.3074642722899714,0.09926190506996946,0.8378664907315577,12.404432136991366
Pituitary,0,2,35.4659423828125,44.38399652685525,423.51220821199365,0.48733721628859217,0.2615918670611023,0.8929845805666146,9.194917249210933
Pituitary,0,2,36.8009033203125,44.61121284704119,387.4998968279856,0.4934792220633517,0.26404013132549153,0.9030279219683705,8.676057102115491
Pituitary,0,2,36.38067626953125,43.09468244925393,356.5214820742732,0.49068360313453996,0.2638923822375814,0.9043522583489856,8.226493476425654
Pituitary,0,2,36.63385009765625,43.554789424443406,468.19961182118186,0.45018044452800804,0.25700509529460547,0.8770390825130925,9.802288628016262
Pituitary,0,2,38.39276123046875,44.76185874037387,508.2405362624139,0.4485671078970558,0.255826493820406,0.8735798293629634,9.865616184358915
Pituitary,0,2,39.7030029296875,45.541850074079264,494.1520502182485,0.4627097540363486,0.2557926598908245,0.8812223771350006,9.444281263563955
Pituitary,0,2,40.72637939453125,45.57412775395481,462.1924883459902,0.4615095675328999,0.25659729796706543,0.8890064725280693,9.080098347697973
Pituitary,0,2,52.4700927734375,43.631590141687184,618.9614189697968,0.23195194478247927,0.06070246223225019,0.837096569552305,12.958723659636428
Pituitary,0,2,40.26507568359375,41.500518998768236,398.4968743219301,0.41421577975061175,0.25976280460167755,0.8844099106802302,9.875911837762313
Pituitary,0,2,47.3389892578125,47.03801423900368,477.147860971573,0.39750261511612633,0.25914179601796555,0.8921689034137581,10.786330740631552
Pituitary,0,2,45.25885009765625,43.573395797596206,388.1460954211458,0.3991658050006734,0.2596617671834235,0.8976988966626592,9.754063308908865
Pituitary,0,2,49.33660888671875,48.22467015083256,650.895863768404,0.2866868960238832,0.08951880953867111,0.8599544657188098,12.578300101914781
Pituitary,0,2,28.65252685546875,39.18221564265778,413.7737915788912,0.5688123070588545,0.2866952981340996,0.866024385907027,7.565512091962556
Pituitary,0,2,53.828369140625,43.328413336090556,547.4076045574594,0.24552992357198153,0.061197462289934196,0.8536084920297652,12.114886471961793
Pituitary,0,2,53.828369140625,43.328413336090556,547.4076045574594,0.24552992357198153,0.061197462289934196,0.8536084920297652,12.114886471961793
Pituitary,0,2,53.828369140625,43.328413336090556,547.4076045574594,0.24552992357198153,0.061197462289934196,0.8536084920297652,12.114886471961793
Pituitary,0,2,53.828369140625,43.328413336090556,547.4076045574594,0.24552992357198153,0.061197462289934196,0.8536084920297652,12.114886471961793
Pituitary,0,2,45.58599853515625,50.69368100370179,561.1609696384575,0.3706235674743892,0.16464450159167174,0.8911923004619193,11.167567807793803
Pituitary,0,2,49.3095703125,40.254982479983845,512.2101973735791,0.23651310511361012,0.06100745754647752,0.8415311136104942,11.66730370179614
Pituitary,0,2,43.459716796875,47.93641355432263,560.2576759060829,0.3727909748940184,0.163687103942378,0.8784917819967835,11.056598605386561
Pituitary,0,2,56.0555419921875,43.65122740937437,503.5382704242613,0.23341043787471003,0.06393985461232922,0.8667840594329312,12.516836061017322
Pituitary,0,2,52.7183837890625,40.87288900470564,447.886843234675,0.24276718953586093,0.06376988191963848,0.8648135666186296,11.618162306638316
Pituitary,0,2,61.91339111328125,42.54145790861645,541.7253436890272,0.228931637276542,0.03783684125256753,0.848868888967223,11.707091918091278
Pituitary,0,2,60.58746337890625,42.554691562570106,562.5419884941944,0.19418023947710522,0.031402033235105334,0.8433009433819552,12.40268438740137
Pituitary,0,2,59.38507080078125,42.81466092025799,583.0588779576683,0.19920335824848093,0.03200086636156439,0.8397677975591303,12.482637422307436
Pituitary,0,2,63.3145751953125,44.080634482636555,600.2377085965787,0.1913635030050229,0.03189353621345614,0.844136140285178,12.829974952920104
Pituitary,0,2,51.62823486328125,36.73669157624672,425.61320132800813,0.2532638442473328,0.04537107326357839,0.8410008625419407,10.217950053088472
Pituitary,0,2,57.65765380859375,44.83823380449238,721.1393713139796,0.23896354310482035,0.047261689630597806,0.8198658942063203,12.88311802014366
Pituitary,0,2,57.65765380859375,44.83823380449238,721.1393713139796,0.23896354310482035,0.047261689630597806,0.8198658942063203,12.88311802014366
Pituitary,0,2,52.70025634765625,42.17634470492507,531.8610841206666,0.2328932381576267,0.05835536989974526,0.8500258686415401,11.730154389997502
Pituitary,0,2,57.65765380859375,44.83823380449238,721.1393713139796,0.23896354310482035,0.047261689630597806,0.8198658942063203,12.88311802014366
Pituitary,0,2,52.73895263671875,40.464374839228554,571.5825566768887,0.22329906220400852,0.044047078861925264,0.8246624150240572,11.791982439434726
Pituitary,0,2,53.7041015625,41.01914976251562,594.0987875101346,0.25312843760512105,0.049838385419597044,0.8226145138101776,11.471213778366053
Pituitary,0,2,52.4129638671875,40.63404187724743,597.832066246223,0.2666307457424404,0.05253638503556521,0.8181820269201419,11.456588651459551
Pituitary,0,2,50.30267333984375,43.92275604641208,505.5810494199733,0.3359249636725989,0.11182376065096494,0.8688067252197214,10.965386251086187
Pituitary,0,2,40.76812744140625,35.678056465338955,338.6980397789238,0.3659800209682092,0.13215543677048286,0.8667905158102166,8.93892576066467
Pituitary,0,2,41.7030029296875,36.3437657965087,350.6591062440275,0.3749110474405842,0.12702755341612004,0.8670651630204914,8.893975549670522
Pituitary,0,2,43.15313720703125,38.79064367587616,414.2987661249203,0.38039450988122947,0.12352092813322599,0.8622620184124625,9.474289202485481
Pituitary,0,2,56.57659912109375,39.73827942078831,720.1860710909674,0.16484823854332142,0.029448065529343266,0.7702697517123304,14.57613251945412
Pituitary,0,2,50.8240966796875,38.06804070425697,696.0339347749679,0.21102979236164832,0.04192358837863239,0.7583537194046239,13.010987947758366
Pituitary,0,2,50.52093505859375,43.67236053178983,623.1796435429688,0.23580511725933107,0.06177000243545222,0.8364356382940066,12.521182366585087
Pituitary,0,2,47.88824462890625,36.564281453592116,657.8087286487716,0.21672763280863547,0.044271882831099896,0.7526737326947543,12.611963505178231
Pituitary,0,2,51.48590087890625,39.365283355218715,800.7874247038399,0.1990773936468201,0.04100149173973493,0.740256162650384,13.985039684924587
Pituitary,0,2,49.8475341796875,40.16135754572826,541.3804973040159,0.3010242990294018,0.07517988306633623,0.8315732912311475,10.808655386842924
Pituitary,0,2,52.12860107421875,41.95602733613033,613.9775075175801,0.24379864190079698,0.05964555648027543,0.8250091150696559,12.316044421152583
Pituitary,0,2,51.6824951171875,41.46411959859862,594.3488771196876,0.27506566784778,0.06927195813678233,0.8265066416771387,11.459488973666442
Pituitary,0,2,53.3804931640625,40.7953654373023,582.631125660756,0.22239480204504208,0.04786631911890026,0.8241560204479937,12.203661688574696
Pituitary,0,2,53.1015625,40.93491836444659,558.4300165124391,0.24918597836468065,0.05447456169767775,0.8326106229196282,11.612879823417096
Pituitary,0,2,29.1307373046875,30.525032112866615,276.7298795066597,0.4118266021163259,0.2582850166697205,0.8516528795800677,8.23320959141978
Pituitary,0,2,37.3778076171875,38.06148283069884,428.9427256901872,0.38182001099957985,0.2548930983828232,0.8520026186360896,10.260172379720803
Pituitary,0,2,43.80401611328125,50.70293341627647,514.4146551340987,0.44966284300819337,0.2548081465612474,0.9002568060066779,10.491792249211263
Pituitary,0,2,50.08917236328125,48.03161388676182,587.8294168308015,0.2888233103874942,0.09198402576306282,0.8724363249785235,12.519591312621813
Pituitary,0,2,38.55804443359375,33.08938865536679,362.6619336676534,0.2940134897489811,0.08937961111826073,0.8342137066344835,9.558940805382454
Pituitary,0,2,44.29803466796875,51.137004875352694,533.8298220113111,0.4500433670698061,0.2554853326626874,0.8982371392470871,10.550728695209193
Pituitary,0,2,44.393798828125,51.1919242748261,489.84232956756296,0.4543789466195856,0.2588978268543757,0.9068203848705194,9.904257761642084
Pituitary,0,2,43.70263671875,50.17640466239674,465.0720395425998,0.45833299531150906,0.25940342667999106,0.9079075405957562,9.603405066186605
Pituitary,0,2,40.28466796875,42.91076649443302,552.9955926631607,0.28774763216368593,0.0858073966961379,0.850043522985421,11.260933818744496
Pituitary,0,2,37.93914794921875,39.48059403464817,475.67059431001434,0.29696879968820244,0.08993429550054338,0.8475406765414071,10.465029750373544
Pituitary,0,2,43.459716796875,44.50334337552049,620.7832090587145,0.28288910549698876,0.08586912651584679,0.8433474076730423,11.933055608300632
Pituitary,0,2,40.06787109375,41.43265706238267,528.7716404652413,0.3219152507106454,0.10223906688935955,0.8460901588983794,10.782341783435195
Pituitary,0,2,39.64703369140625,40.28843288653663,491.94267967448826,0.33819297322909675,0.10768998926037493,0.8484972358559522,10.018272599046341
Pituitary,0,2,25.1278076171875,30.774706207632818,211.04453619065458,0.5163271786963293,0.2502387772512783,0.889033632086057,6.398866414920865
Pituitary,0,2,30.44793701171875,36.77758384171415,283.04179704456607,0.49120920729992906,0.2402362285881589,0.8957720211484227,7.334669403714555
Pituitary,0,2,45.29229736328125,39.058374147678144,471.7274028923596,0.2610864284495096,0.0713985296913433,0.845226211284321,10.646647004232584
Pituitary,0,2,28.02630615234375,33.59573546281031,233.88376817381112,0.5082548555858272,0.24411595978943917,0.896774321134862,6.582342703748524
Pituitary,0,2,25.897216796875,30.104319877080645,189.25187380845205,0.5293514574329836,0.26604760118733906,0.8959156423276335,5.859613312977091
Pituitary,0,2,36.03485107421875,40.61404682573237,335.3956840648531,0.4767632653617583,0.23680217699979073,0.8985926192244029,7.817657877504082
Pituitary,0,2,33.8743896484375,37.469062347120364,286.8848790901057,0.48236025098569224,0.23148766699124323,0.8980476316471915,7.06725560326192
Pituitary,0,2,48.41363525390625,40.82834310501646,506.42741069081865,0.24228145660501238,0.07262827292503543,0.8473762717103649,12.334165168331715
Pituitary,0,2,46.48065185546875,38.97890419610319,460.2268135278978,0.2523212362605625,0.07359650401908568,0.8477964373976468,11.484864583011586
Pituitary,0,2,39.37603759765625,33.43185575205077,337.14516905208797,0.28493516356141096,0.08031824060530396,0.8484727510338337,9.694507103858681
Pituitary,0,2,45.00140380859375,43.61114472047372,509.07100975927733,0.31354480173983024,0.09674608466840587,0.8660386141254781,10.952441787697383
Pituitary,0,2,46.70782470703125,45.24286294829644,522.849512620973,0.3149139509972974,0.09905774846820473,0.8721567993171714,10.983528795183911
Pituitary,0,2,44.21295166015625,43.458834416001864,489.8757519937594,0.3206880061825156,0.09882989314958368,0.8702331486545247,10.633356454214166
Pituitary,0,2,45.12664794921875,42.001197583885066,462.5470593051119,0.36387654436421774,0.11812299152365258,0.8687894073990889,10.39066835165024
Pituitary,0,2,42.15582275390625,41.94349952465619,472.5620922765937,0.3233360643075322,0.09913752364338425,0.865652949256853,10.415438248846444
Pituitary,0,2,45.18963623046875,44.807141388932074,524.8771864731967,0.3123621456028987,0.09701110157694567,0.8692331167610868,10.847204569410446
Pituitary,0,2,39.28350830078125,38.19857790547208,355.1653739479747,0.370906198207621,0.12146582229884774,0.8781869108057112,8.638447245645244
Pituitary,0,2,43.2115478515625,49.32369316532813,671.9106929387092,0.4339177037179369,0.2508456744676043,0.8622953342544373,11.891074985277124
Pituitary,0,2,39.59320068359375,45.34267562217618,603.5319525874517,0.44552403588672324,0.254048605880594,0.8536458183191344,11.021651121428981
Pituitary,0,2,40.67266845703125,45.79365067823141,574.1607907826182,0.4603953437602756,0.2554678933331031,0.8634514557968032,10.210682476053965
Pituitary,0,2,41.35321044921875,45.88186534008392,595.3633553596186,0.43882467846572115,0.2553535524656291,0.8589109309973346,10.538511280148942
Pituitary,0,2,33.9530029296875,36.90323982572204,381.65117446645564,0.47815993786068967,0.2612046497747369,0.8601301219382478,8.181228057769399
Pituitary,0,2,33.67108154296875,37.265826829277756,444.88098373858065,0.4579411796738647,0.25865580938922844,0.8401785431357812,8.88412467450021
Pituitary,0,2,40.13751220703125,49.35870675653966,655.0792705493078,0.45908633508391933,0.2572647204885157,0.8661193929900447,11.518550630853484
Pituitary,0,2,54.16851806640625,49.43885292279192,687.132646359144,0.31736906562025413,0.09573659906399584,0.8592781945993893,12.722820937831086
Pituitary,0,2,39.57159423828125,47.921836803532685,600.397318349447,0.4620194104746257,0.25931658231539473,0.8697927142984012,10.941139358843177
Pituitary,0,2,40.821533203125,48.2622207664893,570.2032974379586,0.45378436538600575,0.25697246159004633,0.8780259238330624,10.500810118809554
Pituitary,0,2,36.32257080078125,42.66954936142857,460.9202828562677,0.4805520941906165,0.2624786092031831,0.8738485955098219,8.99113713071307
Pituitary,0,2,39.33575439453125,46.906767890860074,600.8122636246328,0.47014329505283226,0.25880534911211983,0.8639653070382626,9.925167061273152
Pituitary,0,2,45.858154296875,42.484027581234194,565.1851746321413,0.30842872908664853,0.09109298927333537,0.8430766419364498,11.442764803499688
Pituitary,0,2,50.0882568359375,46.000318695699384,634.6120235678844,0.2943155437399191,0.087343232456566,0.8496687332752688,11.993161095698653
Pituitary,0,2,47.06976318359375,42.21017421682385,542.4684207454998,0.30554223268625275,0.08762571331411359,0.8472707951408387,11.109128815915085
Pituitary,0,2,36.3560791015625,44.16266086752465,471.991396514124,0.4734430020577258,0.2593109472257953,0.8794747783029686,9.393316435071753
Pituitary,0,2,35.411865234375,41.598831874438204,426.65649243023944,0.481110061536903,0.26028306825470643,0.8771359154544153,8.730319077826856
Pituitary,0,2,40.4324951171875,47.12065535266073,594.0985651816045,0.45585565570007486,0.2577944001537904,0.8666446428830485,10.046584616608186
Pituitary,0,2,49.29266357421875,43.807395163163314,540.371234945663,0.33168447294461884,0.09813103191506893,0.8589598740116003,11.272242544486302
Pituitary,0,2,37.24041748046875,43.33150427141165,555.2809295853826,0.4640662696575554,0.2563821005976735,0.8526021284395593,9.448239826168457
Pituitary,0,2,47.6329345703125,49.283979883189005,706.2914134189054,0.28639374853315264,0.08621522016643435,0.854706753942697,13.096729396586172
Pituitary,0,2,44.79681396484375,45.71807620942275,637.1896038871345,0.2992510601451297,0.09392443135642028,0.8476259739085907,12.342784638696294
Pituitary,0,2,43.55023193359375,43.21300792471273,612.981563197605,0.3001713360788635,0.09097447600352697,0.8358093642253387,12.003929015672384
Pituitary,0,2,37.5390625,36.90696525688148,476.8766371908371,0.31981970036331214,0.0947499796288665,0.8248428152925935,10.302285963948083
Pituitary,0,2,39.39215087890625,39.016539704594564,536.2240204949894,0.32270106181532365,0.09326462091854062,0.8238028395414603,10.708132963142175
Pituitary,0,2,39.44683837890625,38.71000779047865,500.38903334062934,0.3290350849049676,0.09569689994345215,0.8329242026686055,10.178878834321264
Pituitary,0,2,41.092529296875,40.19275435675372,517.8943791560143,0.32085954071764605,0.0938230020706135,0.8395892624025187,10.49200440588501
Pituitary,0,2,40.99224853515625,39.16074365641422,483.6981100134639,0.33182986060791325,0.09681615710420394,0.8420793774088253,9.865991333546182
Pituitary,0,2,40.85235595703125,38.67387924814185,473.6228750426759,0.339966625911085,0.09917329869900304,0.8414073539296199,9.563714814930512
Pituitary,0,2,51.1976318359375,44.121099157615895,560.7773984845527,0.318096288150763,0.08995115430374925,0.8555995982255723,11.613247343683451
Pituitary,0,2,45.51751708984375,46.502368479532855,546.2490105410809,0.2810943188664302,0.08575381577832072,0.8737502556570411,11.617947849178826
Pituitary,0,2,46.0850830078125,46.39758796623922,589.1962529160301,0.2984414476707389,0.0882339457330367,0.8631541288686212,11.282997870684637
Pituitary,0,2,47.39581298828125,47.45859250429225,597.7176659666674,0.29189133686197766,0.08665636692649038,0.8672922790654798,11.314574097899614
Pituitary,0,2,39.49554443359375,44.48017196371171,511.0449479102956,0.4412101299088781,0.2563622457281368,0.8711744899839179,9.911508627706226
Pituitary,0,2,39.8438720703125,43.85509880791952,511.7018537553505,0.4341308257484501,0.2546953398222307,0.8672442562260912,9.832310734935357
Pituitary,0,2,42.151611328125,46.15616364816428,602.3004882026344,0.42304763781711496,0.2540004871902145,0.8589154965804067,10.57009065580787
Pituitary,0,2,41.988037109375,45.691091935735926,618.2425539305101,0.42207820891577613,0.25237078322730067,0.8521981108883856,10.446763690403655
Pituitary,0,2,41.5367431640625,44.59098507259716,399.92137609281343,0.4343360803282217,0.25862495079163783,0.8995909643463817,9.999752726069222
Pituitary,0,2,42.47955322265625,46.04102860848934,422.7643523022147,0.43863861825458533,0.2600243189306994,0.9004548590923156,10.181492527049077
Pituitary,0,2,35.3924560546875,38.81433868333746,297.16185011280345,0.46096084472512067,0.2625314917584096,0.9015742010558405,8.235209579795011
Pituitary,0,2,47.543701171875,41.18577112945549,503.9858298232869,0.2848935973305201,0.08555607485145222,0.8510407189998498,11.273455179724122
Pituitary,0,2,45.20123291015625,47.93866850905789,432.4707802619421,0.443495372948597,0.2575991422884052,0.9060257958940117,9.674178207732782
Pituitary,0,2,49.48468017578125,50.78216955581135,487.7170776920435,0.43874044113102256,0.25062430222262594,0.9054832264374844,10.210588749303803
Pituitary,0,2,47.54443359375,49.33858158761378,506.0099381840097,0.4541602496479319,0.2476860632430175,0.8961445346022665,9.90804751922115
Pituitary,0,2,44.65966796875,46.445645833403404,408.7652418586618,0.47055873580758817,0.24346997554217864,0.9053317545624278,8.950217048872524
Pituitary,0,2,49.99822998046875,41.74676387733919,596.3370895883181,0.26674446386173717,0.0826112981797252,0.8279297517525862,13.151245185304376
Pituitary,0,2,46.470458984375,38.213305218049,490.7658491450312,0.2795864360896786,0.08710712475691854,0.8308941867759172,11.823993394081699
Pituitary,0,2,48.38330078125,39.33341901003402,507.60436873222847,0.2782030252953822,0.0835045804172515,0.8348423512793501,11.893684076431818
Pituitary,0,2,43.044921875,35.37714711065901,402.58723744404284,0.2988117221192469,0.09075057954385052,0.8381472339534004,10.465522724015017
Pituitary,0,2,45.20703125,42.59647952294912,585.8487078303102,0.28542629917893014,0.0786247132870224,0.8382711572547228,11.985854526398061
Pituitary,0,2,44.3209228515625,41.76446508312533,509.6741968562749,0.29781896294432353,0.08330095421380045,0.8536388727283376,11.115365277606877
Pituitary,0,2,53.43804931640625,45.81100456933754,609.3483372826976,0.2741231667473348,0.08117951891278478,0.8544278258944981,12.328691962073007
Pituitary,0,2,39.41558837890625,37.01055696455623,392.5291628239969,0.32342158024136636,0.0896453919637967,0.8564480566637155,9.605721836444587
Pituitary,0,2,38.9039306640625,43.85778908313571,515.3963832616039,0.44060437892992566,0.26690177588972896,0.8663692066449303,10.416953497971065
Pituitary,0,2,38.521484375,43.30199781746947,522.4866670671711,0.4367687915632106,0.2679470857415179,0.8610226863390221,10.34672576376556
Pituitary,0,2,41.43365478515625,45.2690833774653,536.7140871548213,0.4413148716022296,0.26743736683496794,0.8692987809610979,10.229899850426202
Pituitary,0,2,36.2734375,39.88477131575605,454.79043279967516,0.4441092950351005,0.26753915983801624,0.8573484949703704,9.419182596178702
Pituitary,0,2,37.38873291015625,45.01942340693104,525.0680548237024,0.4437803117069724,0.2573597474004924,0.8709548919409305,10.114151915805408
Pituitary,0,2,40.04217529296875,46.66392049152315,524.8238583743715,0.43494699096574135,0.25662450393017644,0.8798752142296871,10.200907284628666
Pituitary,0,2,35.89520263671875,46.18157751728827,390.20531219975726,0.4991989241783138,0.2758000908351037,0.908974018776232,8.786725143764155
Pituitary,0,2,32.8441162109375,42.59802134959507,355.45984692756537,0.5157657633736331,0.28716033137510977,0.9025492095379983,8.109849930638518
Pituitary,0,2,32.013916015625,42.54971014811099,391.21438310851886,0.514184295139535,0.2803245911406696,0.8925422925692414,8.339210186234043
Pituitary,0,2,53.2412109375,43.86425700806487,584.0248412216342,0.2661663236755073,0.07903436839185199,0.8475856581976364,12.223909815008577
Pituitary,0,2,50.283447265625,40.26236410485197,497.5346161708442,0.265670011702856,0.08203483753436888,0.8454828000820412,11.78456046755956
Pituitary,0,2,45.69061279296875,36.591623947706175,383.6711186469577,0.2789636407218847,0.08468456293406043,0.8557407841594271,10.393629099758979
Pituitary,0,2,36.63848876953125,41.08238448534041,471.7141641705971,0.4288353666880951,0.24970653212284633,0.8605938341643431,10.462347760634636
Pituitary,0,2,33.38751220703125,37.769101745894694,419.29958023985057,0.44473086775834336,0.2555546211696621,0.853415908246522,9.772081489476871
Pituitary,0,2,40.1766357421875,44.58130192642658,571.4673273878807,0.42199827524668104,0.2504698952020894,0.8565526023041921,11.147291708647735
Pituitary,0,2,39.43341064453125,43.905618427823256,543.5817592729912,0.41907006107753636,0.2515494001413893,0.8593311134108794,11.085568163325636
Pituitary,0,2,41.0849609375,44.6216911456928,522.2482373559393,0.4297387752831546,0.25244212670965,0.869085688746863,10.51135474146108
Pituitary,0,2,35.06024169921875,38.05270869470505,392.94067266264625,0.44273411604005786,0.25542637869005724,0.8645540923567814,9.167331795602106
Pituitary,0,2,41.18878173828125,43.88712126267594,510.6097804227601,0.4401053339587052,0.2531778809505476,0.8676260849622982,9.964115248544257
Pituitary,0,2,40.60418701171875,43.758037872658626,573.2193915560525,0.4298805600479242,0.2519336376684607,0.8505544193867101,10.664866806297399
Pituitary,0,2,53.12213134765625,42.7703463603181,566.2216344589633,0.2655517183377736,0.07769324979817288,0.8444840752583169,12.065581599914541
Pituitary,0,2,35.7515869140625,40.23047080476576,383.13422590913524,0.4574142349484935,0.25993684937266587,0.881936171837876,9.107531949440052
Pituitary,0,2,35.6640625,38.56575164193006,333.6127339051989,0.45098779876072903,0.25980079646860876,0.8880358668295465,8.666506661139206
Pituitary,0,2,43.08160400390625,46.02658367456127,462.60195436023355,0.43213065937211553,0.25268795495352664,0.8909689414022728,9.923634011332009
Pituitary,0,2,47.46197509765625,49.85157187260299,545.2401335037947,0.42346037752656984,0.2515199535951142,0.8904140848213185,10.663324311025216
Pituitary,0,2,47.2415771484375,49.48946004079849,537.5790126190409,0.42921119920717116,0.24859396480523444,0.8903603477680958,10.254147953609637
Pituitary,0,2,40.2542724609375,43.90703173022926,447.5823080709405,0.4338287615406695,0.25974966989829484,0.8841330825401501,10.2075420244606
Pituitary,0,2,38.89349365234375,41.541201916782306,414.5841202425241,0.4377488693556426,0.26024675713082307,0.8800473924192188,9.736509039425627
Pituitary,0,2,42.3111572265625,43.56787687101066,467.16090860704264,0.4211280942680671,0.2589066767715779,0.8770142219496151,10.360323287054072
Pituitary,0,2,30.46087646484375,39.96194091009747,422.4254823900908,0.47633335071750166,0.25525414713037026,0.8684259588952878,8.702617616173931
Pituitary,0,2,32.42999267578125,39.80380940947494,401.3824836087806,0.46659329708192643,0.25818805512790877,0.8738489185271974,8.817162118700441
Pituitary,0,2,49.95428466796875,46.9572200528192,571.3117659283049,0.2886289244693131,0.09334136292957329,0.8702079710178465,12.355739758356135
Pituitary,0,2,52.45721435546875,41.82069707176471,549.3574982853747,0.27627143625892,0.07742092157237822,0.8421436306226983,11.696993768988795
Pituitary,0,2,32.76470947265625,38.57181970784855,358.52795091532994,0.46152806341939745,0.2586798920200239,0.8799164368188908,8.46303218387791
Pituitary,0,2,41.17529296875,47.16368692301294,532.7068474294174,0.4387457106306738,0.2551877341279009,0.88060137114006,10.17817309853534
Pituitary,0,2,42.53021240234375,40.000721005511195,482.25325161593787,0.2837826159210893,0.08192272522004286,0.8490244614933657,10.690401412053959
Pituitary,0,2,39.4853515625,37.07648253148691,417.12290701148765,0.3053870876129895,0.08643419971633237,0.8479944922662773,9.739344213064362
Pituitary,0,2,39.13177490234375,36.422515560702884,412.1041892709289,0.30447243402478463,0.08497722002631666,0.8443425266865427,9.737180263424014
Pituitary,0,2,41.12518310546875,38.60436677846026,462.52988188013376,0.3019344663383242,0.08430113995617222,0.8445240270633223,10.146443566325708
Pituitary,0,2,41.0,38.40763098869888,436.66885879089443,0.3019274596245468,0.08509145206866056,0.8517016683197189,9.859104960398405
Pituitary,0,2,42.73992919921875,39.464669442105745,462.63715371967527,0.2950910812191126,0.08210397690057387,0.8511229726882946,10.166123035372129
Pituitary,0,2,41.74554443359375,37.820200480384074,430.5224876387703,0.2941438921584699,0.0845559923208684,0.8490575482637863,9.7569549123482
Pituitary,0,2,45.4095458984375,40.33716537920021,485.49454895400316,0.2694923587010352,0.076340555118206,0.8502744495977304,10.921095033597567
Pituitary,0,2,51.2127685546875,34.22901912193729,544.2223619916552,0.19291904864321405,0.0308669469203842,0.7650303876688881,12.320262851464447
Pituitary,0,2,42.13287353515625,37.129642273341545,437.8870130084502,0.2857298993160612,0.07832149730903674,0.8405762931907514,10.266064571192647
Pituitary,0,2,47.22308349609375,41.72508264043856,543.7791199567464,0.2669320869209412,0.07393240096622902,0.8432469969817206,11.367460445859676
Pituitary,0,2,37.5338134765625,39.97953369489573,379.8249600874743,0.40770846095783597,0.25287305516318564,0.881343050111815,9.778934682870505
Pituitary,0,2,37.559814453125,39.53385103059557,370.5311245466752,0.41401443835830193,0.2549259263900939,0.8815897898733502,9.508935767872615
Pituitary,0,2,44.6436767578125,46.25389670616833,501.6095331488366,0.40068393515653256,0.2519767513373893,0.8828523511381737,10.83502832630835
Pituitary,0,2,40.60638427734375,41.52162329365534,385.92836709115716,0.414856833988963,0.2529295467959848,0.8881178254047812,9.334477348643128
Pituitary,0,2,43.0421142578125,44.30666981461329,441.0292844023779,0.4141991188128934,0.24877344651339206,0.8877306329042829,9.725696677956932
Pituitary,0,2,40.58697509765625,41.91360311118665,387.1737354881447,0.4242759834762509,0.2486418700562776,0.8898732659115031,9.04381543919432
Pituitary,0,2,41.8643798828125,49.42772640388441,504.2869067848534,0.4604759520382668,0.26251784640424247,0.8971507914936213,10.346621380744569
Pituitary,0,2,42.227783203125,48.48655524593453,475.49592785131813,0.4708577576409099,0.26317746927831265,0.8991684821559558,9.687526640679799
Pituitary,0,2,50.9146728515625,34.91146089882575,584.233671928342,0.1857650648892061,0.02973269054863917,0.7577324043049957,12.790332775979403
Pituitary,0,2,42.21929931640625,48.39847284701352,474.4368213893558,0.47678958974321184,0.2658105894754487,0.8990238157468294,9.388875918378318
Pituitary,0,2,41.44378662109375,47.77836316305119,455.0208569871043,0.48321550649191136,0.2657266475376411,0.9006374884198363,8.797955642787532
Pituitary,0,2,35.82574462890625,46.33729324128597,455.6586728486852,0.4793257413516583,0.26170738888570244,0.8944194716640056,9.68021668074743
Pituitary,0,2,40.50665283203125,49.37569179378478,497.25291860749695,0.4688384753752103,0.26410694394977174,0.8984288162276133,9.85518345255602
Pituitary,0,2,42.14111328125,48.79913998836818,487.97772185397014,0.47616244188544055,0.26732656152106143,0.8978610279155245,9.336768931351797
Pituitary,0,2,40.11407470703125,46.512769554071085,489.3164060078925,0.485620732684891,0.26658369963080575,0.8872667234359577,8.932115676732622
Pituitary,0,2,36.94732666015625,42.946943005382245,484.5180434892854,0.4977796245825251,0.26139468729408644,0.8690706395473797,8.48908725161315
Pituitary,0,2,36.24615478515625,41.83003668247137,463.1935903013058,0.5061568304655267,0.2603599271234662,0.868041253127345,8.080723434885268
Pituitary,0,2,56.2794189453125,49.150399477552575,650.3773610907552,0.27653427942614034,0.08257305693515704,0.8649549992288812,12.91147011981693
Pituitary,0,2,51.7188720703125,45.705046116645036,583.8772351529877,0.2985707118438891,0.08698993650147083,0.8598308036130303,12.006025152676756
Pituitary,0,2,49.0799560546875,34.38123102046295,570.5506531326157,0.1805900772467045,0.029257204811736662,0.7562316161087532,12.854792318960985
Pituitary,0,2,52.84698486328125,47.348957654395925,641.0731814589553,0.2998905802719987,0.08902759797307565,0.8566304342337006,12.458803097295235
Pituitary,0,2,52.45758056640625,47.474575920115164,587.6052281363193,0.29743290674208156,0.08826610961592313,0.8692722914923483,11.831227064799334
Pituitary,0,2,50.35614013671875,44.29764723361148,487.17698347121154,0.3110210912151709,0.08924191934922869,0.8753852336354778,10.688818229200034
Pituitary,0,2,28.699462890625,35.41310178495843,325.55697181711236,0.4733203074097991,0.25980682465667,0.8707419812214373,8.590778837808625
Pituitary,0,2,37.3743896484375,45.63246373420618,527.6380423074361,0.4417274723984162,0.2547098910203695,0.8738111644062354,10.850622810622502
Pituitary,0,2,33.5059814453125,40.475151380339206,416.28367284866357,0.4633733946828637,0.26022018165551797,0.8734328550792847,9.486593684126222
Pituitary,0,2,38.541015625,45.96679181272545,489.73970458887095,0.45067014038553505,0.25742835486406535,0.8845267193106068,10.19362784038227
Pituitary,0,2,35.52862548828125,40.42556559199863,383.3520047353189,0.45898526876242274,0.2619641977880427,0.8830294069130649,8.948055763300257
Pituitary,0,2,35.52862548828125,40.42556559199863,383.3520047353189,0.45898526876242274,0.2619641977880427,0.8830294069130649,8.948055763300257
Pituitary,0,2,34.30364990234375,37.44969798618325,344.18858233814626,0.4598996136794278,0.2618170431455735,0.8775226554614175,8.533092081810041
Pituitary,0,2,54.0477294921875,37.09683889862552,667.3689339176321,0.15372203614381946,0.025653072908266468,0.7548629039161294,14.361151691055037
Pituitary,0,2,40.537353515625,44.84965195512804,494.93881023707405,0.4471137535986809,0.2561117690476039,0.8772381959752621,9.874775249551906
Pituitary,0,2,47.07293701171875,34.88559867816127,423.5217452115047,0.22456860649936666,0.050285538018281034,0.8249032072903109,11.555480060180072
Pituitary,0,2,47.07293701171875,34.88559867816127,423.5217452115047,0.22456860649936666,0.050285538018281034,0.8249032072903109,11.555480060180072
Pituitary,0,2,52.5882568359375,37.47804238385755,524.602869709707,0.2002123638400905,0.040220748536255437,0.811773454012096,12.952022923578571
Pituitary,0,2,54.13812255859375,37.755844717638105,544.150180042606,0.19880074528581754,0.039504849058292824,0.8074688223406702,13.07582542508976
Pituitary,0,2,57.7979736328125,39.382953757623184,578.4336777892973,0.186198385339585,0.03544445908871083,0.8117028046244706,13.448503326695683
Pituitary,0,2,48.316650390625,32.51344487691964,396.13945293128484,0.21258911805056718,0.0420076681354879,0.8107459801853764,11.09310638543244
Pituitary,0,2,64.81329345703125,41.46776081552429,407.2586532556138,0.19341650241185473,0.07401790683167321,0.8798570034668004,11.748416696052796
Pituitary,0,2,65.02423095703125,41.213320710348036,427.2114739464114,0.1866010608669583,0.07194303354248598,0.8723558631903158,12.095576823966777
Pituitary,0,2,63.82061767578125,40.24964955458512,383.5328804095338,0.19426800841220473,0.07166312068010554,0.8798266064575293,11.36837591643993
Pituitary,0,2,53.90911865234375,37.04596694446211,614.9498116262555,0.17642491195676854,0.029300225062998436,0.7734692076127526,13.107668785651507
Pituitary,0,2,76.1551513671875,47.414562351403546,523.8798845684046,0.17017731438314515,0.07010719122213958,0.881637539750532,13.495299978882139
Pituitary,0,2,55.0421142578125,47.280044895649176,485.6129258391968,0.26866500529249443,0.07925848727378823,0.8910469600965524,11.42165594096947
Pituitary,0,2,55.0421142578125,47.280044895649176,485.6129258391968,0.26866500529249443,0.07925848727378823,0.8910469600965524,11.42165594096947
Pituitary,0,2,43.7568359375,36.87032315612579,451.13296701598387,0.22657273417585638,0.05296535760091395,0.8338306929761641,10.747532104440252
Pituitary,0,2,34.1390380859375,28.585194749036543,282.18194965689383,0.2829097573414357,0.07085474407972678,0.8270873314059988,8.386475714358252
Pituitary,0,2,49.447998046875,40.540573100059234,543.369447840525,0.21046805734386806,0.04769737654643772,0.8342035872749196,11.972649468737849
Pituitary,0,2,49.2236328125,39.75839863227232,506.023545758091,0.20901337218535987,0.04445651961389413,0.8393325069534727,11.566073968086759
Pituitary,0,2,32.9471435546875,24.083506235646812,197.75080612271654,0.2446490598013467,0.051899307590111486,0.8285997243996001,7.385988189945407
Pituitary,0,2,31.535888671875,22.725340367434125,162.79279606997503,0.2582015790259178,0.05358227053695594,0.8414646204960637,6.791579801909821
Pituitary,0,2,44.08154296875,31.37780608968798,303.21553991938276,0.19909453156392928,0.038588796037822906,0.8450423993165974,9.428232797872399
Pituitary,0,2,53.29461669921875,38.30325171723444,439.82725445533254,0.1897105477722859,0.03922065579716926,0.8489342289543484,11.550684738089345
Pituitary,0,2,50.1336669921875,43.50140537791796,601.8342460591958,0.2543707101930369,0.06512260866542505,0.8408995966977627,11.915856628589697
Pituitary,0,2,51.80133056640625,44.00734880355637,648.1419197370501,0.24700584419731142,0.0609753907971585,0.8324727646809258,12.35106528806961
Pituitary,0,2,48.7880859375,40.7449328191608,554.3935706114246,0.2607088891401452,0.06592657339492516,0.8327491839301693,11.428714025397984
Pituitary,0,2,48.47320556640625,35.76065714498464,426.4004901642943,0.2912327990636592,0.0876002007912402,0.8322972913395751,10.446232208871336
Pituitary,0,2,46.14483642578125,33.05600245475355,386.28097923386036,0.2950701426368891,0.08783281773115086,0.8220385139855618,9.858900795927132
Pituitary,0,2,44.91424560546875,31.43209884939836,347.3608699053576,0.29693936054062003,0.08592898452185146,0.822864979517077,9.275020803948328
Pituitary,0,2,44.81219482421875,30.87139315371281,349.37352277441187,0.29866355035807546,0.08640051138294542,0.8151667770810929,9.34001267611957
Pituitary,0,2,49.33416748046875,37.98722498776106,415.8211220133795,0.2112347682801533,0.04778624146024817,0.85513976339184,11.171325112182535
Pituitary,0,2,48.991943359375,45.997935994505276,659.6018496139669,0.2719028442815907,0.07606177646652437,0.8438349019005973,12.874264111811524
Pituitary,0,2,43.0654296875,35.86928466302672,409.61869596789904,0.29721953156732966,0.08786141256353971,0.8398898333748062,10.40019687461333
Pituitary,0,2,49.9896240234375,41.74659960838185,470.11445949460256,0.23713190376110663,0.0642812123467563,0.8649358591390421,11.534655647437567
Pituitary,0,2,42.56121826171875,35.898688789656646,422.7168813986476,0.2939345701314199,0.0874863124449721,0.8351191151475774,10.631184875651925
Pituitary,0,2,39.2076416015625,33.57218930500252,393.8171345093066,0.30655901216469905,0.08830978988466325,0.8244522918819753,10.009391565658941
Pituitary,0,2,36.1060791015625,30.96150192927338,328.5627645904021,0.3172901208636462,0.08669957787349038,0.8278214699679426,9.105061268716925
Pituitary,0,2,49.580078125,46.53426480950445,685.5103838099548,0.2516914158297803,0.06750111779131006,0.8414234349264077,13.492294304903316
Pituitary,0,2,51.892822265625,42.51525303314467,729.7811054138612,0.2087757856610728,0.04561098115098293,0.7975933403520263,13.469667165898365
Pituitary,0,2,56.4656982421875,43.649895745404976,506.05416958105764,0.23777549600436654,0.06367796860317189,0.8660507983693198,12.278603490802125
Pituitary,0,2,51.8311767578125,43.82447137937487,608.3264092193078,0.2777946765140178,0.08134754727212798,0.840784518129857,12.861376320410507
Pituitary,0,2,49.73834228515625,43.238479595839095,630.8628996829214,0.2854861284634154,0.08439008008207532,0.8305509246765349,12.916728142051708
Pituitary,0,2,47.98211669921875,42.69053092520441,581.2998575451131,0.2909833027308437,0.0826583401234079,0.8399520997013135,12.21669164432236
Pituitary,0,2,54.69720458984375,39.13094225289936,507.2167790742385,0.175362405148427,0.03382810266247872,0.8331529211221813,12.635283544005995
Pituitary,0,2,52.13604736328125,42.73129255795497,488.9223063368631,0.22615179500681407,0.05831346727684712,0.8658932267556478,11.820854274522432
Pituitary,0,2,51.9654541015625,36.88169004380292,441.7585063686197,0.1886162872123303,0.03781376319780498,0.8364203598930352,11.797707642291492
Pituitary,0,2,51.9654541015625,36.88169004380292,441.7585063686197,0.1886162872123303,0.03781376319780498,0.8364203598930352,11.797707642291492
Pituitary,0,2,48.24658203125,42.39564380119129,556.7985693472164,0.28448420653920203,0.08383856127578304,0.844496065827191,12.135076473279485
Pituitary,0,2,39.3980712890625,33.37525399585577,345.9681216433095,0.35197890408573385,0.11685544213065048,0.8438952742081446,9.034817065728598
Pituitary,0,2,41.9095458984375,35.221378862744864,404.0590576611268,0.3301937954390662,0.09020472944610053,0.8362474449459488,9.619691844853303
Pituitary,0,2,47.7440185546875,41.54794917828713,513.4239722269094,0.30286078535511995,0.09228914485570539,0.8507052376067255,11.373833501574422
Pituitary,0,2,54.44012451171875,47.07809729591913,647.0164744744402,0.28227352611588996,0.08572294938609061,0.8534343259093395,12.598310520841288
Pituitary,0,2,48.56402587890625,42.03585653547701,514.6787748146401,0.3042394927584585,0.08855053481992461,0.8537721752334946,11.108762869870596
Pituitary,0,2,49.25787353515625,43.00327553578067,555.6870106592455,0.30231694375204277,0.08902169117605367,0.8492023457257782,11.491839839149712
Pituitary,0,2,47.27215576171875,42.03143547927425,564.4284661460654,0.3035183827661788,0.08936847500341438,0.8397790279365971,11.512060961623227
Pituitary,0,2,57.2918701171875,46.35996500002392,579.0960440046692,0.2090367065973009,0.050349094182417196,0.8649452278029923,12.874335193984505
Pituitary,0,2,47.82720947265625,42.55339435886407,539.1478948778852,0.30397123408393145,0.0873476599290961,0.8507010716160803,11.06760060004611
Pituitary,0,2,43.255615234375,48.600663623061315,629.4618052596715,0.4525017784306956,0.2580465268670691,0.8670845140786694,11.480470687505878
Pituitary,0,2,44.208740234375,49.2488908878812,620.1106045885159,0.45334381217848596,0.2592106323739882,0.8724613608680837,11.135341184746762
Pituitary,0,2,41.26702880859375,45.13807399993906,529.058131171035,0.4618800345485532,0.2618207774422934,0.8704171554108993,10.014923865786677
Pituitary,0,2,40.8026123046875,43.80353285120022,474.85116700708386,0.4753793455997932,0.26448655776006125,0.8764485068993191,9.201218496187971
Pituitary,0,2,32.62249755859375,35.21344318952921,338.9377756099606,0.5051987304800131,0.26925118020088434,0.8635549313157052,7.5655130607142915
Pituitary,0,2,35.9639892578125,38.69271751600451,421.779550324773,0.49750671071315666,0.2633625723911363,0.8593583447569617,8.21419541276661
Pituitary,0,2,46.10650634765625,47.00706470810667,545.6253179929241,0.30435551430284197,0.09829966832490314,0.8765768095147548,11.708228385208754
Pituitary,0,2,43.40594482421875,43.42925749484552,489.07982806598625,0.30556251999054573,0.09824089331688317,0.8703268793277344,11.155893741476719
Pituitary,0,2,42.35430908203125,41.06394938623761,487.3708794137027,0.3059544970667228,0.09788873014952323,0.8553430745703658,11.112914093017089
Pituitary,0,2,48.8492431640625,45.97525794042833,561.7674135583475,0.2920670289086296,0.09240859164897688,0.8668706552141467,11.907445439892404
Pituitary,0,2,58.0933837890625,45.859792323220105,558.9985593448507,0.2108356011681069,0.051284104902369364,0.8665557376109472,12.669609210313759
Pituitary,0,2,39.1468505859375,37.33507570991098,421.75562094097967,0.3312914383473866,0.10111438757078219,0.8484958993809255,10.0309806869624
Pituitary,0,2,35.74896240234375,34.15229034326936,366.23140262690634,0.35795194094968336,0.1176282261906481,0.8427849545187289,8.967554317921916
Pituitary,0,2,37.4859619140625,35.73008997049029,410.09110869788816,0.34643661857546365,0.1055967789172156,0.8391510568137376,9.293997564558476
Pituitary,0,2,39.88299560546875,37.40280593103449,458.3910895166042,0.3340951827799793,0.09837771861170883,0.8358512870874022,9.789658766818434
Pituitary,0,2,44.09429931640625,40.952559631282746,488.4560942247517,0.3058672762430573,0.09908494805879661,0.854149569871538,11.310104760835896
Pituitary,0,2,45.6688232421875,41.8905427041574,506.82667380966296,0.3112847874816908,0.09989100618427413,0.8552912519657578,11.155763928716626
Pituitary,0,2,44.51129150390625,41.3372965891435,476.4529055777466,0.31685182767421566,0.10027705202936929,0.8603036729771778,10.652061358811368
Pituitary,0,2,46.0306396484375,43.01612914798362,539.1619683005694,0.3095524584301959,0.09738276178619529,0.8540239364723606,11.1964088850066
Pituitary,0,2,40.84063720703125,41.38284340172792,491.5320208844279,0.3397898877335857,0.11354787370573441,0.8565131205759846,10.69349294167473
Pituitary,0,2,34.5689697265625,35.22390197750056,346.34394157073683,0.3859896179676601,0.14998211796735145,0.860468138494203,8.670745677429675
Pituitary,0,2,59.781494140625,47.29587729491513,603.4027983369315,0.19984338683900532,0.04693562654100651,0.8645076637175044,13.320280531187816
Pituitary,0,2,36.5872802734375,37.48256038914289,403.9841064135761,0.36420803599261836,0.12121668103042135,0.8562893777740302,9.317308400242798
Pituitary,0,2,34.265869140625,35.162726724607666,382.6920650013651,0.37774532564789054,0.1278057039576979,0.8453149762329377,8.888976426391238
Pituitary,0,2,44.78216552734375,37.46503215757733,386.7262867690155,0.21121909039883952,0.06954258099678817,0.8614938034986946,11.197756782233341
Pituitary,0,2,46.08441162109375,38.05580960507549,402.37185555234123,0.21321941471622155,0.07196838895508521,0.8602589957301476,11.287783868537439
Pituitary,0,2,40.43829345703125,33.23674181919281,323.2103705379541,0.22744694872275117,0.07710021621634969,0.8528070328026558,9.985275454926558
Pituitary,0,2,42.9317626953125,46.90290296517769,523.0689632708315,0.4302418943508143,0.2532717572529094,0.8813408979176615,10.658706754915187
Pituitary,0,2,43.8839111328125,46.084177501101614,504.0051399556686,0.4457952084232497,0.25660329962036094,0.881462103338926,9.777747961747018
Pituitary,0,2,41.83941650390625,42.90794597375731,423.34567684765375,0.45668490015835483,0.25789472384602186,0.8850812642743489,8.839015709282261
Pituitary,0,2,44.168701171875,44.960728924066146,454.66297338069126,0.44724441082362293,0.2563407751858329,0.8875720748185257,9.136876172190755
Pituitary,0,2,45.546142578125,38.615746132609026,469.15991926910704,0.2926799663230577,0.08747407700075217,0.8419491169639677,11.183910410790673
Pituitary,0,2,47.5657958984375,44.307193374969444,616.2723991191068,0.2750844653308001,0.0890887648780286,0.8427496090215002,12.44451267418328
Pituitary,0,2,49.77252197265625,42.65336184518513,590.3543015250871,0.27684516611568993,0.08221877704380831,0.8370330721030566,12.334569743359681
Pituitary,0,2,43.8594970703125,37.51731904938453,488.1957716884714,0.30131951897717235,0.08730324481637532,0.8257683697132756,11.031510109896322
Pituitary,0,2,49.2447509765625,42.53215447567034,610.0928563264187,0.2833800783141167,0.08264851136232695,0.8306244032123361,12.271819442077842
Pituitary,0,2,47.3963623046875,43.79717324472106,640.8746430150076,0.25711184656899344,0.08057848632940308,0.8325654771735663,13.33843736437652
Pituitary,0,2,44.888671875,40.98193328832333,570.9394509453819,0.2734035011551646,0.08466957826392485,0.8295711794321289,12.063154513029156
Pituitary,0,2,42.13861083984375,38.45854528569833,502.31292952045015,0.29343633047938933,0.09147601084046299,0.8297295877224747,11.177831976758846
Pituitary,0,2,42.13861083984375,38.45854528569833,502.31292952045015,0.29343633047938933,0.09147601084046299,0.8297295877224747,11.177831976758846
Pituitary,0,2,38.7908935546875,36.132659291329205,444.7270380361602,0.3142118601697832,0.09570697547063814,0.8293233845311981,10.32972671023571
Pituitary,0,2,47.09527587890625,43.7859842768086,630.2845450887124,0.267821890493616,0.08777368240523595,0.8353747992385623,12.68711940158422
Pituitary,0,2,49.58819580078125,44.22052679531772,615.6083866309239,0.26652711136270435,0.08551471227177693,0.8421821191156766,12.496488758604107
Pituitary,0,2,44.14044189453125,39.02163475190371,502.56623332784,0.27201984724044853,0.08489150759894343,0.8344994864752855,11.313193626388477
Pituitary,0,2,49.21923828125,41.20418598138464,558.9414488751556,0.2597925906874881,0.08037388259066282,0.8346798049253259,12.002259856083572
Pituitary,0,2,44.09112548828125,36.97219459534647,493.1000770400532,0.2627254276448432,0.08079352006523602,0.8188883715880647,11.295763478246876
Pituitary,0,2,46.66937255859375,38.44958841222111,497.49476789193585,0.2557870755272997,0.0779533587766865,0.8309911722717515,11.396582703322796
Pituitary,0,2,42.54693603515625,34.6144376818697,412.1161348299669,0.2562104185388189,0.07787785455856866,0.8271947067644653,10.635861767818191
Pituitary,0,2,43.6053466796875,45.197773790228915,606.3389696936708,0.3047948431400651,0.09476160009745835,0.8517009675005603,11.622690737570824
Pituitary,0,2,53.8304443359375,48.39375858535281,631.8834484857398,0.2866284657031486,0.08722907881619407,0.8649325607357229,12.426096820945292
Pituitary,0,2,55.66375732421875,49.36995538849718,652.6102427596419,0.2835573328509561,0.08710225999967006,0.8659375218226572,12.544286010448623
Pituitary,0,2,54.5540771484375,47.34332075380807,628.1077596062314,0.28239431762087586,0.08376125852149882,0.8596097251974368,12.342970639067824
Pituitary,0,2,57.08245849609375,48.94868092370458,700.17413207102,0.2686316950178265,0.08255044462561237,0.8535451110288785,13.271560179840879
Pituitary,0,2,57.24981689453125,48.1968470508217,703.5790422870909,0.26164007913523807,0.07790451584014091,0.8481300502848337,13.35124147982848
Pituitary,0,2,53.66156005859375,42.38555819917062,596.7946538940696,0.22018832370341065,0.05193594202081059,0.8333945599166334,12.782725651390273
Pituitary,0,2,51.48779296875,39.98836467019126,518.5854622061357,0.24095291151350023,0.06571423466885637,0.8372474238804822,11.858751729223423
Pituitary,0,2,53.73138427734375,40.79243801738425,529.98724613861,0.22736318233218367,0.054065868659791474,0.8400130331594966,11.90914971673818
Pituitary,0,2,48.56597900390625,41.816181782659434,505.6384853903115,0.2953602171501868,0.08507689422083398,0.8550688295777964,11.004666356990107
Pituitary,0,2,48.94134521484375,41.56640946776567,488.2024878034701,0.2925025026313526,0.08514071314687365,0.8583242523122011,10.768619896615881
Glioma,0,0,78.51959228515625,62.08633894287746,923.9608421992109,0.27681932984722424,0.18411882522994322,0.8791920455435989,16.86885823381329
Glioma,0,0,60.07073974609375,63.34950168362892,1012.3482486420327,0.3717576939569762,0.29309095556665454,0.8740399618611772,15.631705943102636
Glioma,0,0,46.41357421875,43.791673526285486,323.05438755022976,0.18714832382292515,0.041715126873292846,0.9159579996880368,10.988615832701894
Glioma,0,0,64.88568115234375,47.360683647066125,651.7898159469094,0.23787339354486364,0.1353373666513886,0.8530402992771251,14.164010913961146
Glioma,0,0,64.88568115234375,47.360683647066125,651.7898159469094,0.23787339354486364,0.1353373666513886,0.8530402992771251,14.164010913961146
Glioma,0,0,75.17034912109375,55.48691249499943,986.3665268112861,0.24018305467656637,0.14190973585227692,0.8381130253795337,16.631647091420902
Glioma,0,0,72.03546142578125,56.71109968900709,1178.6315825484994,0.25880499186389344,0.11327258667917559,0.8157921620640638,16.312826348311358
Glioma,0,0,69.7178955078125,58.795812067398664,650.1717358630951,0.24705910790812652,0.16031216794891223,0.9056270285575603,14.936471790914243
Glioma,0,0,75.06939697265625,58.261971140943686,938.0446371831308,0.20207306349756954,0.10849625838349518,0.8579979367701391,16.127627497444212
Glioma,0,0,80.31524658203125,59.10219955425611,739.8353996005897,0.25040155711013856,0.04192832398332959,0.8937060404602469,13.914730212274723
Glioma,0,0,81.095947265625,60.89389123249325,1726.9501324044222,0.18763919235522394,0.07330101070616464,0.7652404222795346,19.914428567141158
Glioma,0,0,46.67022705078125,59.01966413151209,1086.3046875002742,0.42064609232589323,0.3357088268408424,0.8447465465575188,16.210535225761962
Glioma,0,0,50.41656494140625,51.452429832431726,821.1260965062884,0.24134274169442302,0.0792917968468071,0.845700888437513,13.942632326673754
Glioma,0,0,94.64520263671875,73.85444164018405,1326.182601990401,0.26576408972585036,0.17655744139969434,0.8773661187287681,18.571385877149318
Glioma,0,0,65.0047607421875,69.29092140287045,1516.096700818711,0.4072531320840125,0.33862052968535605,0.8423307539658819,17.909915757334957
Glioma,0,0,85.98284912109375,75.7587821802158,2353.408780864907,0.24310776907030604,0.10127078868063265,0.7945094436029896,26.063254657764247
Glioma,0,0,122.19482421875,87.41615476464455,1404.9697868069863,0.18533711809225473,0.062372689326684286,0.907213582464282,21.78805620892807
Glioma,0,0,82.70025634765625,62.43849168641817,1445.1645748488586,0.26876757877465485,0.17884151571413706,0.8129689267634608,18.869770798137623
Glioma,0,0,61.72821044921875,42.39634988377455,602.1021039113127,0.24217813203415758,0.048134886923407186,0.831280719749655,11.704818499481984
Glioma,0,0,50.955810546875,71.34239486521834,1238.465030598349,0.5984810694183502,0.5681160518515028,0.8789210217495474,14.553199860309435
Glioma,0,0,46.79559326171875,55.166018324224076,718.7691017297504,0.43386777000851695,0.35683238335980855,0.8829789094780345,13.482642023880231
Glioma,0,0,109.8865966796875,64.31830183711615,1499.7159871196789,0.2523631837836263,0.11387624963869993,0.809527414550548,18.993653706059817
Glioma,0,0,109.8865966796875,64.31830183711615,1499.7159871196789,0.2523631837836263,0.11387624963869993,0.809527414550548,18.993653706059817
Glioma,0,0,37.8563232421875,39.79769840575601,418.2511497875096,0.4165305203574258,0.17650616197475724,0.8681443914264378,8.953957763385137
Glioma,0,0,88.378662109375,71.4213728431202,683.7977422753106,0.228319712770034,0.06975015706025844,0.9325873599354977,16.176147922611456
Glioma,0,0,48.44061279296875,59.66478534176077,1490.9307306039893,0.44462971926500183,0.38756868165593483,0.7914626663584636,18.073235708975353
Glioma,0,0,39.10931396484375,45.541326325486324,504.3538104889455,0.45941681543093604,0.24779623558085911,0.8788573705595263,9.616111700974606
Glioma,0,0,41.92236328125,43.685150910119354,311.6448114615328,0.32373978756634897,0.16982149596549692,0.9185248192070754,9.478784574757576
Glioma,0,0,69.20166015625,59.03688872766178,639.5905957437628,0.3213838558829297,0.14341879750984346,0.9077824067858378,12.00312156093177
Glioma,0,0,61.7178955078125,44.46618747079965,377.3456116990719,0.3431715177338788,0.13804214949769178,0.9044185987954823,9.321147564170829
Glioma,0,0,47.03167724609375,48.199104977926446,518.3639260755813,0.4551387067124329,0.37376353803689694,0.8885802001330944,10.744260508053575
Glioma,0,0,89.328369140625,86.79986049588976,1183.130906480681,0.46234096359985233,0.3418409457797531,0.9213070145123086,13.085448038084692
Glioma,0,0,57.70635986328125,38.72911979756739,504.09179481645396,0.27367025436900483,0.08506424134633152,0.8299002283312158,11.884708105354871
Glioma,0,0,58.12530517578125,36.074133728982545,510.9626050854203,0.2892853903947144,0.08363982550553258,0.8007328137100104,11.344655904156667
Glioma,0,0,41.43170166015625,58.96716510841192,552.7111489302008,0.5969305667489653,0.48067498723149776,0.921034317280497,8.422935541184756
Glioma,0,0,81.32171630859375,69.25815013019499,1229.1639330506932,0.39179587225420853,0.26026586691575715,0.8712788483848393,14.972105151243404
Glioma,0,0,57.37945556640625,49.49534749971612,158.7519533671984,0.3774874716624387,0.27319971189342196,0.9676458344804457,7.282803030450134
Glioma,0,0,106.65570068359375,60.10962215208043,1104.4156592455356,0.1941995401709087,0.05581701696651996,0.846911549827433,17.790387026088858
Glioma,0,0,66.87628173828125,55.81623892976285,673.1274352002642,0.49542554661051647,0.3732320270565819,0.8921887978274563,10.638726004015595
Glioma,0,0,37.13214111328125,48.09615036403082,605.2653882613686,0.4340460971171135,0.319543306094457,0.8699950702017294,11.308446620801469
Glioma,0,0,32.17919921875,38.52862504926531,496.083103779553,0.5507477642079642,0.32889497538261436,0.8336140832710315,8.137104192178022
Glioma,0,0,48.44061279296875,59.66478534176077,1490.9307306039893,0.44462971926500183,0.38756868165593483,0.7914626663584636,18.073235708975353
Glioma,0,0,28.33251953125,49.320359175484896,653.4720948583694,0.5125052323604333,0.44981097395182307,0.8667932904084072,11.693095753380963
Glioma,0,0,64.994140625,52.16602491201385,228.15892423973384,0.2566056901189224,0.050701931447269574,0.9578239841010866,7.810075940464541
Glioma,0,0,36.58868408203125,46.47589283301378,391.5441543813252,0.4883724768671213,0.3829171523179736,0.9097941918551706,8.410082019383598
Glioma,0,0,105.7088623046875,55.976543022280154,822.6214793134138,0.17391454863493214,0.026276201752679567,0.8679084767316007,14.00234389531489
Glioma,0,0,101.60797119140625,39.466723367346304,326.1772761553636,0.36950552506935,0.11814609015338075,0.895285529762585,8.96811268231982
Glioma,0,0,92.15203857421875,78.03133536485667,1192.0520868855547,0.30768771158670133,0.18931185002944376,0.9014438426612974,15.709118910426888
Glioma,0,0,70.2098388671875,55.745323128112105,840.139128883882,0.1362474968659342,0.027073592998367865,0.8639977980532493,16.591022600016903
Glioma,0,0,32.9580078125,47.886921954468704,931.2666832405735,0.45265110254442636,0.3694672618261227,0.7982702726399511,13.19650273285146
Glioma,0,0,39.65228271484375,42.678715792001604,432.8831112389288,0.34790577483645735,0.12784497742775552,0.88146064402587,10.241918308056421
Glioma,0,0,101.60797119140625,39.466723367346304,326.1772761553636,0.36950552506935,0.11814609015338075,0.895285529762585,8.96811268231982
Glioma,0,0,71.08392333984375,81.27525358947325,725.1970713903385,0.49015962338980024,0.4073183553580879,0.9452659521540164,10.12857965950413
Glioma,0,0,53.97857666015625,44.27362531971677,330.31379873310067,0.3916800851973168,0.11781079022992784,0.9155545180786909,7.933362339381581
Glioma,0,0,64.2686767578125,53.44884478722504,618.9773313258354,0.31452933498421404,0.12962685824586057,0.8913341158390555,11.881896423950398
Glioma,0,0,36.66973876953125,40.30898418874188,343.6394918024735,0.4243037494872056,0.17892427296061664,0.8945776145908633,8.822128425507957
Glioma,0,0,37.8563232421875,39.79769840575601,418.2511497875096,0.4165305203574258,0.17650616197475724,0.8681443914264378,8.953957763385137
Glioma,0,0,38.5931396484375,43.30275714290909,405.5048200253324,0.421614293932744,0.16642656899010203,0.8922595393828043,8.822678434420599
Glioma,0,0,39.5279541015625,49.74003413661832,477.4817373307433,0.5002055336161094,0.2121385932963329,0.9039882242235758,8.466826785217316
Glioma,0,0,35.63690185546875,49.49286572711232,401.01086685383143,0.5399728494524545,0.2346714358301921,0.9186535554053237,7.460749683219183
Glioma,0,0,39.79571533203125,40.894848412253,420.65160023294123,0.40855912123834404,0.167914127412732,0.8745003082826146,9.638670542967185
Glioma,0,0,51.58990478515625,46.90107449941758,361.58307665449354,0.261575779365495,0.06166356062131654,0.9178362241899413,9.986073827617828
Glioma,0,0,51.58990478515625,46.90107449941758,361.58307665449354,0.261575779365495,0.06166356062131654,0.9178362241899413,9.986073827617828
Glioma,0,0,20.27496337890625,31.698053871828698,376.8277123117124,0.6659706260785418,0.3507774872220447,0.8138486172059761,5.954836300298143
Glioma,0,0,25.726806640625,37.45401411071423,321.56076496531915,0.6269067309340842,0.35174592138131494,0.8861429686108359,6.27266322501463
Glioma,0,0,33.83599853515625,34.9392839088396,342.8068871724042,0.4169858257457561,0.20955777428626723,0.8598519367748391,8.281929700578914
Glioma,0,0,39.76007080078125,41.06517976528465,381.99529004922164,0.4015427359891184,0.21061291233068596,0.8869146868857026,9.094599958732115
Glioma,0,0,42.3843994140625,59.25490375425823,529.7145901792671,0.5843824347603395,0.46045556065064785,0.9250242902720336,8.384931644864437
Glioma,0,0,36.63238525390625,39.00401939328879,337.95787902908245,0.42015600999556524,0.21212846369143157,0.8891583183224039,8.466666577865304
Glioma,0,0,36.63238525390625,39.00401939328879,337.95787902908245,0.42015600999556524,0.21212846369143157,0.8891583183224039,8.466666577865304
Glioma,0,0,32.4759521484375,37.05048001256897,280.51248200546814,0.4602730846659999,0.2327063699375206,0.8981522974581606,7.555209051825168
Glioma,0,0,35.3658447265625,44.580742183724034,443.269724031712,0.523331715608848,0.2514666769111713,0.8890949007645953,8.513101643392043
Glioma,0,0,32.8846435546875,43.69879116337802,480.9931545566974,0.5236141934831835,0.2660156177346099,0.8747349801438277,8.367691008820659
Glioma,0,0,30.6328125,39.7861539900052,430.17931089774356,0.5360259769941198,0.2719347699966928,0.8648040118719994,7.625286750574319
Glioma,0,0,34.21746826171875,42.52822488824321,434.5917730195481,0.5144797630313963,0.28524501479811504,0.8803772152331779,8.496039257704679
Glioma,0,0,92.07769775390625,64.48398981191335,1291.0591269270403,0.20387913896555293,0.039447390844799805,0.8439042785047215,19.247446490989432
Glioma,0,0,64.79022216796875,63.23938429627019,1113.5198077077594,0.38064346698331397,0.3090244502884616,0.8607304213352235,15.558326011185521
Glioma,0,0,109.8865966796875,64.31830183711615,1499.7159871196789,0.2523631837836263,0.11387624963869993,0.809527414550548,18.993653706059817
Glioma,0,0,76.06927490234375,58.41382812086535,1619.9542324048418,0.2698721248249099,0.07933327516590222,0.7625570522089988,18.45791995881187
Glioma,0,0,92.07769775390625,64.48398981191335,1291.0591269270403,0.20387913896555293,0.039447390844799805,0.8439042785047215,19.247446490989432
Glioma,0,0,65.96160888671875,59.70541536801291,955.3641369003052,0.36855283487441814,0.2744469754083621,0.8655880902910914,14.463483864469888
Glioma,0,0,93.1553955078125,80.934933886021,1279.446247466908,0.33136811850360515,0.2664802640287506,0.9019183753559288,17.818904055779328
Glioma,0,0,53.574951171875,49.553636231533474,718.3399574573435,0.34907160742334054,0.16814207700623168,0.8532158760317133,12.076481875621262
Glioma,0,0,88.378662109375,71.4213728431202,683.7977422753106,0.228319712770034,0.06975015706025844,0.9325873599354977,16.176147922611456
Glioma,0,0,47.0147705078125,47.38610576041026,883.8864960583105,0.4417723256967434,0.3131183498403425,0.8041513688762505,12.432110954067658
Glioma,0,0,59.1988525390625,38.15990344727314,497.01190826214633,0.2603980578067242,0.07668643468426062,0.8271851734665426,12.021451437435317
Glioma,0,0,60.9769287109375,34.381852370154824,492.56358621316247,0.2553471413011501,0.05770368321339504,0.7882832727134655,11.435956293788756
Glioma,0,0,40.0384521484375,55.54654193770273,584.8590446557075,0.49389995791559926,0.3650996374286134,0.9058239188844462,10.365684965746786
Glioma,0,0,48.92291259765625,53.449864728229144,686.2546994157499,0.34910570468905056,0.24391326980459788,0.8801420471611779,12.830638669091526
Glioma,0,0,78.55078125,63.3956122050303,789.7065511124848,0.27417768755274174,0.18011101198392723,0.9014523250692246,15.818033874352103
Glioma,0,0,64.88568115234375,47.360683647066125,651.7898159469094,0.23787339354486364,0.1353373666513886,0.8530402992771251,14.164010913961146
Glioma,0,0,58.0401611328125,72.25553796745426,1741.466352339277,0.3561000638590004,0.26512592837649657,0.8343270487587793,20.218962641053977
Glioma,0,0,86.86248779296875,74.36811581232207,1723.151022857051,0.17422317594867492,0.0425358446187148,0.8438528366071204,22.324649360240365
Glioma,0,0,71.693603515625,57.687783493200925,831.7337333230267,0.2627084783416075,0.1124396203172445,0.8743500018631943,13.909359330438875
Glioma,0,0,71.693603515625,57.687783493200925,831.7337333230267,0.2627084783416075,0.1124396203172445,0.8743500018631943,13.909359330438875
Glioma,0,0,65.0047607421875,69.29092140287045,1516.096700818711,0.4072531320840125,0.33862052968535605,0.8423307539658819,17.909915757334957
Glioma,0,0,50.955810546875,71.34239486521834,1238.465030598349,0.5984810694183502,0.5681160518515028,0.8789210217495474,14.553199860309435
Glioma,0,0,70.20306396484375,55.712027802635674,831.2229691570301,0.15584399752745134,0.03182296607825753,0.8652822635747983,16.357540183833297
Glioma,0,0,70.20306396484375,55.712027802635674,831.2229691570301,0.15584399752745134,0.03182296607825753,0.8652822635747983,16.357540183833297
Glioma,0,0,78.51959228515625,62.08633894287746,923.9608421992109,0.27681932984722424,0.18411882522994322,0.8791920455435989,16.86885823381329
Meningioma,0,1,71.7252197265625,72.06391652649242,861.4315713594357,0.444419933193036,0.2697451180948041,0.9179012407692577,14.03304400749721
Meningioma,0,1,73.7359619140625,52.88671962781145,624.1993618832103,0.1919541337384894,0.03548018891424065,0.8875720605435053,14.00898493203471
Meningioma,0,1,90.29888916015625,56.61338641370053,587.0931257605976,0.3490931678809803,0.10708423869148165,0.9085060554754942,12.652424035319232
Meningioma,0,1,70.86968994140625,47.301733875085496,497.0741527538359,0.34214616316573243,0.12574622961757997,0.8889259357210341,11.075113271321495
Meningioma,0,1,87.695068359375,77.1507782720538,1212.2617674299452,0.379421072386399,0.31043599354950935,0.8977581171660773,15.982716012308893
Meningioma,0,1,70.4547119140625,83.00937035164628,1364.4647076406914,0.4145355706155884,0.34691740744292754,0.9013322593279951,16.495949648153125
Meningioma,0,1,93.74078369140625,74.97591333124645,1326.2897211304555,0.25815506758963164,0.13219699669703072,0.8819966120079599,18.716448366493402
Meningioma,0,1,72.44244384765625,41.50202640930187,550.4863076601889,0.13431173726207943,0.019065071493254978,0.8389138731690069,13.427085432297583
Meningioma,0,1,92.38800048828125,69.58379706877034,739.8309932323965,0.3328690063105996,0.08125085783645591,0.9230522486259254,11.800303655296169
Meningioma,0,1,87.755859375,76.5957212034938,639.4817049986136,0.4239600206341971,0.18240709386359275,0.945400023161767,9.068424523568334
Meningioma,0,1,75.29193115234375,63.10218622657526,820.609651820962,0.2613128613774788,0.07661850403242651,0.8967272338580555,12.664715438807232
Meningioma,0,1,31.7176513671875,36.68470983256579,718.7394077875168,0.33968142341518137,0.20454220114759444,0.7280893194459195,13.161165326238576
Meningioma,0,1,118.0970458984375,60.9204051026817,806.9859162844053,0.18815048487281677,0.021993013212212576,0.8895906406239575,14.229815811195273
Meningioma,0,1,62.38555908203125,50.4176365486453,642.0981746534876,0.20570557334078116,0.04633578099949519,0.8733312403608389,13.925814066474162
Meningioma,0,1,98.4605712890625,87.48567493266329,2330.9104645557163,0.40885381610721605,0.27121193485609385,0.8431225235675397,20.742262336090906
Meningioma,0,1,85.8165283203125,90.62691285835848,1613.4012235097414,0.36899880107377825,0.24730380138916902,0.9019454125317712,19.194917370306364
Meningioma,0,1,86.53460693359375,77.31263751514139,833.3368517598103,0.2977837800188495,0.18013117757673974,0.9300499683845187,15.218689210818724
Meningioma,0,1,87.6732177734375,76.5984658858891,1169.8813436300152,0.3801617496431106,0.311809408589436,0.8998808146909153,15.734776789867826
Meningioma,0,1,85.76788330078125,60.86333139628778,711.0967917600913,0.16151258885045605,0.030870396481046027,0.9031252571236648,14.170011000180036
Meningioma,0,1,50.42803955078125,52.8549369295486,1061.6751953975179,0.20229826814381446,0.06589455271010194,0.8110118981159702,16.049065832510344
Meningioma,0,1,91.38494873046875,70.31492666314087,1208.3777831033976,0.23679091962922263,0.09043956054606435,0.876627016211319,17.666028460965663
Meningioma,0,1,80.35137939453125,51.812239725311336,475.2046161515008,0.22992519298493508,0.0490244949992388,0.9115483083248774,12.694421006031469
Meningioma,0,1,109.01531982421875,61.82737432550876,751.8365076106791,0.17493312900145525,0.024505227860065475,0.900639589637005,15.919824394339352
Meningioma,0,1,92.29119873046875,59.635477006980956,821.7539267149807,0.28040286455112085,0.06036570413806036,0.8829853825365158,14.218060127528103
Meningioma,0,1,72.39031982421875,63.933073768049944,1813.3724084678906,0.2480244594089587,0.1885530322826377,0.7777612148373361,24.874983410128745
Meningioma,0,1,80.938232421875,50.533117024497955,639.4222508758337,0.2638948703441546,0.05634958040838201,0.873752612448614,11.47653319525515
Meningioma,0,1,65.0262451171875,52.35890447287905,258.83406114860327,0.2680957370089142,0.05455838403362688,0.9525142452723491,8.157749022529483
Meningioma,0,1,58.999755859375,53.56697467943829,586.4544320886052,0.46248516287035674,0.25732005038850614,0.8975609555838918,9.339737429475422
Meningioma,0,1,62.8773193359375,56.24946473913365,435.9029512786207,0.3591575538239132,0.226979585826511,0.9308809867627736,11.146548554817151
Meningioma,0,1,50.7144775390625,60.05182409810911,833.238389629247,0.40211962969055276,0.2743182981592253,0.8849117238228998,12.179264034310872
Meningioma,0,1,54.8995361328125,61.145174287526686,674.8919402019847,0.30053683294099875,0.1751744714889087,0.909481847742118,13.338426829199818
Meningioma,0,1,75.29193115234375,63.10218622657526,820.609651820962,0.2613128613774788,0.07661850403242651,0.8967272338580555,12.664715438807232
Meningioma,0,1,52.6812744140625,75.66418697354817,1305.4657187754115,0.6124710459913281,0.565464513098509,0.8867144115828943,12.837941605572608
Meningioma,0,1,47.23419189453125,63.10901735597699,529.8354717726024,0.5456014228318357,0.43666204077841836,0.9338635355699499,9.75059336056327
Meningioma,0,1,65.42919921875,82.07952146360678,1342.9846336571222,0.45480981901979,0.3942173360965997,0.900779719893988,15.790960527237399
Meningioma,0,1,73.5313720703125,82.30857136465241,1149.2866999565263,0.43465591202737885,0.3656345131898107,0.915385772969394,15.790840644185309
Meningioma,0,1,90.475341796875,77.58008244245237,577.325612299762,0.3134740132015748,0.12088817310974313,0.9518553800807554,12.828416352146952
Meningioma,0,1,32.9757080078125,38.65487973441294,285.773092866537,0.4782428005431151,0.3207393287799045,0.9047018870621014,8.531808727680893
Meningioma,0,1,93.23870849609375,69.41837283108566,742.9160858596169,0.3395460084424318,0.08902503489843128,0.9223088191171044,11.87565305990126
Meningioma,0,1,95.02044677734375,74.35209409219178,1624.035225637176,0.18763110048807155,0.0709504636623157,0.85322992444568,22.430185559594143
Meningioma,0,1,61.17657470703125,60.63289563264003,623.8167662625222,0.45402665657822383,0.2504207095008583,0.9151292749090261,10.184099559606446
Meningioma,0,1,85.72698974609375,77.41004885126458,829.997743655818,0.30430563810857053,0.18964362007138674,0.9305293246710088,15.066556527647116
Meningioma,0,1,86.77569580078125,66.88440476823003,952.3538787860602,0.22326872342599202,0.10137135655021136,0.8929470102287733,16.795936763751666
Meningioma,0,1,83.45391845703125,66.0891931092167,919.050336471933,0.27215480254819324,0.15927538679566225,0.8943256793318712,16.480893668821615
Meningioma,0,1,54.6480712890625,56.2976657737516,833.7524530011627,0.34721430407530735,0.260390632359285,0.8685776940580294,14.694724830858547
Meningioma,0,1,85.78857421875,66.36097796008367,988.0174106522134,0.2379949993714615,0.1634565418137074,0.8873908647963566,17.98664284828924
Meningioma,0,1,98.90008544921875,75.67120369948292,845.1782311027243,0.2928829701027585,0.2053860209997136,0.9257739190381403,15.492640028251596
Meningioma,0,1,82.17144775390625,62.393775650661055,1162.0296542235465,0.2118869343507725,0.06268474258053118,0.8505131757322152,17.866016763286147
Meningioma,0,1,73.04852294921875,70.37110423356125,987.4171048656709,0.37544269487751253,0.24884956268084396,0.9002430883189887,15.533455605976776
Meningioma,0,1,79.6756591796875,63.439197393432586,1082.95840554589,0.2729741276806186,0.12642939136611944,0.8653809419934924,16.41003745679609
Meningioma,0,1,52.9029541015625,44.19056059352675,382.21938150520924,0.31225394657345507,0.10499772062600755,0.9018592053444144,9.833500241220133
Meningioma,0,1,88.79913330078125,42.93256569322102,454.0757285499452,0.22388384455554006,0.031117066553471608,0.8756575531991289,11.364930307986704
Meningioma,0,1,46.2298583984375,33.243213256492936,302.99029564858154,0.2489998619030931,0.059402892219813055,0.861900176827061,8.957589856586427
Meningioma,0,1,46.07421875,36.83823789045865,357.44232099405065,0.2875684610166054,0.08246277877796744,0.8679136329286955,9.454294283589315
Meningioma,0,1,86.547607421875,66.97784461357544,957.0903190440988,0.2238729303528167,0.1008355430526148,0.8927267061755613,16.824472441916775
Meningioma,0,1,84.4912109375,65.7474697699525,924.5720316715804,0.26570487313168734,0.15318626410863384,0.8925183737076323,16.602804803268892
Meningioma,0,1,74.53009033203125,57.822605306364984,803.122106095936,0.27569872184524924,0.1553847918655004,0.8788354866787188,15.260068238889174
Meningioma,0,1,91.58526611328125,52.79224075365137,896.0607118051777,0.08782636965993092,0.012763782428987881,0.8379824431252222,18.564511007931625
Meningioma,0,1,38.5960693359375,49.682237822562826,781.4420829233882,0.38903283130850475,0.26044808723873814,0.8425000814582472,12.634287424827166
Meningioma,0,1,60.79510498046875,55.72254502783077,656.2846969405813,0.38844952423492685,0.29665729865028806,0.8941825630161444,12.485547553127873
Meningioma,0,1,74.51483154296875,48.65074932524828,940.8151863492828,0.2857220937287713,0.09924589680721613,0.8014138928289137,15.066652555182632
Meningioma,0,1,71.5872802734375,60.740428124243316,536.7014990710468,0.33797007392828105,0.11372132419231094,0.9272433395306583,11.692581709383616
Meningioma,0,1,72.60345458984375,56.816137898166446,822.577337889162,0.28131261374108646,0.07991913535155387,0.8728084722027867,13.546378756821705
Meningioma,0,1,68.89923095703125,57.26397434860451,462.45464388200514,0.3292007308728515,0.20056511283601264,0.9293224428737602,11.435724156605877
Meningioma,0,1,67.8089599609375,49.82613572769855,526.3016192204736,0.16373830765903583,0.021814215361145188,0.8919836138140895,11.290789300329479
Meningioma,0,1,60.69671630859375,60.24909636056167,1219.7134871342628,0.32635146568099777,0.23996669697048342,0.8319417130922154,18.472849152733232
Meningioma,0,1,52.50054931640625,60.66745955709958,852.523582691855,0.4144193883076958,0.3340985539695072,0.8846320015968938,13.229222813916618
Meningioma,0,1,48.85784912109375,44.964566623328196,305.29918038745404,0.3364484586290324,0.21661613670440122,0.9243196763764383,9.311724514074768
Meningioma,0,1,65.00537109375,52.364150366565575,259.0180552353417,0.26108307515605167,0.05230913488090347,0.9524891415650106,8.22384139690173
Meningioma,0,1,137.6514892578125,74.30794476043859,906.3636797704028,0.17542174234063732,0.04072366119761374,0.9170565002559319,16.288756011106944
Meningioma,0,1,105.2398681640625,77.0399000428702,1704.0233342072006,0.13721521690916078,0.027478148836244914,0.8555211994390244,23.99013386699159
Meningioma,0,1,84.9151611328125,50.904772889706045,460.78262163170024,0.22081633692239205,0.07778255451654634,0.9094096301767005,11.994831102944705
Meningioma,0,1,74.83648681640625,67.20261591778029,763.531031788772,0.32026193787229457,0.18299216870872273,0.9152320661735112,14.033091113059571
Meningioma,0,1,84.9151611328125,50.904772889706045,460.78262163170024,0.22081633692239205,0.07778255451654634,0.9094096301767005,11.994831102944705
Meningioma,0,1,100.8603515625,75.51699677572488,1306.263903164735,0.23238182296710516,0.09911703987279857,0.8854382724036671,17.619269226822254
Meningioma,0,1,56.96881103515625,51.88692861159317,495.16136065091064,0.33775571561651363,0.11793775784218978,0.9078192325798099,11.201678411170573
Meningioma,0,1,62.5596923828125,56.306176170162466,438.4871186266438,0.3584150487654067,0.2286358553058896,0.9306243765998474,11.112406830283717
Meningioma,0,1,61.6424560546875,53.27006360964484,596.987023688945,0.440320114053558,0.22815338694072226,0.894342007281941,9.61488199148328
Meningioma,0,1,72.9559326171875,82.229692333304,1139.624003881131,0.4378312967642853,0.3689901707306863,0.9159485574835609,15.770952166908305
Meningioma,0,1,65.82550048828125,49.153551873052024,691.4853666387717,0.26290115944134107,0.08216015794137363,0.8585910645522974,13.229325017245065
Meningioma,0,1,58.723876953125,49.367137934265514,1105.0957814730061,0.23529210235055759,0.09353113096032975,0.7720436315888054,18.075213173866942
Meningioma,0,1,78.6552734375,63.464605597113,1207.137017610215,0.2090301157916047,0.05672472921540049,0.849900472159004,18.597964070931646
Meningioma,0,1,54.46148681640625,60.01228801690327,245.9848370947136,0.20311429711342407,0.051339273941552126,0.9660050980903798,9.134125158876618
Meningioma,0,1,87.31982421875,46.42306232250075,480.0840249415353,0.33010842581814637,0.10640078870222805,0.8886621480070089,10.115643551600428
Meningioma,0,1,104.2376708984375,76.88696573443852,1556.3900005186285,0.17405869598403054,0.03080379834773367,0.8674354820903593,22.890673074319846
Meningioma,0,1,105.26611328125,63.048008502286216,623.1217510482649,0.16916501989434324,0.028523986009742017,0.9208967165608362,14.0233415935597
Meningioma,0,1,66.8212890625,48.01529115262273,454.16779873410064,0.34482623522130673,0.13436068643380888,0.9011398806844657,10.64351938860251
Meningioma,0,1,55.1280517578125,48.68044501409943,749.7243227456563,0.2920234767833284,0.16791272010660002,0.8413763867155365,14.060688433879214
Meningioma,0,1,61.93255615234375,52.735907659757856,594.0426477299155,0.21682710704990468,0.06209804727506062,0.8933906493422487,13.65346108426771
Meningioma,0,1,104.0216064453125,60.3805357998256,552.6706219194399,0.3439062747164772,0.09332529467741701,0.923801379017543,10.937238921353991
Meningioma,0,1,116.8206787109375,57.09716821602759,637.1153884066282,0.22680868369525986,0.019486695651324493,0.9019653638079933,12.590542825618007
Meningioma,0,1,78.3560791015625,67.05398281231133,1015.4132380922294,0.3147675556981862,0.17970955385154946,0.8865968801897438,14.994136871088088
Meningioma,0,1,38.3192138671875,34.636791228526896,404.51471994354483,0.374388238997772,0.12878111775641365,0.8312763561970405,9.722283038316903
Meningioma,0,1,52.8653564453125,74.54498324745389,1054.5871724167234,0.5882009156496539,0.5301259159582622,0.9056994011615931,11.91558222960386
Meningioma,0,1,25.92242431640625,38.61845300098253,284.6021126300464,0.5992117473063276,0.32486461453877924,0.9052538667798615,6.750593239468499
Meningioma,0,1,64.9569091796875,52.200125705307975,227.82814546489567,0.32362486632379067,0.07013466116215586,0.9579483498813061,7.54228590097823
Meningioma,0,1,62.90057373046875,49.295517410614615,515.6759071878311,0.25149293057855504,0.055211994310812695,0.8942939206082762,12.641036961763117
Meningioma,0,1,72.98333740234375,56.458722158822,964.1838940632522,0.2432555507563642,0.102644890017696,0.848661725966705,15.601065530258337
Meningioma,0,1,116.3651123046875,61.346121910628675,783.3806084683209,0.1993750497265749,0.02330206376859074,0.8944037188505678,14.124629573479089
Meningioma,0,1,61.04583740234375,65.50263264782437,692.6439321981555,0.36117177886252605,0.20348062479161988,0.9194099199332662,12.665997945279344
Meningioma,0,1,75.051513671875,65.71786051060708,1112.1329111918099,0.3284453881528413,0.1661866892269046,0.8711810802128114,16.087238170573002
Meningioma,0,1,57.99298095703125,69.02576184223543,908.0186582836043,0.4190079265517111,0.3222941218187694,0.9050606195005184,13.223032246848268
Meningioma,0,1,23.07342529296875,48.25609216959304,342.4606277416288,0.7091089916494435,0.6725053937447147,0.9271922183941108,7.012866721047033
Meningioma,0,1,83.4544677734375,65.43750001537083,742.8126365941588,0.2554847550774401,0.10679675626206202,0.9124791176772066,14.57954155752311
Meningioma,0,1,80.87335205078125,50.215265492871936,595.6798868207848,0.2719908864333212,0.05429890149256617,0.8809042178281239,11.091176510479187
Meningioma,0,1,87.66497802734375,76.28053150281569,530.6787597989729,0.372595797894449,0.119887561724528,0.9543363981767292,9.046098182040705
Meningioma,0,1,73.08038330078125,80.7997157385303,1307.7215792403267,0.4160303925676026,0.25222810604096185,0.900070796499408,15.455415856147365
Meningioma,0,1,87.63128662109375,76.45565871258114,1105.3088846179185,0.36246377607144126,0.27933315669814124,0.9050515379045445,15.384221065318943
Meningioma,0,1,73.25152587890625,68.73165791448397,1230.6947951866703,0.3557583843111424,0.2716041605831663,0.8695008105173132,16.443341816373632
Meningioma,0,1,45.31134033203125,60.677766206630885,353.3779252676295,0.4926943536313179,0.25763802859623935,0.952276801860666,7.71884844941672
Meningioma,0,1,44.2354736328125,46.60686431408669,586.3967189341422,0.4472265408549586,0.17549494507598493,0.8652748339249213,10.179471952695044
Meningioma,0,1,75.3226318359375,69.99433944403113,1178.6523856487906,0.3633368368754402,0.09551554477154714,0.8799285755879832,16.299147207672917
Meningioma,0,1,59.0997314453125,65.52870773953822,705.0380341699815,0.4000535124646819,0.3375345885565085,0.9180906288322366,14.083380721452027
Meningioma,0,1,50.34918212890625,63.030511802080895,483.9101694493337,0.5113007423340892,0.3971344902464447,0.93958316859881,9.77717143325059
Meningioma,0,1,57.99359130859375,60.541549325802016,617.4904849185557,0.47123832348761685,0.2762295787935015,0.9158624142111669,9.905466037495676
Healthy,1,3,56.6136474609375,79.2038572310102,651.9669936528302,0.6024325079429096,0.5271580809511622,0.9483092727677312,8.022278388307702
Healthy,1,3,56.99188232421875,47.39489548659614,406.1311182740121,0.31952702069080763,0.10759224644421311,0.9098495509815798,10.153461084267136
Healthy,1,3,29.1910400390625,38.27428033227372,159.38542752477414,0.5794587192265233,0.49800987581538436,0.9458824671091328,5.528371232524109
Healthy,1,3,50.45611572265625,56.16971073673361,1167.698621272496,0.4323234793742893,0.1493804224015247,0.8165250775278813,14.25834676669628
Healthy,1,3,29.90472412109375,51.66550924791841,1140.826530313432,0.46636950476636696,0.36963515256513196,0.7887153317364524,14.08669857574337
Healthy,1,3,44.76336669921875,52.39120375363769,621.8503025171037,0.46979947345496464,0.1947190243620322,0.8875742874048443,10.257064018035564
Healthy,1,3,29.315185546875,32.301622230099234,351.4631823404676,0.46147119746956267,0.22316687169943492,0.8320799885055667,8.599938871753597
Healthy,1,3,54.7567138671875,32.96396242403996,65.680258094896,0.4682966168173717,0.1265743084487877,0.9699524034365667,3.523332390414999
Healthy,1,3,76.572998046875,81.09692562662188,380.9495402546065,0.2340308661639769,0.0764532123415555,0.9712100462621441,10.827856776808568
Healthy,1,3,95.32354736328125,81.90038291661932,965.2249267624461,0.3079230532570729,0.18890562026003174,0.9275804510284131,14.30547800158229
Healthy,1,3,89.40179443359375,75.80829494342441,870.1523927931305,0.29293816397742073,0.16451471822625213,0.9237892080536314,12.525208257448567
Healthy,1,3,67.8551025390625,82.77181120593985,806.2875110439118,0.5282838092107474,0.4480587377201075,0.9413970804771429,10.383758244080507
Healthy,1,3,63.1910400390625,82.85849181473706,727.5255682700073,0.5737966362286262,0.4896604962247761,0.9472930284116599,9.18581945757774
Healthy,1,3,78.22509765625,53.86197561343857,751.5729822593694,0.12799507037536736,0.021207127441475463,0.8704017640438108,15.4337474182784
Healthy,1,3,84.990966796875,59.70946435235365,558.1568988216906,0.2559311711687375,0.151958517580072,0.9211987567336046,13.937570476705343
Healthy,1,3,54.253173828125,46.17380087655501,522.5593207983884,0.4084390558762323,0.2199959111219027,0.8777083247197236,10.13204645940646
Healthy,1,3,44.0169677734375,57.03118219332387,532.3683535141274,0.5842921035066959,0.5034747144151679,0.9185659569222318,8.693552156636601
Healthy,1,3,64.18414306640625,41.725290217954154,248.2737537975175,0.26167519571982434,0.09331068871550555,0.9282537889116026,8.570293851525438
Healthy,1,3,33.5531005859375,35.32968142103957,170.2610447408533,0.4427827360907948,0.2615956506479488,0.9319181312140885,5.866964929242737
Healthy,1,3,54.9774169921875,44.36004344961249,1082.6973685550104,0.3632905127878736,0.1641031594005674,0.7253726461889418,12.951364656636796
Healthy,1,3,34.41851806640625,39.88590082130916,166.8226345984106,0.5312599012998769,0.4550072898442796,0.947734309501851,6.493268142786833
Healthy,1,3,37.62939453125,45.655777881121274,471.556988528117,0.5199093479465893,0.45914221759139906,0.8873408469969668,9.791660692697882
Healthy,1,3,44.279052734375,42.37470196799177,432.7383163673042,0.36079585413952775,0.12421146315756815,0.8797514576276932,9.384866011920407
Healthy,1,3,37.01605224609375,44.02881079831338,457.69225160723,0.4764442140345063,0.38508122278703244,0.8828690765188748,9.9105426609304
Healthy,1,3,66.312255859375,39.957532463543856,254.7908850856876,0.25564194478985175,0.08932880411903983,0.9194015244499225,8.765565058474138
Healthy,1,3,99.7357177734375,61.566625049159434,926.6765162907463,0.23272310074296193,0.05505162427525731,0.8781520344199588,14.932957764356155
Healthy,1,3,32.3634033203125,37.85607017843916,266.5868580565551,0.42649460046765036,0.2767414943986211,0.9078599136299588,8.25119495551559
Healthy,1,3,52.73138427734375,43.99563772751309,543.3100325888714,0.22160497505926702,0.09069492929927021,0.8588627794320883,12.454962480238716
Healthy,1,3,32.31597900390625,40.96039374810207,443.29624591677043,0.4358785098527261,0.32629172599655654,0.8686161257460079,9.79954088423912
Healthy,1,3,17.3743896484375,33.45285633603774,196.2164905072211,0.6838057233291506,0.3902449560331968,0.9131603476397692,4.336487145630939
Healthy,1,3,68.2625732421875,66.94669164409368,648.5982149778044,0.34090232815720667,0.24978112219176304,0.9275968180444125,13.919216018121926
Healthy,1,3,56.99188232421875,47.39489548659614,406.1311182740121,0.31952702069080763,0.10759224644421311,0.9098495509815798,10.153461084267136
Healthy,1,3,50.37945556640625,59.57247584429589,460.39092277021996,0.37300663004072154,0.19046168879936834,0.9355188055028263,10.409084931452904
Healthy,1,3,43.05328369140625,45.78662410019722,480.4818572137711,0.47933185387798893,0.3624939773064547,0.885634634732029,9.445638485027956
Healthy,1,3,91.11724853515625,75.44805526525086,869.3629436400145,0.2770594313761031,0.14266860293849826,0.9230689861024622,12.595005018135843
Healthy,1,3,42.220458984375,38.274933871598925,582.689491269682,0.5887976016943848,0.47413502386112844,0.8024520024959685,8.043697251457893
Healthy,1,3,73.71600341796875,78.80879407266355,1141.5193537263667,0.4198062730243393,0.3401141303148888,0.9082343163277597,15.197417597962076
Healthy,1,3,32.2467041015625,38.000289772953835,258.14157062301115,0.42869888564512226,0.27449091680311516,0.9112993879066988,8.041401672647773
Healthy,1,3,23.7916259765625,24.00453729475131,218.17059806386365,0.3879550066778462,0.25805288519163666,0.810708847553936,7.740425461319944
Healthy,1,3,105.45062255859375,72.3378971603351,1747.692573717432,0.12813637935498853,0.02559753223435471,0.8347729421930334,24.002332149198875
Healthy,1,3,56.03497314453125,70.14039133832948,855.9929491813473,0.523190982950131,0.45623166834631435,0.9133957966270413,10.259235838785461
Healthy,1,3,40.501953125,54.59286674741424,611.4394303594486,0.5661072552967059,0.506589302368448,0.8980383403807224,9.731612724945764
Healthy,1,3,79.75274658203125,76.2414551502205,831.3515293203151,0.34407254204196536,0.24654353533698314,0.9284149981380152,12.935826723216886
Healthy,1,3,82.33447265625,78.07815982160542,868.3389445061016,0.375309698365865,0.27744961638577537,0.9286230386840767,12.413335451671967
Healthy,1,3,63.1910400390625,82.85849181473706,727.5255682700073,0.5737966362286262,0.4896604962247761,0.9472930284116599,9.18581945757774
Healthy,1,3,53.4931640625,41.3864009281501,446.4692837823719,0.46127696860050427,0.21173411961833444,0.8701938749364468,8.365498723185796
Healthy,1,3,32.14117431640625,37.94739502325118,253.02697114381223,0.42821375778732834,0.27480353954781384,0.9128045623929323,8.00364359713166
Healthy,1,3,40.5478515625,54.68710517958762,615.4263453059375,0.5673373887316608,0.5121352515376818,0.8977269964701128,9.7612128193022
Healthy,1,3,67.8551025390625,82.77181120593985,806.2875110439118,0.5282838092107474,0.4480587377201075,0.9413970804771429,10.383758244080507
Healthy,1,3,36.91558837890625,41.469308012100264,483.66391428102395,0.3670667571714404,0.27899380293519643,0.859727375153326,11.771733707531459
Healthy,1,3,53.4931640625,41.3864009281501,446.4692837823719,0.46127696860050427,0.21173411961833444,0.8701938749364468,8.365498723185796
Healthy,1,3,85.03656005859375,79.70289032620083,988.0151378389703,0.3830536244342981,0.2833062867437299,0.922081002188579,13.616199009743056
Healthy,1,3,56.03497314453125,70.14039133832948,855.9929491813473,0.523190982950131,0.45623166834631435,0.9133957966270413,10.259235838785461
Healthy,1,3,67.8551025390625,82.77181120593985,806.2875110439118,0.5282838092107474,0.4480587377201075,0.9413970804771429,10.383758244080507
Healthy,1,3,53.4931640625,41.3864009281501,446.4692837823719,0.46127696860050427,0.21173411961833444,0.8701938749364468,8.365498723185796
Healthy,1,3,63.1910400390625,82.85849181473706,727.5255682700073,0.5737966362286262,0.4896604962247761,0.9472930284116599,9.18581945757774
Healthy,1,3,61.43316650390625,81.10892305115495,847.3271514044077,0.5710838277355279,0.4859467946276165,0.9359585785349059,9.812640711219945
Healthy,1,3,92.12890625,75.23427592396773,879.4336203907446,0.27076078591228686,0.1336275918961083,0.9218750549542784,12.696044392089624
Healthy,1,3,79.57049560546875,88.8329218202329,761.1558985853426,0.501482279751289,0.4046473126785604,0.9518872236396708,10.00524966675034
Healthy,1,3,80.10400390625,76.2370645635416,831.7628242171222,0.3439874454452779,0.24648635472148822,0.9283535359195003,12.979413900235025
Healthy,1,3,31.97235107421875,37.942300840307965,254.7701781341326,0.4367871892578271,0.28843223469087675,0.912194045663276,7.962737198912603
Healthy,1,3,63.1910400390625,82.85849181473706,727.5255682700073,0.5737966362286262,0.4896604962247761,0.9472930284116599,9.18581945757774
Healthy,1,3,54.9774169921875,44.36004344961249,1082.6973685550104,0.3632905127878736,0.1641031594005674,0.7253726461889418,12.951364656636796
Healthy,1,3,93.2332763671875,74.72252154264602,819.8695688134158,0.2640515307315518,0.12656166657444354,0.9258835197508155,12.424522720139958
Healthy,1,3,32.67669677734375,38.06746624424443,258.4207684431269,0.41823426352590515,0.2626375918854,0.911509183218786,8.106518634913
Healthy,1,3,68.2625732421875,66.94669164409368,648.5982149778044,0.34090232815720667,0.24978112219176304,0.9275968180444125,13.919216018121926
Healthy,1,3,77.5299072265625,81.21121796242568,386.7466975247004,0.23081431623931312,0.07530821844091358,0.9708511506173427,10.968105053398896
Healthy,1,3,56.99188232421875,47.39489548659614,406.1311182740121,0.31952702069080763,0.10759224644421311,0.9098495509815798,10.153461084267136
Healthy,1,3,67.8551025390625,82.77181120593985,806.2875110439118,0.5282838092107474,0.4480587377201075,0.9413970804771429,10.383758244080507
Healthy,1,3,17.3743896484375,33.45285633603774,196.2164905072211,0.6838057233291506,0.3902449560331968,0.9131603476397692,4.336487145630939
Healthy,1,3,33.5531005859375,35.32968142103957,170.2610447408533,0.4427827360907948,0.2615956506479488,0.9319181312140885,5.866964929242737
Healthy,1,3,32.3310546875,40.96975884843077,443.87758402475777,0.4332652692698691,0.3223335920214432,0.8684621301515383,9.811036336917475
Healthy,1,3,37.62939453125,45.655777881121274,471.556988528117,0.5199093479465893,0.45914221759139906,0.8873408469969668,9.791660692697882
Healthy,1,3,54.9774169921875,44.36004344961249,1082.6973685550104,0.3632905127878736,0.1641031594005674,0.7253726461889418,12.951364656636796
Healthy,1,3,64.495849609375,41.5617082556266,246.53686839796543,0.2626726808531691,0.09288019386282498,0.92816997390668,8.548700491932468
Healthy,1,3,44.279052734375,42.37470196799177,432.7383163673042,0.36079585413952775,0.12421146315756815,0.8797514576276932,9.384866011920407
Healthy,1,3,36.72747802734375,44.01873532271387,460.0249856867615,0.47503642639736476,0.38591419533461735,0.8822193792982624,9.938110192627795
Healthy,1,3,40.5478515625,54.68710517958762,615.4263453059375,0.5673373887316608,0.5121352515376818,0.8977269964701128,9.7612128193022
Healthy,1,3,77.51824951171875,81.20217137309398,383.1813501205676,0.23232392452542042,0.07577071743108602,0.9711114013403178,10.888640996033255
Healthy,1,3,66.00048828125,40.122616322741145,253.73888357152828,0.2589387681898274,0.09029227553023281,0.9204151811882123,8.730452523405297
Healthy,1,3,43.54730224609375,41.66460037738139,856.5576562404256,0.2663153079325665,0.09214743217421932,0.7534385340741026,14.972921445844843
Healthy,1,3,42.220458984375,38.274933871598925,582.689491269682,0.5887976016943848,0.47413502386112844,0.8024520024959685,8.043697251457893
Healthy,1,3,39.4501953125,54.20559737768073,599.0078642072507,0.5745927734049036,0.514570776084781,0.8987050822376346,9.542519370196507
Healthy,1,3,41.045166015625,55.13783364704171,679.4991734125615,0.5335915413702454,0.4746785170214233,0.8888625048018312,12.072320722768962
Healthy,1,3,56.99188232421875,47.39489548659614,406.1311182740121,0.31952702069080763,0.10759224644421311,0.9098495509815798,10.153461084267136
Healthy,1,3,70.40557861328125,68.48844419259385,1202.7911586372397,0.25195523787785645,0.0964939136563266,0.8718763184883112,16.92454197408715
Healthy,1,3,77.10052490234375,79.43853012288088,1075.2792960274546,0.40934929797628866,0.28851435245150175,0.9148783974315235,13.540288455578226
Healthy,1,3,67.8551025390625,82.77181120593985,806.2875110439118,0.5282838092107474,0.4480587377201075,0.9413970804771429,10.383758244080507
Healthy,1,3,54.7567138671875,32.96396242403996,65.680258094896,0.4682966168173717,0.1265743084487877,0.9699524034365667,3.523332390414999
Healthy,1,3,61.28558349609375,52.39743909027523,832.032739213985,0.35077755190486337,0.2446506174287518,0.8479593026249506,13.252271481106511
Healthy,1,3,108.77703857421875,84.74726850559637,1144.5151894250484,0.24349237966097131,0.07461939966836433,0.919686196212589,15.646839906962576
Healthy,1,3,43.68902587890625,47.40540577567253,390.05683413324397,0.4781489275189848,0.23567228974814056,0.9135193053068394,7.547673857067224
Healthy,1,3,75.11297607421875,82.21175448658254,1207.568791559586,0.32525076147832366,0.19947355970385608,0.9108538871582164,15.651768069162776
Healthy,1,3,41.045166015625,55.13783364704171,679.4991734125615,0.5335915413702454,0.4746785170214233,0.8888625048018312,12.072320722768962
Healthy,1,3,94.9940185546875,74.37727043779572,1802.058669070703,0.2374669319605849,0.09462747326987764,0.8357684678926809,19.701360418348287
Healthy,1,3,29.0601806640625,41.10932501145024,671.8563476502777,0.5995946490877035,0.5265722841903401,0.8024551175536274,8.587605690837286
Healthy,1,3,33.48443603515625,57.34327317537885,714.1068819169546,0.6398872949671655,0.5629316627343778,0.8923478309924087,7.43030871218053
Healthy,1,3,45.5291748046875,36.041004187108136,121.50263573184405,0.16460174407651293,0.040782542783536664,0.953368331740854,7.236727371892675
Healthy,1,3,43.61810302734375,54.62607681750363,549.6192269651476,0.41095294839775415,0.21689095755706556,0.9083204051856244,11.983023833237807
Healthy,1,3,42.92559814453125,45.719325590283034,474.0916864373359,0.479443391695506,0.35585986650522394,0.8868240737727118,9.396056186644616
Healthy,1,3,43.711669921875,57.19408791070912,456.28335606680355,0.4861976240106749,0.3913057473206051,0.9306221547948187,10.251803816109376
Healthy,1,3,52.808349609375,46.20396662459321,869.7910391173616,0.453635994529707,0.31140031025125936,0.797766412858358,11.899313130659051
Healthy,1,3,37.70159912109375,32.84067253929853,396.4428932842518,0.44118259421364564,0.24890746992100618,0.8159109731824168,8.704884253518985
Healthy,1,3,40.77789306640625,40.456858135181555,629.007749167937,0.36900140912657997,0.1656673439330832,0.8080683303207715,12.403572732928279
Healthy,1,3,56.29461669921875,58.1683730590807,763.7926468823455,0.41180290629751437,0.178459723204332,0.8879142248716453,12.231690830571683
Pituitary,0,2,54.29278564453125,41.84743036820571,627.2570631704551,0.20698143755059864,0.034735402079777794,0.820053229125009,13.183300702540475
Pituitary,0,2,88.484375,49.33869808685927,663.9398181024111,0.2552634499827949,0.13133232119161464,0.8627315933380328,13.805751552911637
Pituitary,0,2,72.36004638671875,58.028340268477905,1403.8055042792726,0.1782419751354851,0.10026668873760496,0.7909163758765004,21.936752244602893
Pituitary,0,2,70.453369140625,40.838805151804046,828.5632358882633,0.1467146267631555,0.020745546931122977,0.7395473838502993,14.245651393647723
Pituitary,0,2,59.2432861328125,39.64822757139206,762.6401119248533,0.11908113859999148,0.0189703188705748,0.7546150889684187,16.29867675751176
Pituitary,0,2,66.1005859375,37.29646770892556,672.5136578281524,0.14605301354453717,0.02345694196903345,0.7532923400702025,13.635638954872803
Pituitary,0,2,48.09356689453125,50.430693591067055,683.1109608470517,0.3297820157616035,0.21263304689082255,0.8659120791824454,13.384184979309802
Pituitary,0,2,54.29278564453125,41.84743036820571,627.2570631704551,0.20698143755059864,0.034735402079777794,0.820053229125009,13.183300702540475
Pituitary,0,2,48.09356689453125,50.430693591067055,683.1109608470517,0.3297820157616035,0.21263304689082255,0.8659120791824454,13.384184979309802
Pituitary,0,2,48.09356689453125,50.430693591067055,683.1109608470517,0.3297820157616035,0.21263304689082255,0.8659120791824454,13.384184979309802
Pituitary,0,2,56.566650390625,74.79753156771865,1511.8384889507115,0.4600713544884178,0.38028948890390624,0.8656348241498,16.883296391595934
Pituitary,0,2,56.566650390625,74.79753156771865,1511.8384889507115,0.4600713544884178,0.38028948890390624,0.8656348241498,16.883296391595934
Pituitary,0,2,101.77978515625,59.36720007610025,934.8615287779328,0.10791682628758253,0.019173000562783024,0.8653617366815887,18.037335699675005
Pituitary,0,2,101.77978515625,59.36720007610025,934.8615287779328,0.10791682628758253,0.019173000562783024,0.8653617366815887,18.037335699675005
Pituitary,0,2,54.29278564453125,41.84743036820571,627.2570631704551,0.20698143755059864,0.034735402079777794,0.820053229125009,13.183300702540475
Pituitary,0,2,48.89947509765625,50.5434162719084,665.2973064580208,0.31021011413229554,0.15496363239576277,0.8699601089978612,13.3707981595674
Pituitary,0,2,51.04083251953125,35.28628701021216,597.5603973239835,0.24567714882625022,0.09946058437411963,0.7593227156684504,13.16278108337609
Pituitary,0,2,40.33843994140625,32.66383392660707,371.00304321314917,0.15686914082358064,0.029439892350510085,0.8249314448698756,10.5326330144856
Pituitary,0,2,71.42230224609375,61.00564153417729,809.0970205066816,0.16266818005891148,0.066012474078466,0.8908008337978581,17.787799974040322
Pituitary,0,2,71.42230224609375,61.00564153417729,809.0970205066816,0.16266818005891148,0.066012474078466,0.8908008337978581,17.787799974040322
Pituitary,0,2,71.42230224609375,61.00564153417729,809.0970205066816,0.16266818005891148,0.066012474078466,0.8908008337978581,17.787799974040322
Pituitary,0,2,78.24090576171875,42.9703253581658,566.5764606842699,0.14067163449418188,0.023550626128187962,0.8463045219965928,14.596344559878833
Pituitary,0,2,66.8577880859375,47.053386250167335,760.2726095804691,0.11209704590145536,0.02591761892027686,0.82710251364625,16.762531411783677
Pituitary,0,2,66.8577880859375,47.053386250167335,760.2726095804691,0.11209704590145536,0.02591761892027686,0.82710251364625,16.762531411783677
Pituitary,0,2,66.8577880859375,47.053386250167335,760.2726095804691,0.11209704590145536,0.02591761892027686,0.82710251364625,16.762531411783677
Pituitary,0,2,77.07745361328125,53.01561619934624,1197.904157859269,0.07590150613583971,0.013961916703201285,0.7853893752626707,21.827070876800924
Pituitary,0,2,77.07745361328125,53.01561619934624,1197.904157859269,0.07590150613583971,0.013961916703201285,0.7853893752626707,21.827070876800924
Pituitary,0,2,77.07745361328125,53.01561619934624,1197.904157859269,0.07590150613583971,0.013961916703201285,0.7853893752626707,21.827070876800924
Pituitary,0,2,72.84954833984375,52.79165531261179,798.3489954285491,0.25921463180029647,0.14069039096923783,0.8550579809864054,15.359276550586124
Pituitary,0,2,72.84954833984375,52.79165531261179,798.3489954285491,0.25921463180029647,0.14069039096923783,0.8550579809864054,15.359276550586124
Pituitary,0,2,72.84954833984375,52.79165531261179,798.3489954285491,0.25921463180029647,0.14069039096923783,0.8550579809864054,15.359276550586124
Pituitary,0,2,62.2744140625,48.074757048597526,807.0852703933435,0.17434740569993076,0.09020766370971794,0.8265475144560577,17.022909166915017
Pituitary,0,2,78.24090576171875,42.9703253581658,566.5764606842699,0.14067163449418188,0.023550626128187962,0.8463045219965928,14.596344559878833
Pituitary,0,2,78.24090576171875,42.9703253581658,566.5764606842699,0.14067163449418188,0.023550626128187962,0.8463045219965928,14.596344559878833
Pituitary,0,2,76.8397216796875,53.081876517046524,1201.7300481907378,0.07773212976391286,0.014079006217136677,0.7852580070905177,21.75192914839231
Pituitary,0,2,76.8397216796875,53.081876517046524,1201.7300481907378,0.07773212976391286,0.014079006217136677,0.7852580070905177,21.75192914839231
Pituitary,0,2,76.8397216796875,53.081876517046524,1201.7300481907378,0.07773212976391286,0.014079006217136677,0.7852580070905177,21.75192914839231
Pituitary,0,2,84.8048095703125,42.829692445697454,612.7036403761238,0.14874180181477809,0.023159949863313503,0.8287567410897596,14.878737687164854
Pituitary,0,2,84.8048095703125,42.829692445697454,612.7036403761238,0.14874180181477809,0.023159949863313503,0.8287567410897596,14.878737687164854
Pituitary,0,2,62.2744140625,48.074757048597526,807.0852703933435,0.17434740569993076,0.09020766370971794,0.8265475144560577,17.022909166915017
Pituitary,0,2,66.916015625,47.05502049155535,752.8354341123693,0.11190864370409526,0.025933128181173687,0.8287870715946847,16.78339372694578
Pituitary,0,2,66.916015625,47.05502049155535,752.8354341123693,0.11190864370409526,0.025933128181173687,0.8287870715946847,16.78339372694578
Pituitary,0,2,69.90399169921875,47.438584614617376,915.0973474604336,0.15737252100876337,0.02988148092211534,0.7884750645546362,15.27626310721551
Pituitary,0,2,69.90399169921875,47.438584614617376,915.0973474604336,0.15737252100876337,0.02988148092211534,0.7884750645546362,15.27626310721551
Pituitary,0,2,64.86749267578125,46.17943791605331,574.9296215038705,0.2230882596166316,0.032571827597180816,0.8652760249541301,12.380658601162796
Pituitary,0,2,64.86749267578125,46.17943791605331,574.9296215038705,0.2230882596166316,0.032571827597180816,0.8652760249541301,12.380658601162796
Pituitary,0,2,61.7039794921875,47.47755451164086,1102.4125734073368,0.1415340748537346,0.028987928475359765,0.7534181173353566,18.319088118647553
Pituitary,0,2,61.7039794921875,47.47755451164086,1102.4125734073368,0.1415340748537346,0.028987928475359765,0.7534181173353566,18.319088118647553
Pituitary,0,2,66.6048583984375,46.981349314671824,742.3688904449068,0.11094717680009471,0.02143268824606338,0.8306580998834563,16.586628099039515
Pituitary,0,2,40.41546630859375,31.398571551286647,194.60734994518256,0.24944844463470478,0.05466628960775231,0.9008908855333675,7.44026275943215
Pituitary,0,2,66.6048583984375,46.981349314671824,742.3688904449068,0.11094717680009471,0.02143268824606338,0.8306580998834563,16.586628099039515
Pituitary,0,2,27.0120849609375,36.17624636718608,380.40514731815824,0.5009158629330576,0.27001905976077156,0.8554675527732252,7.876688050251969
Pituitary,0,2,28.65252685546875,39.18221564265778,413.7737915788912,0.5688123070588545,0.2866952981340996,0.866024385907027,7.565512091962556
Pituitary,0,2,28.65252685546875,39.18221564265778,413.7737915788912,0.5688123070588545,0.2866952981340996,0.866024385907027,7.565512091962556
Pituitary,0,2,28.65252685546875,39.18221564265778,413.7737915788912,0.5688123070588545,0.2866952981340996,0.866024385907027,7.565512091962556
Pituitary,0,2,38.694580078125,44.765960185475436,432.6874891016172,0.4098099386834611,0.1773744902473878,0.8924796331298466,9.652404054809626
Pituitary,0,2,40.41546630859375,31.398571551286647,194.60734994518256,0.24944844463470478,0.05466628960775231,0.9008908855333675,7.44026275943215
Pituitary,0,2,36.1470947265625,41.22054427549423,364.8795820756287,0.4143853404454423,0.17643180442707548,0.8930345288795893,8.88920783701067
Pituitary,0,2,36.1470947265625,41.22054427549423,364.8795820756287,0.4143853404454423,0.17643180442707548,0.8930345288795893,8.88920783701067
Pituitary,0,2,43.459716796875,47.93641355432263,560.2576759060829,0.3727909748940184,0.163687103942378,0.8784917819967835,11.056598605386561
Pituitary,0,2,43.459716796875,47.93641355432263,560.2576759060829,0.3727909748940184,0.163687103942378,0.8784917819967835,11.056598605386561
Pituitary,0,2,41.1011962890625,39.2645323979322,659.6973919261043,0.21834345490042667,0.06313016162116643,0.7853281973324504,12.504115984795753
Pituitary,0,2,41.1011962890625,39.2645323979322,659.6973919261043,0.21834345490042667,0.06313016162116643,0.7853281973324504,12.504115984795753
Pituitary,0,2,67.134033203125,39.26335988719903,700.403224345591,0.1331498812890035,0.025391740730887673,0.7714258413515702,15.180499071937383
Pituitary,0,2,67.134033203125,39.26335988719903,700.403224345591,0.1331498812890035,0.025391740730887673,0.7714258413515702,15.180499071937383
Pituitary,0,2,67.134033203125,39.26335988719903,700.403224345591,0.1331498812890035,0.025391740730887673,0.7714258413515702,15.180499071937383
Pituitary,0,2,63.41949462890625,38.25037004950786,362.86924064867475,0.18133542979787554,0.03171601650081641,0.8745520378304494,11.011162080918918
Pituitary,0,2,63.41949462890625,38.25037004950786,362.86924064867475,0.18133542979787554,0.03171601650081641,0.8745520378304494,11.011162080918918
Pituitary,0,2,67.03289794921875,50.057210475184974,730.8464114038837,0.16589873373923417,0.05512377026270924,0.8531731123837962,15.811399013425529
Pituitary,0,2,67.03289794921875,50.057210475184974,730.8464114038837,0.16589873373923417,0.05512377026270924,0.8531731123837962,15.811399013425529
Pituitary,0,2,63.41949462890625,38.25037004950786,362.86924064867475,0.18133542979787554,0.03171601650081641,0.8745520378304494,11.011162080918918
Pituitary,0,2,63.41949462890625,38.25037004950786,362.86924064867475,0.18133542979787554,0.03171601650081641,0.8745520378304494,11.011162080918918
Pituitary,0,2,93.77862548828125,50.5525704834652,1082.7504442940144,0.16017891187215022,0.03896563874120041,0.7857305109441477,18.748831564071978
Pituitary,0,2,43.459716796875,47.93641355432263,560.2576759060829,0.3727909748940184,0.163687103942378,0.8784917819967835,11.056598605386561
